ID_Lancamento;Data;AnoMes;ID_Conta;ID_CentroCusto;Valor_Realizado;Historico_Contabil
DOC-100002;2024-01-01;202401;1.01.001;CC4001;7493341.64;Lancamento Contabil - 1.01.001 - Ref 01/2024
DOC-100003;2024-01-05;202401;1.01.001;CC4001;5195377.12;Lancamento Contabil - 1.01.001 - Ref 01/2024
DOC-100004;2024-01-08;202401;1.01.001;CC4001;965301.89;Lancamento Contabil - 1.01.001 - Ref 01/2024
DOC-100005;2024-01-09;202401;1.01.001;CC4001;965139.25;Lancamento Contabil - 1.01.001 - Ref 01/2024
DOC-100006;2024-01-24;202401;1.01.001;CC4001;340530.7;Lancamento Contabil - 1.01.001 - Ref 01/2024
DOC-100007;2024-01-03;202401;1.01.002;CC4001;423584.04;Lancamento Contabil - 1.01.002 - Ref 01/2024
DOC-100008;2024-01-18;202401;1.01.002;CC4001;193567.3;Lancamento Contabil - 1.01.002 - Ref 01/2024
DOC-100009;2024-01-22;202401;1.01.002;CC4001;259312.78;Lancamento Contabil - 1.01.002 - Ref 01/2024
DOC-100010;2024-01-24;202401;1.01.002;CC4001;4380.53;Lancamento Contabil - 1.01.002 - Ref 01/2024
DOC-100011;2024-01-29;202401;1.01.002;CC4001;737881.98;Lancamento Contabil - 1.01.002 - Ref 01/2024
DOC-100012;2024-01-01;202401;1.02.001;CC1004;19589.94;Lancamento Contabil - 1.02.001 - Ref 01/2024
DOC-100013;2024-01-02;202401;1.02.001;CC1004;19778.58;Lancamento Contabil - 1.02.001 - Ref 01/2024
DOC-100014;2024-01-03;202401;1.02.001;CC1004;35411.39;Lancamento Contabil - 1.02.001 - Ref 01/2024
DOC-100015;2024-01-07;202401;1.02.001;CC1004;72620.95;Lancamento Contabil - 1.02.001 - Ref 01/2024
DOC-100016;2024-01-08;202401;1.02.001;CC1004;55206.75;Lancamento Contabil - 1.02.001 - Ref 01/2024
DOC-100017;2024-01-17;202401;1.02.001;CC1004;33602.45;Lancamento Contabil - 1.02.001 - Ref 01/2024
DOC-100018;2024-01-18;202401;1.02.001;CC1004;92383.09;Lancamento Contabil - 1.02.001 - Ref 01/2024
DOC-100019;2024-01-20;202401;1.02.001;CC1004;14665.64;Lancamento Contabil - 1.02.001 - Ref 01/2024
DOC-100020;2024-01-28;202401;1.02.001;CC1004;33728.63;Lancamento Contabil - 1.02.001 - Ref 01/2024
DOC-100021;2024-01-30;202401;1.02.001;CC1004;44540.99;Lancamento Contabil - 1.02.001 - Ref 01/2024
DOC-100022;2024-01-01;202401;2.01.001;CC3001;135720.63;Lancamento Contabil - 2.01.001 - Ref 01/2024
DOC-100023;2024-01-06;202401;2.01.001;CC3001;342778.37;Lancamento Contabil - 2.01.001 - Ref 01/2024
DOC-100024;2024-01-08;202401;2.01.001;CC3001;49643.83;Lancamento Contabil - 2.01.001 - Ref 01/2024
DOC-100025;2024-01-09;202401;2.01.001;CC3001;160927.36;Lancamento Contabil - 2.01.001 - Ref 01/2024
DOC-100026;2024-01-11;202401;2.01.001;CC3001;200037.71;Lancamento Contabil - 2.01.001 - Ref 01/2024
DOC-100027;2024-01-14;202401;2.01.001;CC3001;10601.13;Lancamento Contabil - 2.01.001 - Ref 01/2024
DOC-100028;2024-01-15;202401;2.01.001;CC3001;208468.96;Lancamento Contabil - 2.01.001 - Ref 01/2024
DOC-100029;2024-01-19;202401;2.01.001;CC3001;41670.31;Lancamento Contabil - 2.01.001 - Ref 01/2024
DOC-100030;2024-01-23;202401;2.01.001;CC3001;14991.92;Lancamento Contabil - 2.01.001 - Ref 01/2024
DOC-100031;2024-01-26;202401;2.01.001;CC3001;662781.7;Lancamento Contabil - 2.01.001 - Ref 01/2024
DOC-100032;2024-01-27;202401;2.01.001;CC3001;751253.08;Lancamento Contabil - 2.01.001 - Ref 01/2024
DOC-100033;2024-01-31;202401;2.01.001;CC3001;368275.09;Lancamento Contabil - 2.01.001 - Ref 01/2024
DOC-100034;2024-01-03;202401;2.02.001;CC4001;34151.11;Lancamento Contabil - 2.02.001 - Ref 01/2024
DOC-100035;2024-01-04;202401;2.02.001;CC4001;17185.63;Lancamento Contabil - 2.02.001 - Ref 01/2024
DOC-100036;2024-01-07;202401;2.02.001;CC4001;3855.86;Lancamento Contabil - 2.02.001 - Ref 01/2024
DOC-100037;2024-01-11;202401;2.02.001;CC4001;20250.6;Lancamento Contabil - 2.02.001 - Ref 01/2024
DOC-100038;2024-01-13;202401;2.02.001;CC4001;1036.72;Lancamento Contabil - 2.02.001 - Ref 01/2024
DOC-100039;2024-01-25;202401;2.02.001;CC4001;71114.34;Lancamento Contabil - 2.02.001 - Ref 01/2024
DOC-100040;2024-01-09;202401;3.01.001;CC1001;530109.34;Lancamento Contabil - 3.01.001 - Ref 01/2024
DOC-100041;2024-01-12;202401;3.01.001;CC1001;1922923.34;Lancamento Contabil - 3.01.001 - Ref 01/2024
DOC-100042;2024-01-20;202401;3.01.001;CC1001;661263.62;Lancamento Contabil - 3.01.001 - Ref 01/2024
DOC-100043;2024-01-26;202401;3.01.001;CC1001;1299545.63;Lancamento Contabil - 3.01.001 - Ref 01/2024
DOC-100044;2024-01-28;202401;3.01.001;CC1001;1400648.64;Lancamento Contabil - 3.01.001 - Ref 01/2024
DOC-100045;2024-01-04;202401;3.02.001;CC1002;398726.67;Lancamento Contabil - 3.02.001 - Ref 01/2024
DOC-100046;2024-01-15;202401;3.02.001;CC1002;14491.13;Lancamento Contabil - 3.02.001 - Ref 01/2024
DOC-100047;2024-01-18;202401;3.02.001;CC1002;34115.84;Lancamento Contabil - 3.02.001 - Ref 01/2024
DOC-100048;2024-01-24;202401;3.02.001;CC1002;7238.41;Lancamento Contabil - 3.02.001 - Ref 01/2024
DOC-100049;2024-01-03;202401;3.02.001;CC1003;29164.18;Lancamento Contabil - 3.02.001 - Ref 01/2024
DOC-100050;2024-01-07;202401;3.02.001;CC1003;36471.17;Lancamento Contabil - 3.02.001 - Ref 01/2024
DOC-100051;2024-01-10;202401;3.02.001;CC1003;23459.91;Lancamento Contabil - 3.02.001 - Ref 01/2024
DOC-100052;2024-01-12;202401;3.02.001;CC1003;130769.23;Lancamento Contabil - 3.02.001 - Ref 01/2024
DOC-100053;2024-01-18;202401;3.02.001;CC1003;32698.79;Lancamento Contabil - 3.02.001 - Ref 01/2024
DOC-100054;2024-01-19;202401;3.02.001;CC1003;24441.29;Lancamento Contabil - 3.02.001 - Ref 01/2024
DOC-100055;2024-01-20;202401;3.02.001;CC1003;57983.23;Lancamento Contabil - 3.02.001 - Ref 01/2024
DOC-100056;2024-01-21;202401;3.02.001;CC1003;11256.99;Lancamento Contabil - 3.02.001 - Ref 01/2024
DOC-100057;2024-01-27;202401;3.02.001;CC1003;120092.06;Lancamento Contabil - 3.02.001 - Ref 01/2024
DOC-100058;2024-01-31;202401;3.02.001;CC1003;5741.64;Lancamento Contabil - 3.02.001 - Ref 01/2024
DOC-100059;2024-01-08;202401;3.03.001;CC1002;52841.9;Lancamento Contabil - 3.03.001 - Ref 01/2024
DOC-100060;2024-01-10;202401;3.03.001;CC1002;59703.88;Lancamento Contabil - 3.03.001 - Ref 01/2024
DOC-100061;2024-01-22;202401;3.03.001;CC1002;3113.43;Lancamento Contabil - 3.03.001 - Ref 01/2024
DOC-100062;2024-01-25;202401;3.03.001;CC1002;17964.92;Lancamento Contabil - 3.03.001 - Ref 01/2024
DOC-100063;2024-01-04;202401;3.03.001;CC1003;4708.77;Lancamento Contabil - 3.03.001 - Ref 01/2024
DOC-100064;2024-01-08;202401;3.03.001;CC1003;76033.43;Lancamento Contabil - 3.03.001 - Ref 01/2024
DOC-100065;2024-01-09;202401;3.03.001;CC1003;37329.86;Lancamento Contabil - 3.03.001 - Ref 01/2024
DOC-100066;2024-01-13;202401;3.03.001;CC1003;15363.95;Lancamento Contabil - 3.03.001 - Ref 01/2024
DOC-100067;2024-01-28;202401;3.03.001;CC1003;2510.88;Lancamento Contabil - 3.03.001 - Ref 01/2024
DOC-100068;2024-01-06;202401;3.03.001;CC1005;13538.21;Lancamento Contabil - 3.03.001 - Ref 01/2024
DOC-100069;2024-01-07;202401;3.03.001;CC1005;10505.42;Lancamento Contabil - 3.03.001 - Ref 01/2024
DOC-100070;2024-01-09;202401;3.03.001;CC1005;22589.14;Lancamento Contabil - 3.03.001 - Ref 01/2024
DOC-100071;2024-01-12;202401;3.03.001;CC1005;6615.16;Lancamento Contabil - 3.03.001 - Ref 01/2024
DOC-100072;2024-01-21;202401;3.03.001;CC1005;1318.47;Lancamento Contabil - 3.03.001 - Ref 01/2024
DOC-100073;2024-01-22;202401;3.03.001;CC1005;12930.08;Lancamento Contabil - 3.03.001 - Ref 01/2024
DOC-100074;2024-01-24;202401;3.03.001;CC1005;14806.42;Lancamento Contabil - 3.03.001 - Ref 01/2024
DOC-100075;2024-01-27;202401;3.03.001;CC1005;8528.31;Lancamento Contabil - 3.03.001 - Ref 01/2024
DOC-100076;2024-01-29;202401;3.03.001;CC1005;15256.68;Lancamento Contabil - 3.03.001 - Ref 01/2024
DOC-100077;2024-01-30;202401;3.03.001;CC1005;7047.32;Lancamento Contabil - 3.03.001 - Ref 01/2024
DOC-100078;2024-01-31;202401;3.03.001;CC1005;7656.64;Lancamento Contabil - 3.03.001 - Ref 01/2024
DOC-100079;2024-01-06;202401;3.04.001;CC1004;78973.03;Lancamento Contabil - 3.04.001 - Ref 01/2024
DOC-100080;2024-01-18;202401;3.04.001;CC1004;3645.26;Lancamento Contabil - 3.04.001 - Ref 01/2024
DOC-100081;2024-01-20;202401;3.04.001;CC1004;16163.35;Lancamento Contabil - 3.04.001 - Ref 01/2024
DOC-100082;2024-01-21;202401;3.04.001;CC1004;4521.04;Lancamento Contabil - 3.04.001 - Ref 01/2024
DOC-100083;2024-01-24;202401;3.04.001;CC1004;143236.49;Lancamento Contabil - 3.04.001 - Ref 01/2024
DOC-100084;2024-01-06;202401;3.05.001;CC1005;88681.04;Lancamento Contabil - 3.05.001 - Ref 01/2024
DOC-100085;2024-01-09;202401;3.05.001;CC1005;10678.48;Lancamento Contabil - 3.05.001 - Ref 01/2024
DOC-100086;2024-01-13;202401;3.05.001;CC1005;19673.82;Lancamento Contabil - 3.05.001 - Ref 01/2024
DOC-100087;2024-01-15;202401;3.05.001;CC1005;52463.43;Lancamento Contabil - 3.05.001 - Ref 01/2024
DOC-100088;2024-01-18;202401;3.05.001;CC1005;9675.44;Lancamento Contabil - 3.05.001 - Ref 01/2024
DOC-100089;2024-01-21;202401;3.05.001;CC1005;2983.17;Lancamento Contabil - 3.05.001 - Ref 01/2024
DOC-100090;2024-01-23;202401;3.05.001;CC1005;12741.7;Lancamento Contabil - 3.05.001 - Ref 01/2024
DOC-100091;2024-01-08;202401;3.06.001;CC1002;129707.4;Lancamento Contabil - 3.06.001 - Ref 01/2024
DOC-100092;2024-01-22;202401;3.06.001;CC1003;154789.07;Lancamento Contabil - 3.06.001 - Ref 01/2024
DOC-100093;2024-01-02;202401;4.01.001;CC2001;14755.8;Lancamento Contabil - 4.01.001 - Ref 01/2024
DOC-100094;2024-01-08;202401;4.01.001;CC2001;159409.91;Lancamento Contabil - 4.01.001 - Ref 01/2024
DOC-100095;2024-01-09;202401;4.01.001;CC2001;55387.24;Lancamento Contabil - 4.01.001 - Ref 01/2024
DOC-100096;2024-01-11;202401;4.01.001;CC2001;117716.54;Lancamento Contabil - 4.01.001 - Ref 01/2024
DOC-100097;2024-01-13;202401;4.01.001;CC2001;161798.7;Lancamento Contabil - 4.01.001 - Ref 01/2024
DOC-100098;2024-01-25;202401;4.01.001;CC2001;27349.25;Lancamento Contabil - 4.01.001 - Ref 01/2024
DOC-100099;2024-01-27;202401;4.01.001;CC2001;8331.47;Lancamento Contabil - 4.01.001 - Ref 01/2024
DOC-100100;2024-01-28;202401;4.01.001;CC2001;18485.29;Lancamento Contabil - 4.01.001 - Ref 01/2024
DOC-100101;2024-01-30;202401;4.01.001;CC2001;39806.34;Lancamento Contabil - 4.01.001 - Ref 01/2024
DOC-100102;2024-01-07;202401;4.02.001;CC3001;1213.29;Lancamento Contabil - 4.02.001 - Ref 01/2024
DOC-100103;2024-01-19;202401;4.02.001;CC3001;124325.97;Lancamento Contabil - 4.02.001 - Ref 01/2024
DOC-100104;2024-01-29;202401;4.02.001;CC3001;93960.34;Lancamento Contabil - 4.02.001 - Ref 01/2024
DOC-100105;2024-01-30;202401;4.02.001;CC3001;43681.16;Lancamento Contabil - 4.02.001 - Ref 01/2024
DOC-100106;2024-01-31;202401;4.02.001;CC3001;22205.23;Lancamento Contabil - 4.02.001 - Ref 01/2024
DOC-100107;2024-01-05;202401;4.02.001;CC3003;8885.59;Lancamento Contabil - 4.02.001 - Ref 01/2024
DOC-100108;2024-01-07;202401;4.02.001;CC3003;61762.53;Lancamento Contabil - 4.02.001 - Ref 01/2024
DOC-100109;2024-01-09;202401;4.02.001;CC3003;8421.26;Lancamento Contabil - 4.02.001 - Ref 01/2024
DOC-100110;2024-01-13;202401;4.02.001;CC3003;15778.72;Lancamento Contabil - 4.02.001 - Ref 01/2024
DOC-100111;2024-01-15;202401;4.02.001;CC3003;26189.98;Lancamento Contabil - 4.02.001 - Ref 01/2024
DOC-100112;2024-01-16;202401;4.02.001;CC3003;9749.88;Lancamento Contabil - 4.02.001 - Ref 01/2024
DOC-100113;2024-01-21;202401;4.02.001;CC3003;76963.64;Lancamento Contabil - 4.02.001 - Ref 01/2024
DOC-100114;2024-01-25;202401;4.02.001;CC3003;70798.69;Lancamento Contabil - 4.02.001 - Ref 01/2024
DOC-100115;2024-01-30;202401;4.02.001;CC3003;6257.13;Lancamento Contabil - 4.02.001 - Ref 01/2024
DOC-100116;2024-01-09;202401;4.03.001;CC3002;13961.58;Lancamento Contabil - 4.03.001 - Ref 01/2024
DOC-100117;2024-01-14;202401;4.03.001;CC3002;1565.22;Lancamento Contabil - 4.03.001 - Ref 01/2024
DOC-100118;2024-01-18;202401;4.03.001;CC3002;39167.08;Lancamento Contabil - 4.03.001 - Ref 01/2024
DOC-100119;2024-01-19;202401;4.03.001;CC3002;29090.06;Lancamento Contabil - 4.03.001 - Ref 01/2024
DOC-100120;2024-01-24;202401;4.03.001;CC3002;2201.0;Lancamento Contabil - 4.03.001 - Ref 01/2024
DOC-100121;2024-01-30;202401;4.03.001;CC3002;13602.44;Lancamento Contabil - 4.03.001 - Ref 01/2024
DOC-100122;2024-01-31;202401;4.03.001;CC3002;99484.85;Lancamento Contabil - 4.03.001 - Ref 01/2024
DOC-100123;2024-01-02;202401;4.04.001;CC1001;2459.58;Lancamento Contabil - 4.04.001 - Ref 01/2024
DOC-100124;2024-01-03;202401;4.04.001;CC1001;1405.82;Lancamento Contabil - 4.04.001 - Ref 01/2024
DOC-100125;2024-01-04;202401;4.04.001;CC1001;6037.76;Lancamento Contabil - 4.04.001 - Ref 01/2024
DOC-100126;2024-01-05;202401;4.04.001;CC1001;38116.23;Lancamento Contabil - 4.04.001 - Ref 01/2024
DOC-100127;2024-01-08;202401;4.04.001;CC1001;2489.07;Lancamento Contabil - 4.04.001 - Ref 01/2024
DOC-100128;2024-01-12;202401;4.04.001;CC1001;10015.35;Lancamento Contabil - 4.04.001 - Ref 01/2024
DOC-100129;2024-01-16;202401;4.04.001;CC1001;12877.93;Lancamento Contabil - 4.04.001 - Ref 01/2024
DOC-100130;2024-01-17;202401;4.04.001;CC1001;2436.88;Lancamento Contabil - 4.04.001 - Ref 01/2024
DOC-100131;2024-01-25;202401;4.04.001;CC1001;11700.15;Lancamento Contabil - 4.04.001 - Ref 01/2024
DOC-100132;2024-01-29;202401;4.04.001;CC1001;4118.05;Lancamento Contabil - 4.04.001 - Ref 01/2024
DOC-100133;2024-01-03;202401;4.04.001;CC3001;23108.09;Lancamento Contabil - 4.04.001 - Ref 01/2024
DOC-100134;2024-01-13;202401;4.04.001;CC3001;2849.55;Lancamento Contabil - 4.04.001 - Ref 01/2024
DOC-100135;2024-01-14;202401;4.04.001;CC3001;54312.72;Lancamento Contabil - 4.04.001 - Ref 01/2024
DOC-100136;2024-01-20;202401;4.04.001;CC3001;11647.93;Lancamento Contabil - 4.04.001 - Ref 01/2024
DOC-100137;2024-01-22;202401;4.04.001;CC3001;6216.24;Lancamento Contabil - 4.04.001 - Ref 01/2024
DOC-100138;2024-01-26;202401;4.04.001;CC3001;1253.59;Lancamento Contabil - 4.04.001 - Ref 01/2024
DOC-100139;2024-01-01;202401;4.05.001;CC4001;21619.7;Lancamento Contabil - 4.05.001 - Ref 01/2024
DOC-100140;2024-01-04;202401;4.05.001;CC4001;27378.48;Lancamento Contabil - 4.05.001 - Ref 01/2024
DOC-100141;2024-01-09;202401;4.05.001;CC4001;404.61;Lancamento Contabil - 4.05.001 - Ref 01/2024
DOC-100142;2024-01-15;202401;4.05.001;CC4001;17358.84;Lancamento Contabil - 4.05.001 - Ref 01/2024
DOC-100143;2024-01-17;202401;4.05.001;CC4001;6212.35;Lancamento Contabil - 4.05.001 - Ref 01/2024
DOC-100144;2024-01-18;202401;4.05.001;CC4001;25062.92;Lancamento Contabil - 4.05.001 - Ref 01/2024
DOC-100145;2024-01-20;202401;4.05.001;CC4001;4634.73;Lancamento Contabil - 4.05.001 - Ref 01/2024
DOC-100146;2024-01-22;202401;4.05.001;CC4001;28403.15;Lancamento Contabil - 4.05.001 - Ref 01/2024
DOC-100147;2024-01-24;202401;4.05.001;CC4001;11827.47;Lancamento Contabil - 4.05.001 - Ref 01/2024
DOC-100148;2024-01-25;202401;4.05.001;CC4001;66770.25;Lancamento Contabil - 4.05.001 - Ref 01/2024
DOC-100149;2024-01-01;202401;4.06.001;CC3001;583.46;Lancamento Contabil - 4.06.001 - Ref 01/2024
DOC-100150;2024-01-04;202401;4.06.001;CC3001;12528.19;Lancamento Contabil - 4.06.001 - Ref 01/2024
DOC-100151;2024-01-06;202401;4.06.001;CC3001;10164.88;Lancamento Contabil - 4.06.001 - Ref 01/2024
DOC-100152;2024-01-09;202401;4.06.001;CC3001;1445.18;Lancamento Contabil - 4.06.001 - Ref 01/2024
DOC-100153;2024-01-10;202401;4.06.001;CC3001;5225.81;Lancamento Contabil - 4.06.001 - Ref 01/2024
DOC-100154;2024-01-11;202401;4.06.001;CC3001;8232.75;Lancamento Contabil - 4.06.001 - Ref 01/2024
DOC-100155;2024-01-14;202401;4.06.001;CC3001;3924.49;Lancamento Contabil - 4.06.001 - Ref 01/2024
DOC-100156;2024-01-15;202401;4.06.001;CC3001;3653.93;Lancamento Contabil - 4.06.001 - Ref 01/2024
DOC-100157;2024-01-21;202401;4.06.001;CC3001;1341.27;Lancamento Contabil - 4.06.001 - Ref 01/2024
DOC-100158;2024-01-25;202401;4.06.001;CC3001;473.41;Lancamento Contabil - 4.06.001 - Ref 01/2024
DOC-100159;2024-01-30;202401;4.06.001;CC3001;11021.3;Lancamento Contabil - 4.06.001 - Ref 01/2024
DOC-100160;2024-01-31;202401;4.06.001;CC3001;11174.62;Lancamento Contabil - 4.06.001 - Ref 01/2024
DOC-100161;2024-01-04;202401;4.06.001;CC1005;4981.85;Lancamento Contabil - 4.06.001 - Ref 01/2024
DOC-100162;2024-01-05;202401;4.06.001;CC1005;2057.22;Lancamento Contabil - 4.06.001 - Ref 01/2024
DOC-100163;2024-01-06;202401;4.06.001;CC1005;2134.34;Lancamento Contabil - 4.06.001 - Ref 01/2024
DOC-100164;2024-01-07;202401;4.06.001;CC1005;6431.66;Lancamento Contabil - 4.06.001 - Ref 01/2024
DOC-100165;2024-01-10;202401;4.06.001;CC1005;11299.04;Lancamento Contabil - 4.06.001 - Ref 01/2024
DOC-100166;2024-01-12;202401;4.06.001;CC1005;10837.14;Lancamento Contabil - 4.06.001 - Ref 01/2024
DOC-100167;2024-01-17;202401;4.06.001;CC1005;7520.26;Lancamento Contabil - 4.06.001 - Ref 01/2024
DOC-100168;2024-01-20;202401;4.06.001;CC1005;5104.28;Lancamento Contabil - 4.06.001 - Ref 01/2024
DOC-100169;2024-01-21;202401;4.06.001;CC1005;436.7;Lancamento Contabil - 4.06.001 - Ref 01/2024
DOC-100170;2024-01-25;202401;4.06.001;CC1005;875.93;Lancamento Contabil - 4.06.001 - Ref 01/2024
DOC-100171;2024-01-27;202401;4.06.001;CC1005;11369.26;Lancamento Contabil - 4.06.001 - Ref 01/2024
DOC-100172;2024-01-29;202401;4.06.001;CC1005;4633.17;Lancamento Contabil - 4.06.001 - Ref 01/2024
DOC-100173;2024-01-01;202401;5.01.001;CC3001;124174.9;Lancamento Contabil - 5.01.001 - Ref 01/2024
DOC-100174;2024-01-11;202401;5.01.001;CC3001;111320.52;Lancamento Contabil - 5.01.001 - Ref 01/2024
DOC-100175;2024-01-17;202401;5.01.001;CC3001;26784.84;Lancamento Contabil - 5.01.001 - Ref 01/2024
DOC-100176;2024-01-18;202401;5.01.001;CC3001;131357.82;Lancamento Contabil - 5.01.001 - Ref 01/2024
DOC-100177;2024-01-20;202401;5.01.001;CC3001;28564.58;Lancamento Contabil - 5.01.001 - Ref 01/2024
DOC-100178;2024-01-25;202401;5.01.001;CC3001;41517.83;Lancamento Contabil - 5.01.001 - Ref 01/2024
DOC-100179;2024-01-01;202401;5.02.001;CC3001;43013.57;Lancamento Contabil - 5.02.001 - Ref 01/2024
DOC-100180;2024-01-02;202401;5.02.001;CC3001;32871.54;Lancamento Contabil - 5.02.001 - Ref 01/2024
DOC-100181;2024-01-03;202401;5.02.001;CC3001;59299.26;Lancamento Contabil - 5.02.001 - Ref 01/2024
DOC-100182;2024-01-04;202401;5.02.001;CC3001;33593.67;Lancamento Contabil - 5.02.001 - Ref 01/2024
DOC-100183;2024-01-08;202401;5.02.001;CC3001;26329.37;Lancamento Contabil - 5.02.001 - Ref 01/2024
DOC-100184;2024-01-10;202401;5.02.001;CC3001;3082.79;Lancamento Contabil - 5.02.001 - Ref 01/2024
DOC-100185;2024-01-12;202401;5.02.001;CC3001;14368.07;Lancamento Contabil - 5.02.001 - Ref 01/2024
DOC-100186;2024-01-19;202401;5.02.001;CC3001;9658.61;Lancamento Contabil - 5.02.001 - Ref 01/2024
DOC-100187;2024-01-25;202401;5.02.001;CC3001;8766.6;Lancamento Contabil - 5.02.001 - Ref 01/2024
DOC-100188;2024-01-26;202401;5.02.001;CC3001;113220.01;Lancamento Contabil - 5.02.001 - Ref 01/2024
DOC-100189;2024-01-27;202401;5.02.001;CC3001;15652.22;Lancamento Contabil - 5.02.001 - Ref 01/2024
DOC-100190;2024-01-03;202401;5.03.001;CC3001;44725.33;Lancamento Contabil - 5.03.001 - Ref 01/2024
DOC-100191;2024-01-16;202401;5.03.001;CC3001;19722.98;Lancamento Contabil - 5.03.001 - Ref 01/2024
DOC-100192;2024-01-24;202401;5.03.001;CC3001;24289.77;Lancamento Contabil - 5.03.001 - Ref 01/2024
DOC-100193;2024-01-25;202401;5.03.001;CC3001;19154.19;Lancamento Contabil - 5.03.001 - Ref 01/2024
DOC-100194;2024-01-27;202401;5.03.001;CC3001;6133.89;Lancamento Contabil - 5.03.001 - Ref 01/2024
DOC-100195;2024-01-05;202401;6.01.001;CC3001;114999.74;Lancamento Contabil - 6.01.001 - Ref 01/2024
DOC-100196;2024-01-06;202401;6.01.001;CC3001;29569.7;Lancamento Contabil - 6.01.001 - Ref 01/2024
DOC-100197;2024-01-07;202401;6.01.001;CC3001;2208.59;Lancamento Contabil - 6.01.001 - Ref 01/2024
DOC-100198;2024-01-09;202401;6.01.001;CC3001;93036.9;Lancamento Contabil - 6.01.001 - Ref 01/2024
DOC-100199;2024-01-14;202401;6.01.001;CC3001;17489.45;Lancamento Contabil - 6.01.001 - Ref 01/2024
DOC-100200;2024-01-16;202401;6.01.001;CC3001;253107.73;Lancamento Contabil - 6.01.001 - Ref 01/2024
DOC-100201;2024-01-17;202401;6.01.001;CC3001;276119.07;Lancamento Contabil - 6.01.001 - Ref 01/2024
DOC-100202;2024-01-18;202401;6.01.001;CC3001;221026.24;Lancamento Contabil - 6.01.001 - Ref 01/2024
DOC-100203;2024-01-20;202401;6.01.001;CC3001;41476.45;Lancamento Contabil - 6.01.001 - Ref 01/2024
DOC-100204;2024-01-22;202401;6.01.001;CC3001;1397.6;Lancamento Contabil - 6.01.001 - Ref 01/2024
DOC-100205;2024-01-25;202401;6.01.001;CC3001;236459.31;Lancamento Contabil - 6.01.001 - Ref 01/2024
DOC-100206;2024-01-30;202401;6.01.001;CC3001;50147.97;Lancamento Contabil - 6.01.001 - Ref 01/2024
DOC-100207;2024-02-07;202402;1.01.001;CC4001;574297.19;Lancamento Contabil - 1.01.001 - Ref 02/2024
DOC-100208;2024-02-10;202402;1.01.001;CC4001;2249428.96;Lancamento Contabil - 1.01.001 - Ref 02/2024
DOC-100209;2024-02-12;202402;1.01.001;CC4001;450123.05;Lancamento Contabil - 1.01.001 - Ref 02/2024
DOC-100210;2024-02-13;202402;1.01.001;CC4001;219328.5;Lancamento Contabil - 1.01.001 - Ref 02/2024
DOC-100211;2024-02-15;202402;1.01.001;CC4001;961000.65;Lancamento Contabil - 1.01.001 - Ref 02/2024
DOC-100212;2024-02-17;202402;1.01.001;CC4001;3249200.73;Lancamento Contabil - 1.01.001 - Ref 02/2024
DOC-100213;2024-02-21;202402;1.01.001;CC4001;1406331.76;Lancamento Contabil - 1.01.001 - Ref 02/2024
DOC-100214;2024-02-22;202402;1.01.001;CC4001;996873.09;Lancamento Contabil - 1.01.001 - Ref 02/2024
DOC-100215;2024-02-23;202402;1.01.001;CC4001;120728.65;Lancamento Contabil - 1.01.001 - Ref 02/2024
DOC-100216;2024-02-24;202402;1.01.001;CC4001;1127274.11;Lancamento Contabil - 1.01.001 - Ref 02/2024
DOC-100217;2024-02-25;202402;1.01.001;CC4001;5444954.07;Lancamento Contabil - 1.01.001 - Ref 02/2024
DOC-100218;2024-02-27;202402;1.01.001;CC4001;178233.0;Lancamento Contabil - 1.01.001 - Ref 02/2024
DOC-100219;2024-02-01;202402;1.01.002;CC4001;98681.44;Lancamento Contabil - 1.01.002 - Ref 02/2024
DOC-100220;2024-02-03;202402;1.01.002;CC4001;283497.66;Lancamento Contabil - 1.01.002 - Ref 02/2024
DOC-100221;2024-02-04;202402;1.01.002;CC4001;182373.95;Lancamento Contabil - 1.01.002 - Ref 02/2024
DOC-100222;2024-02-08;202402;1.01.002;CC4001;161305.59;Lancamento Contabil - 1.01.002 - Ref 02/2024
DOC-100223;2024-02-11;202402;1.01.002;CC4001;163765.97;Lancamento Contabil - 1.01.002 - Ref 02/2024
DOC-100224;2024-02-18;202402;1.01.002;CC4001;60180.84;Lancamento Contabil - 1.01.002 - Ref 02/2024
DOC-100225;2024-02-19;202402;1.01.002;CC4001;46951.6;Lancamento Contabil - 1.01.002 - Ref 02/2024
DOC-100226;2024-02-21;202402;1.01.002;CC4001;223892.05;Lancamento Contabil - 1.01.002 - Ref 02/2024
DOC-100227;2024-02-23;202402;1.01.002;CC4001;224426.15;Lancamento Contabil - 1.01.002 - Ref 02/2024
DOC-100228;2024-02-27;202402;1.01.002;CC4001;272601.62;Lancamento Contabil - 1.01.002 - Ref 02/2024
DOC-100229;2024-02-28;202402;1.01.002;CC4001;330239.24;Lancamento Contabil - 1.01.002 - Ref 02/2024
DOC-100230;2024-02-02;202402;1.02.001;CC1004;157444.25;Lancamento Contabil - 1.02.001 - Ref 02/2024
DOC-100231;2024-02-03;202402;1.02.001;CC1004;103233.86;Lancamento Contabil - 1.02.001 - Ref 02/2024
DOC-100232;2024-02-21;202402;1.02.001;CC1004;119050.72;Lancamento Contabil - 1.02.001 - Ref 02/2024
DOC-100233;2024-02-23;202402;1.02.001;CC1004;156231.62;Lancamento Contabil - 1.02.001 - Ref 02/2024
DOC-100234;2024-02-02;202402;2.01.001;CC3001;1639677.9;Lancamento Contabil - 2.01.001 - Ref 02/2024
DOC-100235;2024-02-03;202402;2.01.001;CC3001;306406.51;Lancamento Contabil - 2.01.001 - Ref 02/2024
DOC-100236;2024-02-08;202402;2.01.001;CC3001;349828.49;Lancamento Contabil - 2.01.001 - Ref 02/2024
DOC-100237;2024-02-09;202402;2.01.001;CC3001;73314.91;Lancamento Contabil - 2.01.001 - Ref 02/2024
DOC-100238;2024-02-11;202402;2.01.001;CC3001;641374.46;Lancamento Contabil - 2.01.001 - Ref 02/2024
DOC-100239;2024-02-17;202402;2.01.001;CC3001;27190.82;Lancamento Contabil - 2.01.001 - Ref 02/2024
DOC-100240;2024-02-29;202402;2.01.001;CC3001;465465.79;Lancamento Contabil - 2.01.001 - Ref 02/2024
DOC-100241;2024-02-05;202402;2.02.001;CC4001;18016.97;Lancamento Contabil - 2.02.001 - Ref 02/2024
DOC-100242;2024-02-07;202402;2.02.001;CC4001;624.5;Lancamento Contabil - 2.02.001 - Ref 02/2024
DOC-100243;2024-02-08;202402;2.02.001;CC4001;767.42;Lancamento Contabil - 2.02.001 - Ref 02/2024
DOC-100244;2024-02-14;202402;2.02.001;CC4001;34866.31;Lancamento Contabil - 2.02.001 - Ref 02/2024
DOC-100245;2024-02-16;202402;2.02.001;CC4001;9003.82;Lancamento Contabil - 2.02.001 - Ref 02/2024
DOC-100246;2024-02-18;202402;2.02.001;CC4001;2739.73;Lancamento Contabil - 2.02.001 - Ref 02/2024
DOC-100247;2024-02-19;202402;2.02.001;CC4001;14892.36;Lancamento Contabil - 2.02.001 - Ref 02/2024
DOC-100248;2024-02-23;202402;2.02.001;CC4001;29630.3;Lancamento Contabil - 2.02.001 - Ref 02/2024
DOC-100249;2024-02-24;202402;2.02.001;CC4001;4901.62;Lancamento Contabil - 2.02.001 - Ref 02/2024
DOC-100250;2024-02-25;202402;2.02.001;CC4001;19661.88;Lancamento Contabil - 2.02.001 - Ref 02/2024
DOC-100251;2024-02-29;202402;2.02.001;CC4001;1798.63;Lancamento Contabil - 2.02.001 - Ref 02/2024
DOC-100252;2024-02-04;202402;3.01.001;CC1001;123332.43;Lancamento Contabil - 3.01.001 - Ref 02/2024
DOC-100253;2024-02-12;202402;3.01.001;CC1001;1761511.04;Lancamento Contabil - 3.01.001 - Ref 02/2024
DOC-100254;2024-02-14;202402;3.01.001;CC1001;1807997.98;Lancamento Contabil - 3.01.001 - Ref 02/2024
DOC-100255;2024-02-15;202402;3.01.001;CC1001;2357959.93;Lancamento Contabil - 3.01.001 - Ref 02/2024
DOC-100256;2024-02-22;202402;3.01.001;CC1001;3009711.59;Lancamento Contabil - 3.01.001 - Ref 02/2024
DOC-100257;2024-02-02;202402;3.02.001;CC1002;91581.94;Lancamento Contabil - 3.02.001 - Ref 02/2024
DOC-100258;2024-02-04;202402;3.02.001;CC1002;372333.14;Lancamento Contabil - 3.02.001 - Ref 02/2024
DOC-100259;2024-02-21;202402;3.02.001;CC1002;74166.22;Lancamento Contabil - 3.02.001 - Ref 02/2024
DOC-100260;2024-02-22;202402;3.02.001;CC1002;135718.38;Lancamento Contabil - 3.02.001 - Ref 02/2024
DOC-100261;2024-02-04;202402;3.02.001;CC1003;6747.07;Lancamento Contabil - 3.02.001 - Ref 02/2024
DOC-100262;2024-02-05;202402;3.02.001;CC1003;2120.41;Lancamento Contabil - 3.02.001 - Ref 02/2024
DOC-100263;2024-02-07;202402;3.02.001;CC1003;271466.26;Lancamento Contabil - 3.02.001 - Ref 02/2024
DOC-100264;2024-02-08;202402;3.02.001;CC1003;149282.39;Lancamento Contabil - 3.02.001 - Ref 02/2024
DOC-100265;2024-02-11;202402;3.02.001;CC1003;98321.26;Lancamento Contabil - 3.02.001 - Ref 02/2024
DOC-100266;2024-02-15;202402;3.02.001;CC1003;43424.6;Lancamento Contabil - 3.02.001 - Ref 02/2024
DOC-100267;2024-02-18;202402;3.02.001;CC1003;15715.19;Lancamento Contabil - 3.02.001 - Ref 02/2024
DOC-100268;2024-02-24;202402;3.02.001;CC1003;14048.28;Lancamento Contabil - 3.02.001 - Ref 02/2024
DOC-100269;2024-02-26;202402;3.02.001;CC1003;23783.05;Lancamento Contabil - 3.02.001 - Ref 02/2024
DOC-100270;2024-02-29;202402;3.02.001;CC1003;65797.62;Lancamento Contabil - 3.02.001 - Ref 02/2024
DOC-100271;2024-02-02;202402;3.03.001;CC1002;7286.02;Lancamento Contabil - 3.03.001 - Ref 02/2024
DOC-100272;2024-02-03;202402;3.03.001;CC1002;68733.21;Lancamento Contabil - 3.03.001 - Ref 02/2024
DOC-100273;2024-02-04;202402;3.03.001;CC1002;29706.87;Lancamento Contabil - 3.03.001 - Ref 02/2024
DOC-100274;2024-02-06;202402;3.03.001;CC1002;17931.06;Lancamento Contabil - 3.03.001 - Ref 02/2024
DOC-100275;2024-02-08;202402;3.03.001;CC1002;20988.23;Lancamento Contabil - 3.03.001 - Ref 02/2024
DOC-100276;2024-02-09;202402;3.03.001;CC1002;12069.79;Lancamento Contabil - 3.03.001 - Ref 02/2024
DOC-100277;2024-02-15;202402;3.03.001;CC1002;6315.37;Lancamento Contabil - 3.03.001 - Ref 02/2024
DOC-100278;2024-02-18;202402;3.03.001;CC1002;9761.97;Lancamento Contabil - 3.03.001 - Ref 02/2024
DOC-100279;2024-02-23;202402;3.03.001;CC1002;31463.18;Lancamento Contabil - 3.03.001 - Ref 02/2024
DOC-100280;2024-02-27;202402;3.03.001;CC1002;321.65;Lancamento Contabil - 3.03.001 - Ref 02/2024
DOC-100281;2024-02-03;202402;3.03.001;CC1003;11970.77;Lancamento Contabil - 3.03.001 - Ref 02/2024
DOC-100282;2024-02-08;202402;3.03.001;CC1003;4569.25;Lancamento Contabil - 3.03.001 - Ref 02/2024
DOC-100283;2024-02-25;202402;3.03.001;CC1003;4034.37;Lancamento Contabil - 3.03.001 - Ref 02/2024
DOC-100284;2024-02-28;202402;3.03.001;CC1003;187662.66;Lancamento Contabil - 3.03.001 - Ref 02/2024
DOC-100285;2024-02-02;202402;3.03.001;CC1005;7318.38;Lancamento Contabil - 3.03.001 - Ref 02/2024
DOC-100286;2024-02-07;202402;3.03.001;CC1005;48088.26;Lancamento Contabil - 3.03.001 - Ref 02/2024
DOC-100287;2024-02-13;202402;3.03.001;CC1005;45595.58;Lancamento Contabil - 3.03.001 - Ref 02/2024
DOC-100288;2024-02-14;202402;3.03.001;CC1005;13519.42;Lancamento Contabil - 3.03.001 - Ref 02/2024
DOC-100289;2024-02-16;202402;3.03.001;CC1005;40438.5;Lancamento Contabil - 3.03.001 - Ref 02/2024
DOC-100290;2024-02-28;202402;3.03.001;CC1005;36133.59;Lancamento Contabil - 3.03.001 - Ref 02/2024
DOC-100291;2024-02-01;202402;3.04.001;CC1004;101484.11;Lancamento Contabil - 3.04.001 - Ref 02/2024
DOC-100292;2024-02-09;202402;3.04.001;CC1004;106935.52;Lancamento Contabil - 3.04.001 - Ref 02/2024
DOC-100293;2024-02-10;202402;3.04.001;CC1004;4917.87;Lancamento Contabil - 3.04.001 - Ref 02/2024
DOC-100294;2024-02-13;202402;3.04.001;CC1004;49789.8;Lancamento Contabil - 3.04.001 - Ref 02/2024
DOC-100295;2024-02-15;202402;3.04.001;CC1004;104284.76;Lancamento Contabil - 3.04.001 - Ref 02/2024
DOC-100296;2024-02-29;202402;3.04.001;CC1004;74192.88;Lancamento Contabil - 3.04.001 - Ref 02/2024
DOC-100297;2024-02-05;202402;3.05.001;CC1005;6689.04;Lancamento Contabil - 3.05.001 - Ref 02/2024
DOC-100298;2024-02-07;202402;3.05.001;CC1005;2752.39;Lancamento Contabil - 3.05.001 - Ref 02/2024
DOC-100299;2024-02-10;202402;3.05.001;CC1005;38677.85;Lancamento Contabil - 3.05.001 - Ref 02/2024
DOC-100300;2024-02-16;202402;3.05.001;CC1005;1010.54;Lancamento Contabil - 3.05.001 - Ref 02/2024
DOC-100301;2024-02-18;202402;3.05.001;CC1005;33147.42;Lancamento Contabil - 3.05.001 - Ref 02/2024
DOC-100302;2024-02-22;202402;3.05.001;CC1005;105956.82;Lancamento Contabil - 3.05.001 - Ref 02/2024
DOC-100303;2024-02-23;202402;3.05.001;CC1005;32223.54;Lancamento Contabil - 3.05.001 - Ref 02/2024
DOC-100304;2024-02-24;202402;3.05.001;CC1005;18477.79;Lancamento Contabil - 3.05.001 - Ref 02/2024
DOC-100305;2024-02-26;202402;3.05.001;CC1005;38769.35;Lancamento Contabil - 3.05.001 - Ref 02/2024
DOC-100306;2024-02-29;202402;3.05.001;CC1005;23053.24;Lancamento Contabil - 3.05.001 - Ref 02/2024
DOC-100307;2024-02-07;202402;3.06.001;CC1002;232110.21;Lancamento Contabil - 3.06.001 - Ref 02/2024
DOC-100308;2024-02-02;202402;3.06.001;CC1003;218352.87;Lancamento Contabil - 3.06.001 - Ref 02/2024
DOC-100309;2024-02-02;202402;4.01.001;CC2001;268895.09;Lancamento Contabil - 4.01.001 - Ref 02/2024
DOC-100310;2024-02-06;202402;4.01.001;CC2001;24852.32;Lancamento Contabil - 4.01.001 - Ref 02/2024
DOC-100311;2024-02-11;202402;4.01.001;CC2001;8198.8;Lancamento Contabil - 4.01.001 - Ref 02/2024
DOC-100312;2024-02-16;202402;4.01.001;CC2001;12115.61;Lancamento Contabil - 4.01.001 - Ref 02/2024
DOC-100313;2024-02-17;202402;4.01.001;CC2001;2097.47;Lancamento Contabil - 4.01.001 - Ref 02/2024
DOC-100314;2024-02-19;202402;4.01.001;CC2001;11314.9;Lancamento Contabil - 4.01.001 - Ref 02/2024
DOC-100315;2024-02-21;202402;4.01.001;CC2001;131035.77;Lancamento Contabil - 4.01.001 - Ref 02/2024
DOC-100316;2024-02-22;202402;4.01.001;CC2001;8422.97;Lancamento Contabil - 4.01.001 - Ref 02/2024
DOC-100317;2024-02-24;202402;4.01.001;CC2001;43815.33;Lancamento Contabil - 4.01.001 - Ref 02/2024
DOC-100318;2024-02-25;202402;4.01.001;CC2001;212545.84;Lancamento Contabil - 4.01.001 - Ref 02/2024
DOC-100319;2024-02-26;202402;4.01.001;CC2001;2685.67;Lancamento Contabil - 4.01.001 - Ref 02/2024
DOC-100320;2024-02-29;202402;4.01.001;CC2001;192130.37;Lancamento Contabil - 4.01.001 - Ref 02/2024
DOC-100321;2024-02-03;202402;4.02.001;CC3001;44539.09;Lancamento Contabil - 4.02.001 - Ref 02/2024
DOC-100322;2024-02-06;202402;4.02.001;CC3001;37007.77;Lancamento Contabil - 4.02.001 - Ref 02/2024
DOC-100323;2024-02-20;202402;4.02.001;CC3001;78368.73;Lancamento Contabil - 4.02.001 - Ref 02/2024
DOC-100324;2024-02-22;202402;4.02.001;CC3001;49583.64;Lancamento Contabil - 4.02.001 - Ref 02/2024
DOC-100325;2024-02-28;202402;4.02.001;CC3001;60733.85;Lancamento Contabil - 4.02.001 - Ref 02/2024
DOC-100326;2024-02-02;202402;4.02.001;CC3003;9875.85;Lancamento Contabil - 4.02.001 - Ref 02/2024
DOC-100327;2024-02-04;202402;4.02.001;CC3003;5822.17;Lancamento Contabil - 4.02.001 - Ref 02/2024
DOC-100328;2024-02-08;202402;4.02.001;CC3003;41393.74;Lancamento Contabil - 4.02.001 - Ref 02/2024
DOC-100329;2024-02-13;202402;4.02.001;CC3003;49007.86;Lancamento Contabil - 4.02.001 - Ref 02/2024
DOC-100330;2024-02-19;202402;4.02.001;CC3003;138808.26;Lancamento Contabil - 4.02.001 - Ref 02/2024
DOC-100331;2024-02-20;202402;4.02.001;CC3003;15859.34;Lancamento Contabil - 4.02.001 - Ref 02/2024
DOC-100332;2024-02-27;202402;4.02.001;CC3003;13867.22;Lancamento Contabil - 4.02.001 - Ref 02/2024
DOC-100333;2024-02-11;202402;4.03.001;CC3002;72131.62;Lancamento Contabil - 4.03.001 - Ref 02/2024
DOC-100334;2024-02-14;202402;4.03.001;CC3002;52808.4;Lancamento Contabil - 4.03.001 - Ref 02/2024
DOC-100335;2024-02-17;202402;4.03.001;CC3002;15137.56;Lancamento Contabil - 4.03.001 - Ref 02/2024
DOC-100336;2024-02-19;202402;4.03.001;CC3002;37543.91;Lancamento Contabil - 4.03.001 - Ref 02/2024
DOC-100337;2024-02-22;202402;4.03.001;CC3002;37945.03;Lancamento Contabil - 4.03.001 - Ref 02/2024
DOC-100338;2024-02-05;202402;4.04.001;CC1001;1327.51;Lancamento Contabil - 4.04.001 - Ref 02/2024
DOC-100339;2024-02-07;202402;4.04.001;CC1001;28400.52;Lancamento Contabil - 4.04.001 - Ref 02/2024
DOC-100340;2024-02-08;202402;4.04.001;CC1001;8583.26;Lancamento Contabil - 4.04.001 - Ref 02/2024
DOC-100341;2024-02-09;202402;4.04.001;CC1001;21361.36;Lancamento Contabil - 4.04.001 - Ref 02/2024
DOC-100342;2024-02-11;202402;4.04.001;CC1001;4704.89;Lancamento Contabil - 4.04.001 - Ref 02/2024
DOC-100343;2024-02-13;202402;4.04.001;CC1001;27550.92;Lancamento Contabil - 4.04.001 - Ref 02/2024
DOC-100344;2024-02-22;202402;4.04.001;CC1001;6013.08;Lancamento Contabil - 4.04.001 - Ref 02/2024
DOC-100345;2024-02-23;202402;4.04.001;CC1001;132.91;Lancamento Contabil - 4.04.001 - Ref 02/2024
DOC-100346;2024-02-01;202402;4.04.001;CC3001;32300.23;Lancamento Contabil - 4.04.001 - Ref 02/2024
DOC-100347;2024-02-03;202402;4.04.001;CC3001;9148.99;Lancamento Contabil - 4.04.001 - Ref 02/2024
DOC-100348;2024-02-11;202402;4.04.001;CC3001;10730.02;Lancamento Contabil - 4.04.001 - Ref 02/2024
DOC-100349;2024-02-15;202402;4.04.001;CC3001;6389.44;Lancamento Contabil - 4.04.001 - Ref 02/2024
DOC-100350;2024-02-19;202402;4.04.001;CC3001;3726.43;Lancamento Contabil - 4.04.001 - Ref 02/2024
DOC-100351;2024-02-20;202402;4.04.001;CC3001;4279.06;Lancamento Contabil - 4.04.001 - Ref 02/2024
DOC-100352;2024-02-25;202402;4.04.001;CC3001;11987.41;Lancamento Contabil - 4.04.001 - Ref 02/2024
DOC-100353;2024-02-29;202402;4.04.001;CC3001;14988.91;Lancamento Contabil - 4.04.001 - Ref 02/2024
DOC-100354;2024-02-03;202402;4.05.001;CC4001;76082.25;Lancamento Contabil - 4.05.001 - Ref 02/2024
DOC-100355;2024-02-07;202402;4.05.001;CC4001;75627.93;Lancamento Contabil - 4.05.001 - Ref 02/2024
DOC-100356;2024-02-09;202402;4.05.001;CC4001;4639.9;Lancamento Contabil - 4.05.001 - Ref 02/2024
DOC-100357;2024-02-17;202402;4.05.001;CC4001;33090.18;Lancamento Contabil - 4.05.001 - Ref 02/2024
DOC-100358;2024-02-18;202402;4.05.001;CC4001;2876.1;Lancamento Contabil - 4.05.001 - Ref 02/2024
DOC-100359;2024-02-03;202402;4.06.001;CC3001;25865.38;Lancamento Contabil - 4.06.001 - Ref 02/2024
DOC-100360;2024-02-06;202402;4.06.001;CC3001;5112.37;Lancamento Contabil - 4.06.001 - Ref 02/2024
DOC-100361;2024-02-08;202402;4.06.001;CC3001;1472.77;Lancamento Contabil - 4.06.001 - Ref 02/2024
DOC-100362;2024-02-10;202402;4.06.001;CC3001;1825.3;Lancamento Contabil - 4.06.001 - Ref 02/2024
DOC-100363;2024-02-12;202402;4.06.001;CC3001;16955.96;Lancamento Contabil - 4.06.001 - Ref 02/2024
DOC-100364;2024-02-29;202402;4.06.001;CC3001;11390.15;Lancamento Contabil - 4.06.001 - Ref 02/2024
DOC-100365;2024-02-01;202402;4.06.001;CC1005;853.41;Lancamento Contabil - 4.06.001 - Ref 02/2024
DOC-100366;2024-02-04;202402;4.06.001;CC1005;703.29;Lancamento Contabil - 4.06.001 - Ref 02/2024
DOC-100367;2024-02-10;202402;4.06.001;CC1005;9663.77;Lancamento Contabil - 4.06.001 - Ref 02/2024
DOC-100368;2024-02-17;202402;4.06.001;CC1005;604.75;Lancamento Contabil - 4.06.001 - Ref 02/2024
DOC-100369;2024-02-18;202402;4.06.001;CC1005;13810.2;Lancamento Contabil - 4.06.001 - Ref 02/2024
DOC-100370;2024-02-20;202402;4.06.001;CC1005;9806.19;Lancamento Contabil - 4.06.001 - Ref 02/2024
DOC-100371;2024-02-21;202402;4.06.001;CC1005;679.22;Lancamento Contabil - 4.06.001 - Ref 02/2024
DOC-100372;2024-02-23;202402;4.06.001;CC1005;709.68;Lancamento Contabil - 4.06.001 - Ref 02/2024
DOC-100373;2024-02-26;202402;4.06.001;CC1005;34545.47;Lancamento Contabil - 4.06.001 - Ref 02/2024
DOC-100374;2024-02-27;202402;4.06.001;CC1005;3753.07;Lancamento Contabil - 4.06.001 - Ref 02/2024
DOC-100375;2024-02-28;202402;4.06.001;CC1005;3706.78;Lancamento Contabil - 4.06.001 - Ref 02/2024
DOC-100376;2024-02-04;202402;5.01.001;CC3001;109348.95;Lancamento Contabil - 5.01.001 - Ref 02/2024
DOC-100377;2024-02-05;202402;5.01.001;CC3001;59535.68;Lancamento Contabil - 5.01.001 - Ref 02/2024
DOC-100378;2024-02-09;202402;5.01.001;CC3001;40209.52;Lancamento Contabil - 5.01.001 - Ref 02/2024
DOC-100379;2024-02-18;202402;5.01.001;CC3001;172499.97;Lancamento Contabil - 5.01.001 - Ref 02/2024
DOC-100380;2024-02-24;202402;5.01.001;CC3001;8586.27;Lancamento Contabil - 5.01.001 - Ref 02/2024
DOC-100381;2024-02-28;202402;5.01.001;CC3001;49421.61;Lancamento Contabil - 5.01.001 - Ref 02/2024
DOC-100382;2024-02-07;202402;5.02.001;CC3001;1029.04;Lancamento Contabil - 5.02.001 - Ref 02/2024
DOC-100383;2024-02-10;202402;5.02.001;CC3001;56987.38;Lancamento Contabil - 5.02.001 - Ref 02/2024
DOC-100384;2024-02-11;202402;5.02.001;CC3001;5222.46;Lancamento Contabil - 5.02.001 - Ref 02/2024
DOC-100385;2024-02-20;202402;5.02.001;CC3001;11399.29;Lancamento Contabil - 5.02.001 - Ref 02/2024
DOC-100386;2024-02-21;202402;5.02.001;CC3001;11267.29;Lancamento Contabil - 5.02.001 - Ref 02/2024
DOC-100387;2024-02-22;202402;5.02.001;CC3001;94406.2;Lancamento Contabil - 5.02.001 - Ref 02/2024
DOC-100388;2024-02-23;202402;5.02.001;CC3001;123517.4;Lancamento Contabil - 5.02.001 - Ref 02/2024
DOC-100389;2024-02-27;202402;5.02.001;CC3001;78904.35;Lancamento Contabil - 5.02.001 - Ref 02/2024
DOC-100390;2024-02-02;202402;5.03.001;CC3001;3206.42;Lancamento Contabil - 5.03.001 - Ref 02/2024
DOC-100391;2024-02-03;202402;5.03.001;CC3001;19340.34;Lancamento Contabil - 5.03.001 - Ref 02/2024
DOC-100392;2024-02-09;202402;5.03.001;CC3001;2411.77;Lancamento Contabil - 5.03.001 - Ref 02/2024
DOC-100393;2024-02-14;202402;5.03.001;CC3001;31475.02;Lancamento Contabil - 5.03.001 - Ref 02/2024
DOC-100394;2024-02-16;202402;5.03.001;CC3001;116.54;Lancamento Contabil - 5.03.001 - Ref 02/2024
DOC-100395;2024-02-17;202402;5.03.001;CC3001;33377.67;Lancamento Contabil - 5.03.001 - Ref 02/2024
DOC-100396;2024-02-21;202402;5.03.001;CC3001;420.44;Lancamento Contabil - 5.03.001 - Ref 02/2024
DOC-100397;2024-02-27;202402;5.03.001;CC3001;21133.99;Lancamento Contabil - 5.03.001 - Ref 02/2024
DOC-100398;2024-02-01;202402;6.01.001;CC3001;148546.72;Lancamento Contabil - 6.01.001 - Ref 02/2024
DOC-100399;2024-02-05;202402;6.01.001;CC3001;981573.37;Lancamento Contabil - 6.01.001 - Ref 02/2024
DOC-100400;2024-02-11;202402;6.01.001;CC3001;15180.83;Lancamento Contabil - 6.01.001 - Ref 02/2024
DOC-100401;2024-02-25;202402;6.01.001;CC3001;159827.46;Lancamento Contabil - 6.01.001 - Ref 02/2024
DOC-100402;2024-03-01;202403;1.01.001;CC4001;2754093.91;Lancamento Contabil - 1.01.001 - Ref 03/2024
DOC-100403;2024-03-06;202403;1.01.001;CC4001;3301436.99;Lancamento Contabil - 1.01.001 - Ref 03/2024
DOC-100404;2024-03-14;202403;1.01.001;CC4001;1681729.99;Lancamento Contabil - 1.01.001 - Ref 03/2024
DOC-100405;2024-03-15;202403;1.01.001;CC4001;2740348.48;Lancamento Contabil - 1.01.001 - Ref 03/2024
DOC-100406;2024-03-18;202403;1.01.001;CC4001;2435569.17;Lancamento Contabil - 1.01.001 - Ref 03/2024
DOC-100407;2024-03-23;202403;1.01.001;CC4001;6420947.74;Lancamento Contabil - 1.01.001 - Ref 03/2024
DOC-100408;2024-03-24;202403;1.01.001;CC4001;129048.24;Lancamento Contabil - 1.01.001 - Ref 03/2024
DOC-100409;2024-03-28;202403;1.01.001;CC4001;915164.17;Lancamento Contabil - 1.01.001 - Ref 03/2024
DOC-100410;2024-03-03;202403;1.01.002;CC4001;992963.38;Lancamento Contabil - 1.01.002 - Ref 03/2024
DOC-100411;2024-03-05;202403;1.01.002;CC4001;730402.83;Lancamento Contabil - 1.01.002 - Ref 03/2024
DOC-100412;2024-03-23;202403;1.01.002;CC4001;201030.81;Lancamento Contabil - 1.01.002 - Ref 03/2024
DOC-100413;2024-03-29;202403;1.01.002;CC4001;319947.85;Lancamento Contabil - 1.01.002 - Ref 03/2024
DOC-100414;2024-03-31;202403;1.01.002;CC4001;107386.1;Lancamento Contabil - 1.01.002 - Ref 03/2024
DOC-100415;2024-03-02;202403;1.02.001;CC1004;15320.66;Lancamento Contabil - 1.02.001 - Ref 03/2024
DOC-100416;2024-03-05;202403;1.02.001;CC1004;30793.72;Lancamento Contabil - 1.02.001 - Ref 03/2024
DOC-100417;2024-03-10;202403;1.02.001;CC1004;2843.84;Lancamento Contabil - 1.02.001 - Ref 03/2024
DOC-100418;2024-03-12;202403;1.02.001;CC1004;128797.24;Lancamento Contabil - 1.02.001 - Ref 03/2024
DOC-100419;2024-03-14;202403;1.02.001;CC1004;150547.36;Lancamento Contabil - 1.02.001 - Ref 03/2024
DOC-100420;2024-03-18;202403;1.02.001;CC1004;42096.38;Lancamento Contabil - 1.02.001 - Ref 03/2024
DOC-100421;2024-03-19;202403;1.02.001;CC1004;26992.49;Lancamento Contabil - 1.02.001 - Ref 03/2024
DOC-100422;2024-03-23;202403;1.02.001;CC1004;13016.19;Lancamento Contabil - 1.02.001 - Ref 03/2024
DOC-100423;2024-03-26;202403;1.02.001;CC1004;59071.91;Lancamento Contabil - 1.02.001 - Ref 03/2024
DOC-100424;2024-03-27;202403;1.02.001;CC1004;40566.46;Lancamento Contabil - 1.02.001 - Ref 03/2024
DOC-100425;2024-03-29;202403;1.02.001;CC1004;6236.93;Lancamento Contabil - 1.02.001 - Ref 03/2024
DOC-100426;2024-03-31;202403;1.02.001;CC1004;84986.06;Lancamento Contabil - 1.02.001 - Ref 03/2024
DOC-100427;2024-03-04;202403;2.01.001;CC3001;369798.96;Lancamento Contabil - 2.01.001 - Ref 03/2024
DOC-100428;2024-03-07;202403;2.01.001;CC3001;639875.82;Lancamento Contabil - 2.01.001 - Ref 03/2024
DOC-100429;2024-03-08;202403;2.01.001;CC3001;276677.23;Lancamento Contabil - 2.01.001 - Ref 03/2024
DOC-100430;2024-03-12;202403;2.01.001;CC3001;203273.3;Lancamento Contabil - 2.01.001 - Ref 03/2024
DOC-100431;2024-03-14;202403;2.01.001;CC3001;115859.84;Lancamento Contabil - 2.01.001 - Ref 03/2024
DOC-100432;2024-03-18;202403;2.01.001;CC3001;577268.56;Lancamento Contabil - 2.01.001 - Ref 03/2024
DOC-100433;2024-03-22;202403;2.01.001;CC3001;429984.59;Lancamento Contabil - 2.01.001 - Ref 03/2024
DOC-100434;2024-03-25;202403;2.01.001;CC3001;9896.9;Lancamento Contabil - 2.01.001 - Ref 03/2024
DOC-100435;2024-03-30;202403;2.01.001;CC3001;5715.07;Lancamento Contabil - 2.01.001 - Ref 03/2024
DOC-100436;2024-03-06;202403;2.02.001;CC4001;63426.37;Lancamento Contabil - 2.02.001 - Ref 03/2024
DOC-100437;2024-03-08;202403;2.02.001;CC4001;2369.03;Lancamento Contabil - 2.02.001 - Ref 03/2024
DOC-100438;2024-03-26;202403;2.02.001;CC4001;13104.83;Lancamento Contabil - 2.02.001 - Ref 03/2024
DOC-100439;2024-03-28;202403;2.02.001;CC4001;6968.23;Lancamento Contabil - 2.02.001 - Ref 03/2024
DOC-100440;2024-03-30;202403;2.02.001;CC4001;50919.69;Lancamento Contabil - 2.02.001 - Ref 03/2024
DOC-100441;2024-03-31;202403;2.02.001;CC4001;26826.81;Lancamento Contabil - 2.02.001 - Ref 03/2024
DOC-100442;2024-03-01;202403;3.01.001;CC1001;7322566.54;Lancamento Contabil - 3.01.001 - Ref 03/2024
DOC-100443;2024-03-06;202403;3.01.001;CC1001;2541395.23;Lancamento Contabil - 3.01.001 - Ref 03/2024
DOC-100444;2024-03-11;202403;3.01.001;CC1001;2153280.87;Lancamento Contabil - 3.01.001 - Ref 03/2024
DOC-100445;2024-03-14;202403;3.01.001;CC1001;1283481.06;Lancamento Contabil - 3.01.001 - Ref 03/2024
DOC-100446;2024-03-24;202403;3.01.001;CC1001;233184.41;Lancamento Contabil - 3.01.001 - Ref 03/2024
DOC-100447;2024-03-29;202403;3.01.001;CC1001;8038817.66;Lancamento Contabil - 3.01.001 - Ref 03/2024
DOC-100448;2024-03-04;202403;3.02.001;CC1002;194806.18;Lancamento Contabil - 3.02.001 - Ref 03/2024
DOC-100449;2024-03-06;202403;3.02.001;CC1002;385039.7;Lancamento Contabil - 3.02.001 - Ref 03/2024
DOC-100450;2024-03-08;202403;3.02.001;CC1002;251905.8;Lancamento Contabil - 3.02.001 - Ref 03/2024
DOC-100451;2024-03-09;202403;3.02.001;CC1002;37777.45;Lancamento Contabil - 3.02.001 - Ref 03/2024
DOC-100452;2024-03-22;202403;3.02.001;CC1002;79612.72;Lancamento Contabil - 3.02.001 - Ref 03/2024
DOC-100453;2024-03-23;202403;3.02.001;CC1002;18386.2;Lancamento Contabil - 3.02.001 - Ref 03/2024
DOC-100454;2024-03-24;202403;3.02.001;CC1002;409509.02;Lancamento Contabil - 3.02.001 - Ref 03/2024
DOC-100455;2024-03-26;202403;3.02.001;CC1002;123887.12;Lancamento Contabil - 3.02.001 - Ref 03/2024
DOC-100456;2024-03-28;202403;3.02.001;CC1002;34513.75;Lancamento Contabil - 3.02.001 - Ref 03/2024
DOC-100457;2024-03-31;202403;3.02.001;CC1002;148081.2;Lancamento Contabil - 3.02.001 - Ref 03/2024
DOC-100458;2024-03-02;202403;3.02.001;CC1003;178015.99;Lancamento Contabil - 3.02.001 - Ref 03/2024
DOC-100459;2024-03-07;202403;3.02.001;CC1003;81996.84;Lancamento Contabil - 3.02.001 - Ref 03/2024
DOC-100460;2024-03-08;202403;3.02.001;CC1003;22289.97;Lancamento Contabil - 3.02.001 - Ref 03/2024
DOC-100461;2024-03-10;202403;3.02.001;CC1003;205896.37;Lancamento Contabil - 3.02.001 - Ref 03/2024
DOC-100462;2024-03-12;202403;3.02.001;CC1003;135843.38;Lancamento Contabil - 3.02.001 - Ref 03/2024
DOC-100463;2024-03-15;202403;3.02.001;CC1003;273644.35;Lancamento Contabil - 3.02.001 - Ref 03/2024
DOC-100464;2024-03-16;202403;3.02.001;CC1003;135787.8;Lancamento Contabil - 3.02.001 - Ref 03/2024
DOC-100465;2024-03-27;202403;3.02.001;CC1003;353522.49;Lancamento Contabil - 3.02.001 - Ref 03/2024
DOC-100466;2024-03-28;202403;3.02.001;CC1003;148444.43;Lancamento Contabil - 3.02.001 - Ref 03/2024
DOC-100467;2024-03-31;202403;3.02.001;CC1003;152209.47;Lancamento Contabil - 3.02.001 - Ref 03/2024
DOC-100468;2024-03-01;202403;3.03.001;CC1002;16543.27;Lancamento Contabil - 3.03.001 - Ref 03/2024
DOC-100469;2024-03-03;202403;3.03.001;CC1002;3357.8;Lancamento Contabil - 3.03.001 - Ref 03/2024
DOC-100470;2024-03-07;202403;3.03.001;CC1002;161774.0;Lancamento Contabil - 3.03.001 - Ref 03/2024
DOC-100471;2024-03-09;202403;3.03.001;CC1002;111340.0;Lancamento Contabil - 3.03.001 - Ref 03/2024
DOC-100472;2024-03-11;202403;3.03.001;CC1002;139998.97;Lancamento Contabil - 3.03.001 - Ref 03/2024
DOC-100473;2024-03-13;202403;3.03.001;CC1002;27533.97;Lancamento Contabil - 3.03.001 - Ref 03/2024
DOC-100474;2024-03-22;202403;3.03.001;CC1002;16856.52;Lancamento Contabil - 3.03.001 - Ref 03/2024
DOC-100475;2024-03-01;202403;3.03.001;CC1003;1270.69;Lancamento Contabil - 3.03.001 - Ref 03/2024
DOC-100476;2024-03-11;202403;3.03.001;CC1003;37439.22;Lancamento Contabil - 3.03.001 - Ref 03/2024
DOC-100477;2024-03-12;202403;3.03.001;CC1003;77308.8;Lancamento Contabil - 3.03.001 - Ref 03/2024
DOC-100478;2024-03-13;202403;3.03.001;CC1003;43188.79;Lancamento Contabil - 3.03.001 - Ref 03/2024
DOC-100479;2024-03-17;202403;3.03.001;CC1003;49896.11;Lancamento Contabil - 3.03.001 - Ref 03/2024
DOC-100480;2024-03-18;202403;3.03.001;CC1003;203381.66;Lancamento Contabil - 3.03.001 - Ref 03/2024
DOC-100481;2024-03-21;202403;3.03.001;CC1003;37128.33;Lancamento Contabil - 3.03.001 - Ref 03/2024
DOC-100482;2024-03-22;202403;3.03.001;CC1003;62576.17;Lancamento Contabil - 3.03.001 - Ref 03/2024
DOC-100483;2024-03-06;202403;3.03.001;CC1005;52560.03;Lancamento Contabil - 3.03.001 - Ref 03/2024
DOC-100484;2024-03-09;202403;3.03.001;CC1005;107116.38;Lancamento Contabil - 3.03.001 - Ref 03/2024
DOC-100485;2024-03-19;202403;3.03.001;CC1005;161294.61;Lancamento Contabil - 3.03.001 - Ref 03/2024
DOC-100486;2024-03-29;202403;3.03.001;CC1005;8592.57;Lancamento Contabil - 3.03.001 - Ref 03/2024
DOC-100487;2024-03-31;202403;3.03.001;CC1005;141065.06;Lancamento Contabil - 3.03.001 - Ref 03/2024
DOC-100488;2024-03-02;202403;3.04.001;CC1004;92454.65;Lancamento Contabil - 3.04.001 - Ref 03/2024
DOC-100489;2024-03-04;202403;3.04.001;CC1004;40766.59;Lancamento Contabil - 3.04.001 - Ref 03/2024
DOC-100490;2024-03-11;202403;3.04.001;CC1004;83868.91;Lancamento Contabil - 3.04.001 - Ref 03/2024
DOC-100491;2024-03-12;202403;3.04.001;CC1004;534072.22;Lancamento Contabil - 3.04.001 - Ref 03/2024
DOC-100492;2024-03-14;202403;3.04.001;CC1004;92589.54;Lancamento Contabil - 3.04.001 - Ref 03/2024
DOC-100493;2024-03-20;202403;3.04.001;CC1004;54396.68;Lancamento Contabil - 3.04.001 - Ref 03/2024
DOC-100494;2024-03-24;202403;3.04.001;CC1004;136939.61;Lancamento Contabil - 3.04.001 - Ref 03/2024
DOC-100495;2024-03-28;202403;3.04.001;CC1004;37476.86;Lancamento Contabil - 3.04.001 - Ref 03/2024
DOC-100496;2024-03-01;202403;3.05.001;CC1005;25599.43;Lancamento Contabil - 3.05.001 - Ref 03/2024
DOC-100497;2024-03-02;202403;3.05.001;CC1005;54086.79;Lancamento Contabil - 3.05.001 - Ref 03/2024
DOC-100498;2024-03-04;202403;3.05.001;CC1005;289597.54;Lancamento Contabil - 3.05.001 - Ref 03/2024
DOC-100499;2024-03-07;202403;3.05.001;CC1005;81917.27;Lancamento Contabil - 3.05.001 - Ref 03/2024
DOC-100500;2024-03-09;202403;3.05.001;CC1005;140437.8;Lancamento Contabil - 3.05.001 - Ref 03/2024
DOC-100501;2024-03-13;202403;3.05.001;CC1005;24117.91;Lancamento Contabil - 3.05.001 - Ref 03/2024
DOC-100502;2024-03-14;202403;3.05.001;CC1005;27232.3;Lancamento Contabil - 3.05.001 - Ref 03/2024
DOC-100503;2024-03-17;202403;3.05.001;CC1005;5321.11;Lancamento Contabil - 3.05.001 - Ref 03/2024
DOC-100504;2024-03-18;202403;3.05.001;CC1005;23597.48;Lancamento Contabil - 3.05.001 - Ref 03/2024
DOC-100505;2024-03-19;202403;3.05.001;CC1005;41641.84;Lancamento Contabil - 3.05.001 - Ref 03/2024
DOC-100506;2024-03-23;202403;3.05.001;CC1005;24842.65;Lancamento Contabil - 3.05.001 - Ref 03/2024
DOC-100507;2024-03-29;202403;3.05.001;CC1005;11844.93;Lancamento Contabil - 3.05.001 - Ref 03/2024
DOC-100508;2024-03-22;202403;3.06.001;CC1002;520347.89;Lancamento Contabil - 3.06.001 - Ref 03/2024
DOC-100509;2024-03-24;202403;3.06.001;CC1003;504335.52;Lancamento Contabil - 3.06.001 - Ref 03/2024
DOC-100510;2024-03-03;202403;4.01.001;CC2001;230512.68;Lancamento Contabil - 4.01.001 - Ref 03/2024
DOC-100511;2024-03-11;202403;4.01.001;CC2001;386091.85;Lancamento Contabil - 4.01.001 - Ref 03/2024
DOC-100512;2024-03-12;202403;4.01.001;CC2001;13206.87;Lancamento Contabil - 4.01.001 - Ref 03/2024
DOC-100513;2024-03-14;202403;4.01.001;CC2001;529020.78;Lancamento Contabil - 4.01.001 - Ref 03/2024
DOC-100514;2024-03-20;202403;4.01.001;CC2001;325545.27;Lancamento Contabil - 4.01.001 - Ref 03/2024
DOC-100515;2024-03-22;202403;4.01.001;CC2001;28087.9;Lancamento Contabil - 4.01.001 - Ref 03/2024
DOC-100516;2024-03-27;202403;4.01.001;CC2001;681039.62;Lancamento Contabil - 4.01.001 - Ref 03/2024
DOC-100517;2024-03-10;202403;4.02.001;CC3001;138019.59;Lancamento Contabil - 4.02.001 - Ref 03/2024
DOC-100518;2024-03-17;202403;4.02.001;CC3001;20410.37;Lancamento Contabil - 4.02.001 - Ref 03/2024
DOC-100519;2024-03-22;202403;4.02.001;CC3001;23504.19;Lancamento Contabil - 4.02.001 - Ref 03/2024
DOC-100520;2024-03-24;202403;4.02.001;CC3001;46306.65;Lancamento Contabil - 4.02.001 - Ref 03/2024
DOC-100521;2024-03-29;202403;4.02.001;CC3001;66306.55;Lancamento Contabil - 4.02.001 - Ref 03/2024
DOC-100522;2024-03-05;202403;4.02.001;CC3003;29811.62;Lancamento Contabil - 4.02.001 - Ref 03/2024
DOC-100523;2024-03-07;202403;4.02.001;CC3003;14249.88;Lancamento Contabil - 4.02.001 - Ref 03/2024
DOC-100524;2024-03-10;202403;4.02.001;CC3003;19220.91;Lancamento Contabil - 4.02.001 - Ref 03/2024
DOC-100525;2024-03-11;202403;4.02.001;CC3003;42603.88;Lancamento Contabil - 4.02.001 - Ref 03/2024
DOC-100526;2024-03-13;202403;4.02.001;CC3003;1156.95;Lancamento Contabil - 4.02.001 - Ref 03/2024
DOC-100527;2024-03-14;202403;4.02.001;CC3003;9006.52;Lancamento Contabil - 4.02.001 - Ref 03/2024
DOC-100528;2024-03-18;202403;4.02.001;CC3003;38680.48;Lancamento Contabil - 4.02.001 - Ref 03/2024
DOC-100529;2024-03-22;202403;4.02.001;CC3003;69831.71;Lancamento Contabil - 4.02.001 - Ref 03/2024
DOC-100530;2024-03-23;202403;4.02.001;CC3003;22189.31;Lancamento Contabil - 4.02.001 - Ref 03/2024
DOC-100531;2024-03-30;202403;4.02.001;CC3003;23512.73;Lancamento Contabil - 4.02.001 - Ref 03/2024
DOC-100532;2024-03-01;202403;4.03.001;CC3002;75804.57;Lancamento Contabil - 4.03.001 - Ref 03/2024
DOC-100533;2024-03-10;202403;4.03.001;CC3002;27675.78;Lancamento Contabil - 4.03.001 - Ref 03/2024
DOC-100534;2024-03-13;202403;4.03.001;CC3002;31261.84;Lancamento Contabil - 4.03.001 - Ref 03/2024
DOC-100535;2024-03-18;202403;4.03.001;CC3002;47207.01;Lancamento Contabil - 4.03.001 - Ref 03/2024
DOC-100536;2024-03-19;202403;4.03.001;CC3002;2020.71;Lancamento Contabil - 4.03.001 - Ref 03/2024
DOC-100537;2024-03-20;202403;4.03.001;CC3002;38741.59;Lancamento Contabil - 4.03.001 - Ref 03/2024
DOC-100538;2024-03-07;202403;4.04.001;CC1001;2835.87;Lancamento Contabil - 4.04.001 - Ref 03/2024
DOC-100539;2024-03-10;202403;4.04.001;CC1001;4736.25;Lancamento Contabil - 4.04.001 - Ref 03/2024
DOC-100540;2024-03-11;202403;4.04.001;CC1001;1522.8;Lancamento Contabil - 4.04.001 - Ref 03/2024
DOC-100541;2024-03-14;202403;4.04.001;CC1001;26407.0;Lancamento Contabil - 4.04.001 - Ref 03/2024
DOC-100542;2024-03-19;202403;4.04.001;CC1001;10748.63;Lancamento Contabil - 4.04.001 - Ref 03/2024
DOC-100543;2024-03-20;202403;4.04.001;CC1001;13568.71;Lancamento Contabil - 4.04.001 - Ref 03/2024
DOC-100544;2024-03-21;202403;4.04.001;CC1001;18583.42;Lancamento Contabil - 4.04.001 - Ref 03/2024
DOC-100545;2024-03-26;202403;4.04.001;CC1001;8237.4;Lancamento Contabil - 4.04.001 - Ref 03/2024
DOC-100546;2024-03-03;202403;4.04.001;CC3001;7213.72;Lancamento Contabil - 4.04.001 - Ref 03/2024
DOC-100547;2024-03-06;202403;4.04.001;CC3001;11166.05;Lancamento Contabil - 4.04.001 - Ref 03/2024
DOC-100548;2024-03-07;202403;4.04.001;CC3001;4611.26;Lancamento Contabil - 4.04.001 - Ref 03/2024
DOC-100549;2024-03-10;202403;4.04.001;CC3001;1113.86;Lancamento Contabil - 4.04.001 - Ref 03/2024
DOC-100550;2024-03-15;202403;4.04.001;CC3001;2723.84;Lancamento Contabil - 4.04.001 - Ref 03/2024
DOC-100551;2024-03-16;202403;4.04.001;CC3001;3681.56;Lancamento Contabil - 4.04.001 - Ref 03/2024
DOC-100552;2024-03-17;202403;4.04.001;CC3001;8472.98;Lancamento Contabil - 4.04.001 - Ref 03/2024
DOC-100553;2024-03-22;202403;4.04.001;CC3001;6902.45;Lancamento Contabil - 4.04.001 - Ref 03/2024
DOC-100554;2024-03-24;202403;4.04.001;CC3001;3592.54;Lancamento Contabil - 4.04.001 - Ref 03/2024
DOC-100555;2024-03-29;202403;4.04.001;CC3001;35142.98;Lancamento Contabil - 4.04.001 - Ref 03/2024
DOC-100556;2024-03-31;202403;4.04.001;CC3001;7596.55;Lancamento Contabil - 4.04.001 - Ref 03/2024
DOC-100557;2024-03-03;202403;4.05.001;CC4001;9294.81;Lancamento Contabil - 4.05.001 - Ref 03/2024
DOC-100558;2024-03-05;202403;4.05.001;CC4001;3684.47;Lancamento Contabil - 4.05.001 - Ref 03/2024
DOC-100559;2024-03-07;202403;4.05.001;CC4001;5693.99;Lancamento Contabil - 4.05.001 - Ref 03/2024
DOC-100560;2024-03-08;202403;4.05.001;CC4001;9689.96;Lancamento Contabil - 4.05.001 - Ref 03/2024
DOC-100561;2024-03-10;202403;4.05.001;CC4001;6012.4;Lancamento Contabil - 4.05.001 - Ref 03/2024
DOC-100562;2024-03-11;202403;4.05.001;CC4001;7087.67;Lancamento Contabil - 4.05.001 - Ref 03/2024
DOC-100563;2024-03-20;202403;4.05.001;CC4001;11519.41;Lancamento Contabil - 4.05.001 - Ref 03/2024
DOC-100564;2024-03-21;202403;4.05.001;CC4001;6535.42;Lancamento Contabil - 4.05.001 - Ref 03/2024
DOC-100565;2024-03-22;202403;4.05.001;CC4001;77941.78;Lancamento Contabil - 4.05.001 - Ref 03/2024
DOC-100566;2024-03-25;202403;4.05.001;CC4001;2870.73;Lancamento Contabil - 4.05.001 - Ref 03/2024
DOC-100567;2024-03-26;202403;4.05.001;CC4001;25517.05;Lancamento Contabil - 4.05.001 - Ref 03/2024
DOC-100568;2024-03-31;202403;4.05.001;CC4001;18133.68;Lancamento Contabil - 4.05.001 - Ref 03/2024
DOC-100569;2024-03-02;202403;4.06.001;CC3001;34967.51;Lancamento Contabil - 4.06.001 - Ref 03/2024
DOC-100570;2024-03-08;202403;4.06.001;CC3001;29606.57;Lancamento Contabil - 4.06.001 - Ref 03/2024
DOC-100571;2024-03-16;202403;4.06.001;CC3001;5198.74;Lancamento Contabil - 4.06.001 - Ref 03/2024
DOC-100572;2024-03-20;202403;4.06.001;CC3001;3266.25;Lancamento Contabil - 4.06.001 - Ref 03/2024
DOC-100573;2024-03-14;202403;4.06.001;CC1005;13659.6;Lancamento Contabil - 4.06.001 - Ref 03/2024
DOC-100574;2024-03-15;202403;4.06.001;CC1005;32776.15;Lancamento Contabil - 4.06.001 - Ref 03/2024
DOC-100575;2024-03-19;202403;4.06.001;CC1005;10062.06;Lancamento Contabil - 4.06.001 - Ref 03/2024
DOC-100576;2024-03-21;202403;4.06.001;CC1005;10483.47;Lancamento Contabil - 4.06.001 - Ref 03/2024
DOC-100577;2024-03-29;202403;4.06.001;CC1005;4062.11;Lancamento Contabil - 4.06.001 - Ref 03/2024
DOC-100578;2024-03-05;202403;5.01.001;CC3001;51695.68;Lancamento Contabil - 5.01.001 - Ref 03/2024
DOC-100579;2024-03-08;202403;5.01.001;CC3001;73249.22;Lancamento Contabil - 5.01.001 - Ref 03/2024
DOC-100580;2024-03-13;202403;5.01.001;CC3001;93650.6;Lancamento Contabil - 5.01.001 - Ref 03/2024
DOC-100581;2024-03-16;202403;5.01.001;CC3001;36696.03;Lancamento Contabil - 5.01.001 - Ref 03/2024
DOC-100582;2024-03-23;202403;5.01.001;CC3001;16124.28;Lancamento Contabil - 5.01.001 - Ref 03/2024
DOC-100583;2024-03-29;202403;5.01.001;CC3001;124676.21;Lancamento Contabil - 5.01.001 - Ref 03/2024
DOC-100584;2024-03-31;202403;5.01.001;CC3001;45017.14;Lancamento Contabil - 5.01.001 - Ref 03/2024
DOC-100585;2024-03-04;202403;5.02.001;CC3001;142053.86;Lancamento Contabil - 5.02.001 - Ref 03/2024
DOC-100586;2024-03-25;202403;5.02.001;CC3001;27362.1;Lancamento Contabil - 5.02.001 - Ref 03/2024
DOC-100587;2024-03-28;202403;5.02.001;CC3001;107075.94;Lancamento Contabil - 5.02.001 - Ref 03/2024
DOC-100588;2024-03-29;202403;5.02.001;CC3001;124117.75;Lancamento Contabil - 5.02.001 - Ref 03/2024
DOC-100589;2024-03-02;202403;5.03.001;CC3001;1424.58;Lancamento Contabil - 5.03.001 - Ref 03/2024
DOC-100590;2024-03-04;202403;5.03.001;CC3001;646.14;Lancamento Contabil - 5.03.001 - Ref 03/2024
DOC-100591;2024-03-06;202403;5.03.001;CC3001;45409.11;Lancamento Contabil - 5.03.001 - Ref 03/2024
DOC-100592;2024-03-08;202403;5.03.001;CC3001;3840.31;Lancamento Contabil - 5.03.001 - Ref 03/2024
DOC-100593;2024-03-15;202403;5.03.001;CC3001;16383.19;Lancamento Contabil - 5.03.001 - Ref 03/2024
DOC-100594;2024-03-17;202403;5.03.001;CC3001;2900.38;Lancamento Contabil - 5.03.001 - Ref 03/2024
DOC-100595;2024-03-18;202403;5.03.001;CC3001;11291.5;Lancamento Contabil - 5.03.001 - Ref 03/2024
DOC-100596;2024-03-23;202403;5.03.001;CC3001;14093.54;Lancamento Contabil - 5.03.001 - Ref 03/2024
DOC-100597;2024-03-26;202403;5.03.001;CC3001;8935.82;Lancamento Contabil - 5.03.001 - Ref 03/2024
DOC-100598;2024-03-31;202403;5.03.001;CC3001;6294.99;Lancamento Contabil - 5.03.001 - Ref 03/2024
DOC-100599;2024-03-05;202403;6.01.001;CC3001;45262.1;Lancamento Contabil - 6.01.001 - Ref 03/2024
DOC-100600;2024-03-11;202403;6.01.001;CC3001;36588.06;Lancamento Contabil - 6.01.001 - Ref 03/2024
DOC-100601;2024-03-15;202403;6.01.001;CC3001;226205.33;Lancamento Contabil - 6.01.001 - Ref 03/2024
DOC-100602;2024-03-17;202403;6.01.001;CC3001;151420.66;Lancamento Contabil - 6.01.001 - Ref 03/2024
DOC-100603;2024-03-18;202403;6.01.001;CC3001;285953.01;Lancamento Contabil - 6.01.001 - Ref 03/2024
DOC-100604;2024-03-20;202403;6.01.001;CC3001;11318.86;Lancamento Contabil - 6.01.001 - Ref 03/2024
DOC-100605;2024-03-22;202403;6.01.001;CC3001;111932.08;Lancamento Contabil - 6.01.001 - Ref 03/2024
DOC-100606;2024-03-25;202403;6.01.001;CC3001;237596.05;Lancamento Contabil - 6.01.001 - Ref 03/2024
DOC-100607;2024-03-26;202403;6.01.001;CC3001;17051.88;Lancamento Contabil - 6.01.001 - Ref 03/2024
DOC-100608;2024-03-27;202403;6.01.001;CC3001;5868.02;Lancamento Contabil - 6.01.001 - Ref 03/2024
DOC-100609;2024-03-29;202403;6.01.001;CC3001;115244.44;Lancamento Contabil - 6.01.001 - Ref 03/2024
DOC-100610;2024-04-06;202404;1.01.001;CC4001;502265.6;Lancamento Contabil - 1.01.001 - Ref 04/2024
DOC-100611;2024-04-08;202404;1.01.001;CC4001;5291097.86;Lancamento Contabil - 1.01.001 - Ref 04/2024
DOC-100612;2024-04-09;202404;1.01.001;CC4001;751204.65;Lancamento Contabil - 1.01.001 - Ref 04/2024
DOC-100613;2024-04-15;202404;1.01.001;CC4001;596197.81;Lancamento Contabil - 1.01.001 - Ref 04/2024
DOC-100614;2024-04-16;202404;1.01.001;CC4001;598631.3;Lancamento Contabil - 1.01.001 - Ref 04/2024
DOC-100615;2024-04-18;202404;1.01.001;CC4001;5621541.41;Lancamento Contabil - 1.01.001 - Ref 04/2024
DOC-100616;2024-04-21;202404;1.01.001;CC4001;3650320.64;Lancamento Contabil - 1.01.001 - Ref 04/2024
DOC-100617;2024-04-24;202404;1.01.001;CC4001;2469910.39;Lancamento Contabil - 1.01.001 - Ref 04/2024
DOC-100618;2024-04-27;202404;1.01.001;CC4001;1482732.96;Lancamento Contabil - 1.01.001 - Ref 04/2024
DOC-100619;2024-04-28;202404;1.01.001;CC4001;6996313.97;Lancamento Contabil - 1.01.001 - Ref 04/2024
DOC-100620;2024-04-08;202404;1.01.002;CC4001;235797.0;Lancamento Contabil - 1.01.002 - Ref 04/2024
DOC-100621;2024-04-09;202404;1.01.002;CC4001;802570.68;Lancamento Contabil - 1.01.002 - Ref 04/2024
DOC-100622;2024-04-15;202404;1.01.002;CC4001;273634.34;Lancamento Contabil - 1.01.002 - Ref 04/2024
DOC-100623;2024-04-16;202404;1.01.002;CC4001;223875.82;Lancamento Contabil - 1.01.002 - Ref 04/2024
DOC-100624;2024-04-17;202404;1.01.002;CC4001;293927.69;Lancamento Contabil - 1.01.002 - Ref 04/2024
DOC-100625;2024-04-21;202404;1.01.002;CC4001;169707.64;Lancamento Contabil - 1.01.002 - Ref 04/2024
DOC-100626;2024-04-25;202404;1.01.002;CC4001;651478.34;Lancamento Contabil - 1.01.002 - Ref 04/2024
DOC-100627;2024-04-30;202404;1.01.002;CC4001;330572.41;Lancamento Contabil - 1.01.002 - Ref 04/2024
DOC-100628;2024-04-08;202404;1.02.001;CC1004;81243.15;Lancamento Contabil - 1.02.001 - Ref 04/2024
DOC-100629;2024-04-09;202404;1.02.001;CC1004;131557.7;Lancamento Contabil - 1.02.001 - Ref 04/2024
DOC-100630;2024-04-10;202404;1.02.001;CC1004;397465.75;Lancamento Contabil - 1.02.001 - Ref 04/2024
DOC-100631;2024-04-11;202404;1.02.001;CC1004;164186.5;Lancamento Contabil - 1.02.001 - Ref 04/2024
DOC-100632;2024-04-23;202404;1.02.001;CC1004;20852.88;Lancamento Contabil - 1.02.001 - Ref 04/2024
DOC-100633;2024-04-03;202404;2.01.001;CC3001;691179.24;Lancamento Contabil - 2.01.001 - Ref 04/2024
DOC-100634;2024-04-05;202404;2.01.001;CC3001;242985.2;Lancamento Contabil - 2.01.001 - Ref 04/2024
DOC-100635;2024-04-08;202404;2.01.001;CC3001;100291.54;Lancamento Contabil - 2.01.001 - Ref 04/2024
DOC-100636;2024-04-13;202404;2.01.001;CC3001;36881.89;Lancamento Contabil - 2.01.001 - Ref 04/2024
DOC-100637;2024-04-18;202404;2.01.001;CC3001;388549.66;Lancamento Contabil - 2.01.001 - Ref 04/2024
DOC-100638;2024-04-23;202404;2.01.001;CC3001;237992.73;Lancamento Contabil - 2.01.001 - Ref 04/2024
DOC-100639;2024-04-26;202404;2.01.001;CC3001;187490.75;Lancamento Contabil - 2.01.001 - Ref 04/2024
DOC-100640;2024-04-27;202404;2.01.001;CC3001;551667.08;Lancamento Contabil - 2.01.001 - Ref 04/2024
DOC-100641;2024-04-29;202404;2.01.001;CC3001;382153.01;Lancamento Contabil - 2.01.001 - Ref 04/2024
DOC-100642;2024-04-03;202404;2.02.001;CC4001;6567.16;Lancamento Contabil - 2.02.001 - Ref 04/2024
DOC-100643;2024-04-11;202404;2.02.001;CC4001;31319.03;Lancamento Contabil - 2.02.001 - Ref 04/2024
DOC-100644;2024-04-14;202404;2.02.001;CC4001;784.09;Lancamento Contabil - 2.02.001 - Ref 04/2024
DOC-100645;2024-04-15;202404;2.02.001;CC4001;19395.85;Lancamento Contabil - 2.02.001 - Ref 04/2024
DOC-100646;2024-04-18;202404;2.02.001;CC4001;33044.23;Lancamento Contabil - 2.02.001 - Ref 04/2024
DOC-100647;2024-04-28;202404;2.02.001;CC4001;48130.62;Lancamento Contabil - 2.02.001 - Ref 04/2024
DOC-100648;2024-04-29;202404;2.02.001;CC4001;9624.77;Lancamento Contabil - 2.02.001 - Ref 04/2024
DOC-100649;2024-04-07;202404;3.01.001;CC1001;11313200.29;Lancamento Contabil - 3.01.001 - Ref 04/2024
DOC-100650;2024-04-13;202404;3.01.001;CC1001;770355.11;Lancamento Contabil - 3.01.001 - Ref 04/2024
DOC-100651;2024-04-14;202404;3.01.001;CC1001;12311501.12;Lancamento Contabil - 3.01.001 - Ref 04/2024
DOC-100652;2024-04-27;202404;3.01.001;CC1001;896087.2;Lancamento Contabil - 3.01.001 - Ref 04/2024
DOC-100653;2024-04-19;202404;3.02.001;CC1002;118530.6;Lancamento Contabil - 3.02.001 - Ref 04/2024
DOC-100654;2024-04-25;202404;3.02.001;CC1002;190027.09;Lancamento Contabil - 3.02.001 - Ref 04/2024
DOC-100655;2024-04-28;202404;3.02.001;CC1002;934867.19;Lancamento Contabil - 3.02.001 - Ref 04/2024
DOC-100656;2024-04-29;202404;3.02.001;CC1002;929067.75;Lancamento Contabil - 3.02.001 - Ref 04/2024
DOC-100657;2024-04-01;202404;3.02.001;CC1003;242713.06;Lancamento Contabil - 3.02.001 - Ref 04/2024
DOC-100658;2024-04-10;202404;3.02.001;CC1003;280406.2;Lancamento Contabil - 3.02.001 - Ref 04/2024
DOC-100659;2024-04-12;202404;3.02.001;CC1003;185311.55;Lancamento Contabil - 3.02.001 - Ref 04/2024
DOC-100660;2024-04-13;202404;3.02.001;CC1003;68700.3;Lancamento Contabil - 3.02.001 - Ref 04/2024
DOC-100661;2024-04-14;202404;3.02.001;CC1003;100458.98;Lancamento Contabil - 3.02.001 - Ref 04/2024
DOC-100662;2024-04-16;202404;3.02.001;CC1003;47460.88;Lancamento Contabil - 3.02.001 - Ref 04/2024
DOC-100663;2024-04-18;202404;3.02.001;CC1003;566229.34;Lancamento Contabil - 3.02.001 - Ref 04/2024
DOC-100664;2024-04-20;202404;3.02.001;CC1003;207369.81;Lancamento Contabil - 3.02.001 - Ref 04/2024
DOC-100665;2024-04-23;202404;3.02.001;CC1003;121314.74;Lancamento Contabil - 3.02.001 - Ref 04/2024
DOC-100666;2024-04-25;202404;3.02.001;CC1003;146812.21;Lancamento Contabil - 3.02.001 - Ref 04/2024
DOC-100667;2024-04-01;202404;3.03.001;CC1002;53962.94;Lancamento Contabil - 3.03.001 - Ref 04/2024
DOC-100668;2024-04-08;202404;3.03.001;CC1002;1043.26;Lancamento Contabil - 3.03.001 - Ref 04/2024
DOC-100669;2024-04-09;202404;3.03.001;CC1002;117401.92;Lancamento Contabil - 3.03.001 - Ref 04/2024
DOC-100670;2024-04-13;202404;3.03.001;CC1002;153552.2;Lancamento Contabil - 3.03.001 - Ref 04/2024
DOC-100671;2024-04-14;202404;3.03.001;CC1002;47533.77;Lancamento Contabil - 3.03.001 - Ref 04/2024
DOC-100672;2024-04-16;202404;3.03.001;CC1002;68092.45;Lancamento Contabil - 3.03.001 - Ref 04/2024
DOC-100673;2024-04-30;202404;3.03.001;CC1002;145987.62;Lancamento Contabil - 3.03.001 - Ref 04/2024
DOC-100674;2024-04-05;202404;3.03.001;CC1003;75076.54;Lancamento Contabil - 3.03.001 - Ref 04/2024
DOC-100675;2024-04-06;202404;3.03.001;CC1003;10115.58;Lancamento Contabil - 3.03.001 - Ref 04/2024
DOC-100676;2024-04-13;202404;3.03.001;CC1003;52481.7;Lancamento Contabil - 3.03.001 - Ref 04/2024
DOC-100677;2024-04-15;202404;3.03.001;CC1003;57036.1;Lancamento Contabil - 3.03.001 - Ref 04/2024
DOC-100678;2024-04-20;202404;3.03.001;CC1003;33729.17;Lancamento Contabil - 3.03.001 - Ref 04/2024
DOC-100679;2024-04-22;202404;3.03.001;CC1003;81499.55;Lancamento Contabil - 3.03.001 - Ref 04/2024
DOC-100680;2024-04-24;202404;3.03.001;CC1003;166464.24;Lancamento Contabil - 3.03.001 - Ref 04/2024
DOC-100681;2024-04-26;202404;3.03.001;CC1003;158775.62;Lancamento Contabil - 3.03.001 - Ref 04/2024
DOC-100682;2024-04-30;202404;3.03.001;CC1003;36631.63;Lancamento Contabil - 3.03.001 - Ref 04/2024
DOC-100683;2024-04-01;202404;3.03.001;CC1005;37806.95;Lancamento Contabil - 3.03.001 - Ref 04/2024
DOC-100684;2024-04-03;202404;3.03.001;CC1005;4181.78;Lancamento Contabil - 3.03.001 - Ref 04/2024
DOC-100685;2024-04-05;202404;3.03.001;CC1005;30314.84;Lancamento Contabil - 3.03.001 - Ref 04/2024
DOC-100686;2024-04-06;202404;3.03.001;CC1005;120572.4;Lancamento Contabil - 3.03.001 - Ref 04/2024
DOC-100687;2024-04-13;202404;3.03.001;CC1005;344.74;Lancamento Contabil - 3.03.001 - Ref 04/2024
DOC-100688;2024-04-14;202404;3.03.001;CC1005;30125.42;Lancamento Contabil - 3.03.001 - Ref 04/2024
DOC-100689;2024-04-15;202404;3.03.001;CC1005;37703.98;Lancamento Contabil - 3.03.001 - Ref 04/2024
DOC-100690;2024-04-19;202404;3.03.001;CC1005;57240.28;Lancamento Contabil - 3.03.001 - Ref 04/2024
DOC-100691;2024-04-21;202404;3.03.001;CC1005;187408.71;Lancamento Contabil - 3.03.001 - Ref 04/2024
DOC-100692;2024-04-22;202404;3.03.001;CC1005;31570.62;Lancamento Contabil - 3.03.001 - Ref 04/2024
DOC-100693;2024-04-28;202404;3.03.001;CC1005;31639.63;Lancamento Contabil - 3.03.001 - Ref 04/2024
DOC-100694;2024-04-30;202404;3.03.001;CC1005;99313.88;Lancamento Contabil - 3.03.001 - Ref 04/2024
DOC-100695;2024-04-07;202404;3.04.001;CC1004;459783.98;Lancamento Contabil - 3.04.001 - Ref 04/2024
DOC-100696;2024-04-09;202404;3.04.001;CC1004;194326.81;Lancamento Contabil - 3.04.001 - Ref 04/2024
DOC-100697;2024-04-11;202404;3.04.001;CC1004;460093.04;Lancamento Contabil - 3.04.001 - Ref 04/2024
DOC-100698;2024-04-13;202404;3.04.001;CC1004;115977.65;Lancamento Contabil - 3.04.001 - Ref 04/2024
DOC-100699;2024-04-01;202404;3.05.001;CC1005;45260.11;Lancamento Contabil - 3.05.001 - Ref 04/2024
DOC-100700;2024-04-03;202404;3.05.001;CC1005;205367.07;Lancamento Contabil - 3.05.001 - Ref 04/2024
DOC-100701;2024-04-09;202404;3.05.001;CC1005;37519.81;Lancamento Contabil - 3.05.001 - Ref 04/2024
DOC-100702;2024-04-11;202404;3.05.001;CC1005;72441.22;Lancamento Contabil - 3.05.001 - Ref 04/2024
DOC-100703;2024-04-13;202404;3.05.001;CC1005;83403.53;Lancamento Contabil - 3.05.001 - Ref 04/2024
DOC-100704;2024-04-14;202404;3.05.001;CC1005;1098.91;Lancamento Contabil - 3.05.001 - Ref 04/2024
DOC-100705;2024-04-16;202404;3.05.001;CC1005;90813.33;Lancamento Contabil - 3.05.001 - Ref 04/2024
DOC-100706;2024-04-25;202404;3.05.001;CC1005;16345.6;Lancamento Contabil - 3.05.001 - Ref 04/2024
DOC-100707;2024-04-26;202404;3.05.001;CC1005;270621.97;Lancamento Contabil - 3.05.001 - Ref 04/2024
DOC-100708;2024-04-28;202404;3.05.001;CC1005;13418.3;Lancamento Contabil - 3.05.001 - Ref 04/2024
DOC-100709;2024-04-30;202404;3.05.001;CC1005;44645.24;Lancamento Contabil - 3.05.001 - Ref 04/2024
DOC-100710;2024-04-24;202404;3.06.001;CC1002;609671.64;Lancamento Contabil - 3.06.001 - Ref 04/2024
DOC-100711;2024-04-18;202404;3.06.001;CC1003;660987.18;Lancamento Contabil - 3.06.001 - Ref 04/2024
DOC-100712;2024-04-03;202404;4.01.001;CC2001;46940.09;Lancamento Contabil - 4.01.001 - Ref 04/2024
DOC-100713;2024-04-08;202404;4.01.001;CC2001;937108.45;Lancamento Contabil - 4.01.001 - Ref 04/2024
DOC-100714;2024-04-12;202404;4.01.001;CC2001;159281.17;Lancamento Contabil - 4.01.001 - Ref 04/2024
DOC-100715;2024-04-21;202404;4.01.001;CC2001;1543653.18;Lancamento Contabil - 4.01.001 - Ref 04/2024
DOC-100716;2024-04-01;202404;4.02.001;CC3001;6403.3;Lancamento Contabil - 4.02.001 - Ref 04/2024
DOC-100717;2024-04-07;202404;4.02.001;CC3001;109853.81;Lancamento Contabil - 4.02.001 - Ref 04/2024
DOC-100718;2024-04-08;202404;4.02.001;CC3001;143089.0;Lancamento Contabil - 4.02.001 - Ref 04/2024
DOC-100719;2024-04-25;202404;4.02.001;CC3001;11688.47;Lancamento Contabil - 4.02.001 - Ref 04/2024
DOC-100720;2024-04-05;202404;4.02.001;CC3003;118517.29;Lancamento Contabil - 4.02.001 - Ref 04/2024
DOC-100721;2024-04-08;202404;4.02.001;CC3003;47901.42;Lancamento Contabil - 4.02.001 - Ref 04/2024
DOC-100722;2024-04-16;202404;4.02.001;CC3003;58953.74;Lancamento Contabil - 4.02.001 - Ref 04/2024
DOC-100723;2024-04-20;202404;4.02.001;CC3003;46104.37;Lancamento Contabil - 4.02.001 - Ref 04/2024
DOC-100724;2024-04-07;202404;4.03.001;CC3002;7082.82;Lancamento Contabil - 4.03.001 - Ref 04/2024
DOC-100725;2024-04-09;202404;4.03.001;CC3002;8430.6;Lancamento Contabil - 4.03.001 - Ref 04/2024
DOC-100726;2024-04-15;202404;4.03.001;CC3002;83084.18;Lancamento Contabil - 4.03.001 - Ref 04/2024
DOC-100727;2024-04-19;202404;4.03.001;CC3002;122631.51;Lancamento Contabil - 4.03.001 - Ref 04/2024
DOC-100728;2024-04-23;202404;4.03.001;CC3002;19619.21;Lancamento Contabil - 4.03.001 - Ref 04/2024
DOC-100729;2024-04-04;202404;4.04.001;CC1001;5435.13;Lancamento Contabil - 4.04.001 - Ref 04/2024
DOC-100730;2024-04-06;202404;4.04.001;CC1001;17779.45;Lancamento Contabil - 4.04.001 - Ref 04/2024
DOC-100731;2024-04-10;202404;4.04.001;CC1001;9045.99;Lancamento Contabil - 4.04.001 - Ref 04/2024
DOC-100732;2024-04-20;202404;4.04.001;CC1001;442.65;Lancamento Contabil - 4.04.001 - Ref 04/2024
DOC-100733;2024-04-23;202404;4.04.001;CC1001;2922.72;Lancamento Contabil - 4.04.001 - Ref 04/2024
DOC-100734;2024-04-24;202404;4.04.001;CC1001;21667.49;Lancamento Contabil - 4.04.001 - Ref 04/2024
DOC-100735;2024-04-25;202404;4.04.001;CC1001;18516.68;Lancamento Contabil - 4.04.001 - Ref 04/2024
DOC-100736;2024-04-29;202404;4.04.001;CC1001;472.88;Lancamento Contabil - 4.04.001 - Ref 04/2024
DOC-100737;2024-04-30;202404;4.04.001;CC1001;4320.7;Lancamento Contabil - 4.04.001 - Ref 04/2024
DOC-100738;2024-04-10;202404;4.04.001;CC3001;984.26;Lancamento Contabil - 4.04.001 - Ref 04/2024
DOC-100739;2024-04-19;202404;4.04.001;CC3001;5435.46;Lancamento Contabil - 4.04.001 - Ref 04/2024
DOC-100740;2024-04-22;202404;4.04.001;CC3001;79553.16;Lancamento Contabil - 4.04.001 - Ref 04/2024
DOC-100741;2024-04-30;202404;4.04.001;CC3001;9724.15;Lancamento Contabil - 4.04.001 - Ref 04/2024
DOC-100742;2024-04-03;202404;4.05.001;CC4001;22403.99;Lancamento Contabil - 4.05.001 - Ref 04/2024
DOC-100743;2024-04-04;202404;4.05.001;CC4001;5762.49;Lancamento Contabil - 4.05.001 - Ref 04/2024
DOC-100744;2024-04-07;202404;4.05.001;CC4001;2218.58;Lancamento Contabil - 4.05.001 - Ref 04/2024
DOC-100745;2024-04-08;202404;4.05.001;CC4001;5901.67;Lancamento Contabil - 4.05.001 - Ref 04/2024
DOC-100746;2024-04-10;202404;4.05.001;CC4001;27135.92;Lancamento Contabil - 4.05.001 - Ref 04/2024
DOC-100747;2024-04-13;202404;4.05.001;CC4001;41004.54;Lancamento Contabil - 4.05.001 - Ref 04/2024
DOC-100748;2024-04-19;202404;4.05.001;CC4001;37560.69;Lancamento Contabil - 4.05.001 - Ref 04/2024
DOC-100749;2024-04-21;202404;4.05.001;CC4001;10721.02;Lancamento Contabil - 4.05.001 - Ref 04/2024
DOC-100750;2024-04-23;202404;4.05.001;CC4001;23360.94;Lancamento Contabil - 4.05.001 - Ref 04/2024
DOC-100751;2024-04-29;202404;4.05.001;CC4001;4858.97;Lancamento Contabil - 4.05.001 - Ref 04/2024
DOC-100752;2024-04-02;202404;4.06.001;CC3001;1718.8;Lancamento Contabil - 4.06.001 - Ref 04/2024
DOC-100753;2024-04-12;202404;4.06.001;CC3001;11739.59;Lancamento Contabil - 4.06.001 - Ref 04/2024
DOC-100754;2024-04-18;202404;4.06.001;CC3001;30607.48;Lancamento Contabil - 4.06.001 - Ref 04/2024
DOC-100755;2024-04-19;202404;4.06.001;CC3001;3531.65;Lancamento Contabil - 4.06.001 - Ref 04/2024
DOC-100756;2024-04-26;202404;4.06.001;CC3001;26293.51;Lancamento Contabil - 4.06.001 - Ref 04/2024
DOC-100757;2024-04-01;202404;4.06.001;CC1005;7021.3;Lancamento Contabil - 4.06.001 - Ref 04/2024
DOC-100758;2024-04-03;202404;4.06.001;CC1005;4391.97;Lancamento Contabil - 4.06.001 - Ref 04/2024
DOC-100759;2024-04-04;202404;4.06.001;CC1005;17913.97;Lancamento Contabil - 4.06.001 - Ref 04/2024
DOC-100760;2024-04-11;202404;4.06.001;CC1005;13650.58;Lancamento Contabil - 4.06.001 - Ref 04/2024
DOC-100761;2024-04-12;202404;4.06.001;CC1005;3357.25;Lancamento Contabil - 4.06.001 - Ref 04/2024
DOC-100762;2024-04-14;202404;4.06.001;CC1005;2410.56;Lancamento Contabil - 4.06.001 - Ref 04/2024
DOC-100763;2024-04-16;202404;4.06.001;CC1005;3832.96;Lancamento Contabil - 4.06.001 - Ref 04/2024
DOC-100764;2024-04-17;202404;4.06.001;CC1005;7162.16;Lancamento Contabil - 4.06.001 - Ref 04/2024
DOC-100765;2024-04-21;202404;4.06.001;CC1005;2504.75;Lancamento Contabil - 4.06.001 - Ref 04/2024
DOC-100766;2024-04-22;202404;4.06.001;CC1005;7854.4;Lancamento Contabil - 4.06.001 - Ref 04/2024
DOC-100767;2024-04-05;202404;5.01.001;CC3001;22420.92;Lancamento Contabil - 5.01.001 - Ref 04/2024
DOC-100768;2024-04-06;202404;5.01.001;CC3001;13649.98;Lancamento Contabil - 5.01.001 - Ref 04/2024
DOC-100769;2024-04-12;202404;5.01.001;CC3001;116043.09;Lancamento Contabil - 5.01.001 - Ref 04/2024
DOC-100770;2024-04-14;202404;5.01.001;CC3001;56441.34;Lancamento Contabil - 5.01.001 - Ref 04/2024
DOC-100771;2024-04-15;202404;5.01.001;CC3001;5907.47;Lancamento Contabil - 5.01.001 - Ref 04/2024
DOC-100772;2024-04-17;202404;5.01.001;CC3001;79383.73;Lancamento Contabil - 5.01.001 - Ref 04/2024
DOC-100773;2024-04-21;202404;5.01.001;CC3001;26154.12;Lancamento Contabil - 5.01.001 - Ref 04/2024
DOC-100774;2024-04-23;202404;5.01.001;CC3001;88033.72;Lancamento Contabil - 5.01.001 - Ref 04/2024
DOC-100775;2024-04-27;202404;5.01.001;CC3001;62955.61;Lancamento Contabil - 5.01.001 - Ref 04/2024
DOC-100776;2024-04-29;202404;5.01.001;CC3001;21670.77;Lancamento Contabil - 5.01.001 - Ref 04/2024
DOC-100777;2024-04-14;202404;5.02.001;CC3001;900.86;Lancamento Contabil - 5.02.001 - Ref 04/2024
DOC-100778;2024-04-15;202404;5.02.001;CC3001;12403.65;Lancamento Contabil - 5.02.001 - Ref 04/2024
DOC-100779;2024-04-16;202404;5.02.001;CC3001;30923.36;Lancamento Contabil - 5.02.001 - Ref 04/2024
DOC-100780;2024-04-18;202404;5.02.001;CC3001;39787.44;Lancamento Contabil - 5.02.001 - Ref 04/2024
DOC-100781;2024-04-19;202404;5.02.001;CC3001;11823.08;Lancamento Contabil - 5.02.001 - Ref 04/2024
DOC-100782;2024-04-20;202404;5.02.001;CC3001;5949.08;Lancamento Contabil - 5.02.001 - Ref 04/2024
DOC-100783;2024-04-25;202404;5.02.001;CC3001;71408.55;Lancamento Contabil - 5.02.001 - Ref 04/2024
DOC-100784;2024-04-26;202404;5.02.001;CC3001;164930.77;Lancamento Contabil - 5.02.001 - Ref 04/2024
DOC-100785;2024-04-03;202404;5.03.001;CC3001;5530.77;Lancamento Contabil - 5.03.001 - Ref 04/2024
DOC-100786;2024-04-08;202404;5.03.001;CC3001;322.96;Lancamento Contabil - 5.03.001 - Ref 04/2024
DOC-100787;2024-04-09;202404;5.03.001;CC3001;42747.71;Lancamento Contabil - 5.03.001 - Ref 04/2024
DOC-100788;2024-04-11;202404;5.03.001;CC3001;2179.78;Lancamento Contabil - 5.03.001 - Ref 04/2024
DOC-100789;2024-04-15;202404;5.03.001;CC3001;14950.04;Lancamento Contabil - 5.03.001 - Ref 04/2024
DOC-100790;2024-04-27;202404;5.03.001;CC3001;5572.61;Lancamento Contabil - 5.03.001 - Ref 04/2024
DOC-100791;2024-04-28;202404;5.03.001;CC3001;14055.63;Lancamento Contabil - 5.03.001 - Ref 04/2024
DOC-100792;2024-04-29;202404;5.03.001;CC3001;18336.74;Lancamento Contabil - 5.03.001 - Ref 04/2024
DOC-100793;2024-04-01;202404;6.01.001;CC3001;187576.05;Lancamento Contabil - 6.01.001 - Ref 04/2024
DOC-100794;2024-04-06;202404;6.01.001;CC3001;24495.65;Lancamento Contabil - 6.01.001 - Ref 04/2024
DOC-100795;2024-04-07;202404;6.01.001;CC3001;1171.45;Lancamento Contabil - 6.01.001 - Ref 04/2024
DOC-100796;2024-04-11;202404;6.01.001;CC3001;15596.53;Lancamento Contabil - 6.01.001 - Ref 04/2024
DOC-100797;2024-04-13;202404;6.01.001;CC3001;243976.06;Lancamento Contabil - 6.01.001 - Ref 04/2024
DOC-100798;2024-04-16;202404;6.01.001;CC3001;219377.89;Lancamento Contabil - 6.01.001 - Ref 04/2024
DOC-100799;2024-04-19;202404;6.01.001;CC3001;96396.98;Lancamento Contabil - 6.01.001 - Ref 04/2024
DOC-100800;2024-04-20;202404;6.01.001;CC3001;97216.97;Lancamento Contabil - 6.01.001 - Ref 04/2024
DOC-100801;2024-04-22;202404;6.01.001;CC3001;115879.91;Lancamento Contabil - 6.01.001 - Ref 04/2024
DOC-100802;2024-04-24;202404;6.01.001;CC3001;20429.28;Lancamento Contabil - 6.01.001 - Ref 04/2024
DOC-100803;2024-04-26;202404;6.01.001;CC3001;260444.54;Lancamento Contabil - 6.01.001 - Ref 04/2024
DOC-100804;2024-05-01;202405;1.01.001;CC4001;5569712.08;Lancamento Contabil - 1.01.001 - Ref 05/2024
DOC-100805;2024-05-09;202405;1.01.001;CC4001;366165.0;Lancamento Contabil - 1.01.001 - Ref 05/2024
DOC-100806;2024-05-11;202405;1.01.001;CC4001;1384302.17;Lancamento Contabil - 1.01.001 - Ref 05/2024
DOC-100807;2024-05-18;202405;1.01.001;CC4001;10196356.97;Lancamento Contabil - 1.01.001 - Ref 05/2024
DOC-100808;2024-05-20;202405;1.01.001;CC4001;657878.19;Lancamento Contabil - 1.01.001 - Ref 05/2024
DOC-100809;2024-05-23;202405;1.01.001;CC4001;7034879.24;Lancamento Contabil - 1.01.001 - Ref 05/2024
DOC-100810;2024-05-26;202405;1.01.001;CC4001;2142733.16;Lancamento Contabil - 1.01.001 - Ref 05/2024
DOC-100811;2024-05-28;202405;1.01.001;CC4001;3753719.86;Lancamento Contabil - 1.01.001 - Ref 05/2024
DOC-100812;2024-05-30;202405;1.01.001;CC4001;2592989.92;Lancamento Contabil - 1.01.001 - Ref 05/2024
DOC-100813;2024-05-03;202405;1.01.002;CC4001;169153.94;Lancamento Contabil - 1.01.002 - Ref 05/2024
DOC-100814;2024-05-07;202405;1.01.002;CC4001;488573.54;Lancamento Contabil - 1.01.002 - Ref 05/2024
DOC-100815;2024-05-08;202405;1.01.002;CC4001;135682.11;Lancamento Contabil - 1.01.002 - Ref 05/2024
DOC-100816;2024-05-14;202405;1.01.002;CC4001;321585.46;Lancamento Contabil - 1.01.002 - Ref 05/2024
DOC-100817;2024-05-16;202405;1.01.002;CC4001;248742.32;Lancamento Contabil - 1.01.002 - Ref 05/2024
DOC-100818;2024-05-18;202405;1.01.002;CC4001;419342.34;Lancamento Contabil - 1.01.002 - Ref 05/2024
DOC-100819;2024-05-21;202405;1.01.002;CC4001;1062886.03;Lancamento Contabil - 1.01.002 - Ref 05/2024
DOC-100820;2024-05-22;202405;1.01.002;CC4001;507561.82;Lancamento Contabil - 1.01.002 - Ref 05/2024
DOC-100821;2024-05-24;202405;1.01.002;CC4001;93128.55;Lancamento Contabil - 1.01.002 - Ref 05/2024
DOC-100822;2024-05-25;202405;1.01.002;CC4001;12191.47;Lancamento Contabil - 1.01.002 - Ref 05/2024
DOC-100823;2024-05-28;202405;1.01.002;CC4001;117055.2;Lancamento Contabil - 1.01.002 - Ref 05/2024
DOC-100824;2024-05-31;202405;1.01.002;CC4001;347914.81;Lancamento Contabil - 1.01.002 - Ref 05/2024
DOC-100825;2024-05-01;202405;1.02.001;CC1004;117706.45;Lancamento Contabil - 1.02.001 - Ref 05/2024
DOC-100826;2024-05-03;202405;1.02.001;CC1004;52713.8;Lancamento Contabil - 1.02.001 - Ref 05/2024
DOC-100827;2024-05-08;202405;1.02.001;CC1004;190942.97;Lancamento Contabil - 1.02.001 - Ref 05/2024
DOC-100828;2024-05-10;202405;1.02.001;CC1004;14605.15;Lancamento Contabil - 1.02.001 - Ref 05/2024
DOC-100829;2024-05-13;202405;1.02.001;CC1004;10120.89;Lancamento Contabil - 1.02.001 - Ref 05/2024
DOC-100830;2024-05-19;202405;1.02.001;CC1004;168785.92;Lancamento Contabil - 1.02.001 - Ref 05/2024
DOC-100831;2024-05-22;202405;1.02.001;CC1004;88648.93;Lancamento Contabil - 1.02.001 - Ref 05/2024
DOC-100832;2024-05-23;202405;1.02.001;CC1004;151085.85;Lancamento Contabil - 1.02.001 - Ref 05/2024
DOC-100833;2024-05-26;202405;1.02.001;CC1004;73936.58;Lancamento Contabil - 1.02.001 - Ref 05/2024
DOC-100834;2024-05-27;202405;1.02.001;CC1004;36655.28;Lancamento Contabil - 1.02.001 - Ref 05/2024
DOC-100835;2024-05-28;202405;1.02.001;CC1004;221544.35;Lancamento Contabil - 1.02.001 - Ref 05/2024
DOC-100836;2024-05-11;202405;2.01.001;CC3001;432948.0;Lancamento Contabil - 2.01.001 - Ref 05/2024
DOC-100837;2024-05-12;202405;2.01.001;CC3001;319740.89;Lancamento Contabil - 2.01.001 - Ref 05/2024
DOC-100838;2024-05-14;202405;2.01.001;CC3001;85605.76;Lancamento Contabil - 2.01.001 - Ref 05/2024
DOC-100839;2024-05-16;202405;2.01.001;CC3001;240432.05;Lancamento Contabil - 2.01.001 - Ref 05/2024
DOC-100840;2024-05-17;202405;2.01.001;CC3001;120682.12;Lancamento Contabil - 2.01.001 - Ref 05/2024
DOC-100841;2024-05-18;202405;2.01.001;CC3001;25885.1;Lancamento Contabil - 2.01.001 - Ref 05/2024
DOC-100842;2024-05-24;202405;2.01.001;CC3001;671767.77;Lancamento Contabil - 2.01.001 - Ref 05/2024
DOC-100843;2024-05-28;202405;2.01.001;CC3001;39650.78;Lancamento Contabil - 2.01.001 - Ref 05/2024
DOC-100844;2024-05-30;202405;2.01.001;CC3001;808614.37;Lancamento Contabil - 2.01.001 - Ref 05/2024
DOC-100845;2024-05-04;202405;2.02.001;CC4001;7082.87;Lancamento Contabil - 2.02.001 - Ref 05/2024
DOC-100846;2024-05-06;202405;2.02.001;CC4001;18718.5;Lancamento Contabil - 2.02.001 - Ref 05/2024
DOC-100847;2024-05-07;202405;2.02.001;CC4001;11954.41;Lancamento Contabil - 2.02.001 - Ref 05/2024
DOC-100848;2024-05-08;202405;2.02.001;CC4001;14904.76;Lancamento Contabil - 2.02.001 - Ref 05/2024
DOC-100849;2024-05-09;202405;2.02.001;CC4001;9755.43;Lancamento Contabil - 2.02.001 - Ref 05/2024
DOC-100850;2024-05-10;202405;2.02.001;CC4001;10692.8;Lancamento Contabil - 2.02.001 - Ref 05/2024
DOC-100851;2024-05-11;202405;2.02.001;CC4001;17163.7;Lancamento Contabil - 2.02.001 - Ref 05/2024
DOC-100852;2024-05-18;202405;2.02.001;CC4001;2606.07;Lancamento Contabil - 2.02.001 - Ref 05/2024
DOC-100853;2024-05-24;202405;2.02.001;CC4001;6098.91;Lancamento Contabil - 2.02.001 - Ref 05/2024
DOC-100854;2024-05-27;202405;2.02.001;CC4001;2268.32;Lancamento Contabil - 2.02.001 - Ref 05/2024
DOC-100855;2024-05-31;202405;2.02.001;CC4001;39880.09;Lancamento Contabil - 2.02.001 - Ref 05/2024
DOC-100856;2024-05-07;202405;3.01.001;CC1001;6979461.84;Lancamento Contabil - 3.01.001 - Ref 05/2024
DOC-100857;2024-05-09;202405;3.01.001;CC1001;97365.38;Lancamento Contabil - 3.01.001 - Ref 05/2024
DOC-100858;2024-05-16;202405;3.01.001;CC1001;2959637.76;Lancamento Contabil - 3.01.001 - Ref 05/2024
DOC-100859;2024-05-19;202405;3.01.001;CC1001;6277802.95;Lancamento Contabil - 3.01.001 - Ref 05/2024
DOC-100860;2024-05-24;202405;3.01.001;CC1001;482052.02;Lancamento Contabil - 3.01.001 - Ref 05/2024
DOC-100861;2024-05-25;202405;3.01.001;CC1001;2031301.65;Lancamento Contabil - 3.01.001 - Ref 05/2024
DOC-100862;2024-05-30;202405;3.01.001;CC1001;5980761.72;Lancamento Contabil - 3.01.001 - Ref 05/2024
DOC-100863;2024-05-01;202405;3.02.001;CC1002;478919.36;Lancamento Contabil - 3.02.001 - Ref 05/2024
DOC-100864;2024-05-04;202405;3.02.001;CC1002;390327.48;Lancamento Contabil - 3.02.001 - Ref 05/2024
DOC-100865;2024-05-06;202405;3.02.001;CC1002;86910.76;Lancamento Contabil - 3.02.001 - Ref 05/2024
DOC-100866;2024-05-07;202405;3.02.001;CC1002;267792.98;Lancamento Contabil - 3.02.001 - Ref 05/2024
DOC-100867;2024-05-08;202405;3.02.001;CC1002;251653.1;Lancamento Contabil - 3.02.001 - Ref 05/2024
DOC-100868;2024-05-10;202405;3.02.001;CC1002;51960.39;Lancamento Contabil - 3.02.001 - Ref 05/2024
DOC-100869;2024-05-12;202405;3.02.001;CC1002;238697.53;Lancamento Contabil - 3.02.001 - Ref 05/2024
DOC-100870;2024-05-18;202405;3.02.001;CC1002;5098.12;Lancamento Contabil - 3.02.001 - Ref 05/2024
DOC-100871;2024-05-20;202405;3.02.001;CC1002;122621.79;Lancamento Contabil - 3.02.001 - Ref 05/2024
DOC-100872;2024-05-26;202405;3.02.001;CC1002;35336.4;Lancamento Contabil - 3.02.001 - Ref 05/2024
DOC-100873;2024-05-27;202405;3.02.001;CC1002;17369.38;Lancamento Contabil - 3.02.001 - Ref 05/2024
DOC-100874;2024-05-30;202405;3.02.001;CC1002;10825.68;Lancamento Contabil - 3.02.001 - Ref 05/2024
DOC-100875;2024-05-02;202405;3.02.001;CC1003;544922.9;Lancamento Contabil - 3.02.001 - Ref 05/2024
DOC-100876;2024-05-09;202405;3.02.001;CC1003;189917.63;Lancamento Contabil - 3.02.001 - Ref 05/2024
DOC-100877;2024-05-10;202405;3.02.001;CC1003;589945.36;Lancamento Contabil - 3.02.001 - Ref 05/2024
DOC-100878;2024-05-18;202405;3.02.001;CC1003;30907.09;Lancamento Contabil - 3.02.001 - Ref 05/2024
DOC-100879;2024-05-23;202405;3.02.001;CC1003;173197.13;Lancamento Contabil - 3.02.001 - Ref 05/2024
DOC-100880;2024-05-30;202405;3.02.001;CC1003;354580.72;Lancamento Contabil - 3.02.001 - Ref 05/2024
DOC-100881;2024-05-01;202405;3.03.001;CC1002;80596.19;Lancamento Contabil - 3.03.001 - Ref 05/2024
DOC-100882;2024-05-04;202405;3.03.001;CC1002;177992.14;Lancamento Contabil - 3.03.001 - Ref 05/2024
DOC-100883;2024-05-16;202405;3.03.001;CC1002;78427.81;Lancamento Contabil - 3.03.001 - Ref 05/2024
DOC-100884;2024-05-21;202405;3.03.001;CC1002;21740.41;Lancamento Contabil - 3.03.001 - Ref 05/2024
DOC-100885;2024-05-25;202405;3.03.001;CC1002;2025.0;Lancamento Contabil - 3.03.001 - Ref 05/2024
DOC-100886;2024-05-28;202405;3.03.001;CC1002;167304.55;Lancamento Contabil - 3.03.001 - Ref 05/2024
DOC-100887;2024-05-02;202405;3.03.001;CC1003;817.64;Lancamento Contabil - 3.03.001 - Ref 05/2024
DOC-100888;2024-05-06;202405;3.03.001;CC1003;78993.77;Lancamento Contabil - 3.03.001 - Ref 05/2024
DOC-100889;2024-05-09;202405;3.03.001;CC1003;28628.79;Lancamento Contabil - 3.03.001 - Ref 05/2024
DOC-100890;2024-05-11;202405;3.03.001;CC1003;106412.02;Lancamento Contabil - 3.03.001 - Ref 05/2024
DOC-100891;2024-05-15;202405;3.03.001;CC1003;60978.77;Lancamento Contabil - 3.03.001 - Ref 05/2024
DOC-100892;2024-05-16;202405;3.03.001;CC1003;235118.56;Lancamento Contabil - 3.03.001 - Ref 05/2024
DOC-100893;2024-05-30;202405;3.03.001;CC1003;16425.02;Lancamento Contabil - 3.03.001 - Ref 05/2024
DOC-100894;2024-05-31;202405;3.03.001;CC1003;55431.97;Lancamento Contabil - 3.03.001 - Ref 05/2024
DOC-100895;2024-05-03;202405;3.03.001;CC1005;57173.42;Lancamento Contabil - 3.03.001 - Ref 05/2024
DOC-100896;2024-05-13;202405;3.03.001;CC1005;119780.21;Lancamento Contabil - 3.03.001 - Ref 05/2024
DOC-100897;2024-05-16;202405;3.03.001;CC1005;239709.15;Lancamento Contabil - 3.03.001 - Ref 05/2024
DOC-100898;2024-05-19;202405;3.03.001;CC1005;84654.21;Lancamento Contabil - 3.03.001 - Ref 05/2024
DOC-100899;2024-05-27;202405;3.03.001;CC1005;31314.6;Lancamento Contabil - 3.03.001 - Ref 05/2024
DOC-100900;2024-05-05;202405;3.04.001;CC1004;231443.37;Lancamento Contabil - 3.04.001 - Ref 05/2024
DOC-100901;2024-05-19;202405;3.04.001;CC1004;565977.48;Lancamento Contabil - 3.04.001 - Ref 05/2024
DOC-100902;2024-05-26;202405;3.04.001;CC1004;115423.15;Lancamento Contabil - 3.04.001 - Ref 05/2024
DOC-100903;2024-05-31;202405;3.04.001;CC1004;49526.25;Lancamento Contabil - 3.04.001 - Ref 05/2024
DOC-100904;2024-05-03;202405;3.05.001;CC1005;37101.2;Lancamento Contabil - 3.05.001 - Ref 05/2024
DOC-100905;2024-05-04;202405;3.05.001;CC1005;28089.85;Lancamento Contabil - 3.05.001 - Ref 05/2024
DOC-100906;2024-05-08;202405;3.05.001;CC1005;4540.3;Lancamento Contabil - 3.05.001 - Ref 05/2024
DOC-100907;2024-05-14;202405;3.05.001;CC1005;1904.14;Lancamento Contabil - 3.05.001 - Ref 05/2024
DOC-100908;2024-05-18;202405;3.05.001;CC1005;464535.06;Lancamento Contabil - 3.05.001 - Ref 05/2024
DOC-100909;2024-05-20;202405;3.05.001;CC1005;58934.99;Lancamento Contabil - 3.05.001 - Ref 05/2024
DOC-100910;2024-05-25;202405;3.05.001;CC1005;51208.78;Lancamento Contabil - 3.05.001 - Ref 05/2024
DOC-100911;2024-05-27;202405;3.05.001;CC1005;120181.38;Lancamento Contabil - 3.05.001 - Ref 05/2024
DOC-100912;2024-05-26;202405;3.06.001;CC1002;590507.1;Lancamento Contabil - 3.06.001 - Ref 05/2024
DOC-100913;2024-05-20;202405;3.06.001;CC1003;618154.65;Lancamento Contabil - 3.06.001 - Ref 05/2024
DOC-100914;2024-05-10;202405;4.01.001;CC2001;553621.98;Lancamento Contabil - 4.01.001 - Ref 05/2024
DOC-100915;2024-05-13;202405;4.01.001;CC2001;120451.55;Lancamento Contabil - 4.01.001 - Ref 05/2024
DOC-100916;2024-05-15;202405;4.01.001;CC2001;181712.28;Lancamento Contabil - 4.01.001 - Ref 05/2024
DOC-100917;2024-05-17;202405;4.01.001;CC2001;34943.58;Lancamento Contabil - 4.01.001 - Ref 05/2024
DOC-100918;2024-05-19;202405;4.01.001;CC2001;904254.47;Lancamento Contabil - 4.01.001 - Ref 05/2024
DOC-100919;2024-05-25;202405;4.01.001;CC2001;50387.64;Lancamento Contabil - 4.01.001 - Ref 05/2024
DOC-100920;2024-05-28;202405;4.01.001;CC2001;546824.5;Lancamento Contabil - 4.01.001 - Ref 05/2024
DOC-100921;2024-05-02;202405;4.02.001;CC3001;23262.71;Lancamento Contabil - 4.02.001 - Ref 05/2024
DOC-100922;2024-05-04;202405;4.02.001;CC3001;8486.17;Lancamento Contabil - 4.02.001 - Ref 05/2024
DOC-100923;2024-05-07;202405;4.02.001;CC3001;6285.33;Lancamento Contabil - 4.02.001 - Ref 05/2024
DOC-100924;2024-05-10;202405;4.02.001;CC3001;8060.62;Lancamento Contabil - 4.02.001 - Ref 05/2024
DOC-100925;2024-05-19;202405;4.02.001;CC3001;6677.14;Lancamento Contabil - 4.02.001 - Ref 05/2024
DOC-100926;2024-05-20;202405;4.02.001;CC3001;48937.52;Lancamento Contabil - 4.02.001 - Ref 05/2024
DOC-100927;2024-05-21;202405;4.02.001;CC3001;13946.77;Lancamento Contabil - 4.02.001 - Ref 05/2024
DOC-100928;2024-05-24;202405;4.02.001;CC3001;1928.16;Lancamento Contabil - 4.02.001 - Ref 05/2024
DOC-100929;2024-05-26;202405;4.02.001;CC3001;112521.68;Lancamento Contabil - 4.02.001 - Ref 05/2024
DOC-100930;2024-05-29;202405;4.02.001;CC3001;69651.11;Lancamento Contabil - 4.02.001 - Ref 05/2024
DOC-100931;2024-05-03;202405;4.02.001;CC3003;61756.73;Lancamento Contabil - 4.02.001 - Ref 05/2024
DOC-100932;2024-05-06;202405;4.02.001;CC3003;124094.94;Lancamento Contabil - 4.02.001 - Ref 05/2024
DOC-100933;2024-05-08;202405;4.02.001;CC3003;4489.79;Lancamento Contabil - 4.02.001 - Ref 05/2024
DOC-100934;2024-05-18;202405;4.02.001;CC3003;11858.99;Lancamento Contabil - 4.02.001 - Ref 05/2024
DOC-100935;2024-05-22;202405;4.02.001;CC3003;33369.08;Lancamento Contabil - 4.02.001 - Ref 05/2024
DOC-100936;2024-05-27;202405;4.02.001;CC3003;27986.8;Lancamento Contabil - 4.02.001 - Ref 05/2024
DOC-100937;2024-05-29;202405;4.02.001;CC3003;3927.59;Lancamento Contabil - 4.02.001 - Ref 05/2024
DOC-100938;2024-05-30;202405;4.02.001;CC3003;39764.37;Lancamento Contabil - 4.02.001 - Ref 05/2024
DOC-100939;2024-05-14;202405;4.03.001;CC3002;62913.39;Lancamento Contabil - 4.03.001 - Ref 05/2024
DOC-100940;2024-05-15;202405;4.03.001;CC3002;73439.22;Lancamento Contabil - 4.03.001 - Ref 05/2024
DOC-100941;2024-05-20;202405;4.03.001;CC3002;70899.01;Lancamento Contabil - 4.03.001 - Ref 05/2024
DOC-100942;2024-05-23;202405;4.03.001;CC3002;7839.6;Lancamento Contabil - 4.03.001 - Ref 05/2024
DOC-100943;2024-05-02;202405;4.04.001;CC1001;13215.34;Lancamento Contabil - 4.04.001 - Ref 05/2024
DOC-100944;2024-05-03;202405;4.04.001;CC1001;1943.29;Lancamento Contabil - 4.04.001 - Ref 05/2024
DOC-100945;2024-05-08;202405;4.04.001;CC1001;873.15;Lancamento Contabil - 4.04.001 - Ref 05/2024
DOC-100946;2024-05-10;202405;4.04.001;CC1001;13823.65;Lancamento Contabil - 4.04.001 - Ref 05/2024
DOC-100947;2024-05-15;202405;4.04.001;CC1001;19613.31;Lancamento Contabil - 4.04.001 - Ref 05/2024
DOC-100948;2024-05-22;202405;4.04.001;CC1001;12473.17;Lancamento Contabil - 4.04.001 - Ref 05/2024
DOC-100949;2024-05-23;202405;4.04.001;CC1001;10438.36;Lancamento Contabil - 4.04.001 - Ref 05/2024
DOC-100950;2024-05-27;202405;4.04.001;CC1001;6703.67;Lancamento Contabil - 4.04.001 - Ref 05/2024
DOC-100951;2024-05-28;202405;4.04.001;CC1001;5038.64;Lancamento Contabil - 4.04.001 - Ref 05/2024
DOC-100952;2024-05-29;202405;4.04.001;CC1001;572.88;Lancamento Contabil - 4.04.001 - Ref 05/2024
DOC-100953;2024-05-31;202405;4.04.001;CC1001;3304.99;Lancamento Contabil - 4.04.001 - Ref 05/2024
DOC-100954;2024-05-07;202405;4.04.001;CC3001;17711.88;Lancamento Contabil - 4.04.001 - Ref 05/2024
DOC-100955;2024-05-14;202405;4.04.001;CC3001;9438.94;Lancamento Contabil - 4.04.001 - Ref 05/2024
DOC-100956;2024-05-19;202405;4.04.001;CC3001;1164.75;Lancamento Contabil - 4.04.001 - Ref 05/2024
DOC-100957;2024-05-21;202405;4.04.001;CC3001;3427.24;Lancamento Contabil - 4.04.001 - Ref 05/2024
DOC-100958;2024-05-22;202405;4.04.001;CC3001;15843.41;Lancamento Contabil - 4.04.001 - Ref 05/2024
DOC-100959;2024-05-26;202405;4.04.001;CC3001;1091.23;Lancamento Contabil - 4.04.001 - Ref 05/2024
DOC-100960;2024-05-30;202405;4.04.001;CC3001;26255.21;Lancamento Contabil - 4.04.001 - Ref 05/2024
DOC-100961;2024-05-31;202405;4.04.001;CC3001;9419.02;Lancamento Contabil - 4.04.001 - Ref 05/2024
DOC-100962;2024-05-05;202405;4.05.001;CC4001;25027.25;Lancamento Contabil - 4.05.001 - Ref 05/2024
DOC-100963;2024-05-08;202405;4.05.001;CC4001;34289.73;Lancamento Contabil - 4.05.001 - Ref 05/2024
DOC-100964;2024-05-18;202405;4.05.001;CC4001;66522.87;Lancamento Contabil - 4.05.001 - Ref 05/2024
DOC-100965;2024-05-21;202405;4.05.001;CC4001;16330.08;Lancamento Contabil - 4.05.001 - Ref 05/2024
DOC-100966;2024-05-30;202405;4.05.001;CC4001;43297.47;Lancamento Contabil - 4.05.001 - Ref 05/2024
DOC-100967;2024-05-02;202405;4.06.001;CC3001;10512.41;Lancamento Contabil - 4.06.001 - Ref 05/2024
DOC-100968;2024-05-03;202405;4.06.001;CC3001;7958.91;Lancamento Contabil - 4.06.001 - Ref 05/2024
DOC-100969;2024-05-05;202405;4.06.001;CC3001;5354.96;Lancamento Contabil - 4.06.001 - Ref 05/2024
DOC-100970;2024-05-06;202405;4.06.001;CC3001;9476.05;Lancamento Contabil - 4.06.001 - Ref 05/2024
DOC-100971;2024-05-10;202405;4.06.001;CC3001;10067.32;Lancamento Contabil - 4.06.001 - Ref 05/2024
DOC-100972;2024-05-20;202405;4.06.001;CC3001;6142.44;Lancamento Contabil - 4.06.001 - Ref 05/2024
DOC-100973;2024-05-26;202405;4.06.001;CC3001;9042.78;Lancamento Contabil - 4.06.001 - Ref 05/2024
DOC-100974;2024-05-27;202405;4.06.001;CC3001;5959.67;Lancamento Contabil - 4.06.001 - Ref 05/2024
DOC-100975;2024-05-04;202405;4.06.001;CC1005;8678.56;Lancamento Contabil - 4.06.001 - Ref 05/2024
DOC-100976;2024-05-09;202405;4.06.001;CC1005;7339.04;Lancamento Contabil - 4.06.001 - Ref 05/2024
DOC-100977;2024-05-10;202405;4.06.001;CC1005;10637.89;Lancamento Contabil - 4.06.001 - Ref 05/2024
DOC-100978;2024-05-13;202405;4.06.001;CC1005;1314.83;Lancamento Contabil - 4.06.001 - Ref 05/2024
DOC-100979;2024-05-15;202405;4.06.001;CC1005;16198.31;Lancamento Contabil - 4.06.001 - Ref 05/2024
DOC-100980;2024-05-23;202405;4.06.001;CC1005;15642.19;Lancamento Contabil - 4.06.001 - Ref 05/2024
DOC-100981;2024-05-28;202405;4.06.001;CC1005;226.0;Lancamento Contabil - 4.06.001 - Ref 05/2024
DOC-100982;2024-05-31;202405;4.06.001;CC1005;13305.9;Lancamento Contabil - 4.06.001 - Ref 05/2024
DOC-100983;2024-05-01;202405;5.01.001;CC3001;45883.96;Lancamento Contabil - 5.01.001 - Ref 05/2024
DOC-100984;2024-05-02;202405;5.01.001;CC3001;5910.04;Lancamento Contabil - 5.01.001 - Ref 05/2024
DOC-100985;2024-05-03;202405;5.01.001;CC3001;57447.48;Lancamento Contabil - 5.01.001 - Ref 05/2024
DOC-100986;2024-05-09;202405;5.01.001;CC3001;60179.72;Lancamento Contabil - 5.01.001 - Ref 05/2024
DOC-100987;2024-05-11;202405;5.01.001;CC3001;23881.67;Lancamento Contabil - 5.01.001 - Ref 05/2024
DOC-100988;2024-05-14;202405;5.01.001;CC3001;216.03;Lancamento Contabil - 5.01.001 - Ref 05/2024
DOC-100989;2024-05-15;202405;5.01.001;CC3001;11409.03;Lancamento Contabil - 5.01.001 - Ref 05/2024
DOC-100990;2024-05-16;202405;5.01.001;CC3001;32357.13;Lancamento Contabil - 5.01.001 - Ref 05/2024
DOC-100991;2024-05-18;202405;5.01.001;CC3001;133982.49;Lancamento Contabil - 5.01.001 - Ref 05/2024
DOC-100992;2024-05-20;202405;5.01.001;CC3001;33693.74;Lancamento Contabil - 5.01.001 - Ref 05/2024
DOC-100993;2024-05-24;202405;5.01.001;CC3001;10144.88;Lancamento Contabil - 5.01.001 - Ref 05/2024
DOC-100994;2024-05-27;202405;5.01.001;CC3001;33895.11;Lancamento Contabil - 5.01.001 - Ref 05/2024
DOC-100995;2024-05-08;202405;5.02.001;CC3001;62034.56;Lancamento Contabil - 5.02.001 - Ref 05/2024
DOC-100996;2024-05-22;202405;5.02.001;CC3001;120907.96;Lancamento Contabil - 5.02.001 - Ref 05/2024
DOC-100997;2024-05-27;202405;5.02.001;CC3001;9039.35;Lancamento Contabil - 5.02.001 - Ref 05/2024
DOC-100998;2024-05-28;202405;5.02.001;CC3001;114355.62;Lancamento Contabil - 5.02.001 - Ref 05/2024
DOC-100999;2024-05-31;202405;5.02.001;CC3001;62257.37;Lancamento Contabil - 5.02.001 - Ref 05/2024
DOC-101000;2024-05-09;202405;5.03.001;CC3001;17014.29;Lancamento Contabil - 5.03.001 - Ref 05/2024
DOC-101001;2024-05-22;202405;5.03.001;CC3001;45683.37;Lancamento Contabil - 5.03.001 - Ref 05/2024
DOC-101002;2024-05-25;202405;5.03.001;CC3001;1837.64;Lancamento Contabil - 5.03.001 - Ref 05/2024
DOC-101003;2024-05-27;202405;5.03.001;CC3001;47035.74;Lancamento Contabil - 5.03.001 - Ref 05/2024
DOC-101004;2024-05-06;202405;6.01.001;CC3001;534281.41;Lancamento Contabil - 6.01.001 - Ref 05/2024
DOC-101005;2024-05-16;202405;6.01.001;CC3001;32233.31;Lancamento Contabil - 6.01.001 - Ref 05/2024
DOC-101006;2024-05-17;202405;6.01.001;CC3001;164293.26;Lancamento Contabil - 6.01.001 - Ref 05/2024
DOC-101007;2024-05-25;202405;6.01.001;CC3001;565118.64;Lancamento Contabil - 6.01.001 - Ref 05/2024
DOC-101008;2024-06-03;202406;1.01.001;CC4001;1373127.28;Lancamento Contabil - 1.01.001 - Ref 06/2024
DOC-101009;2024-06-06;202406;1.01.001;CC4001;3137868.29;Lancamento Contabil - 1.01.001 - Ref 06/2024
DOC-101010;2024-06-09;202406;1.01.001;CC4001;151463.36;Lancamento Contabil - 1.01.001 - Ref 06/2024
DOC-101011;2024-06-12;202406;1.01.001;CC4001;6638438.27;Lancamento Contabil - 1.01.001 - Ref 06/2024
DOC-101012;2024-06-14;202406;1.01.001;CC4001;11743419.14;Lancamento Contabil - 1.01.001 - Ref 06/2024
DOC-101013;2024-06-16;202406;1.01.001;CC4001;11224670.18;Lancamento Contabil - 1.01.001 - Ref 06/2024
DOC-101014;2024-06-19;202406;1.01.001;CC4001;4480061.03;Lancamento Contabil - 1.01.001 - Ref 06/2024
DOC-101015;2024-06-21;202406;1.01.001;CC4001;450823.51;Lancamento Contabil - 1.01.001 - Ref 06/2024
DOC-101016;2024-06-24;202406;1.01.001;CC4001;4593293.48;Lancamento Contabil - 1.01.001 - Ref 06/2024
DOC-101017;2024-06-26;202406;1.01.001;CC4001;80531.03;Lancamento Contabil - 1.01.001 - Ref 06/2024
DOC-101018;2024-06-30;202406;1.01.001;CC4001;72371.65;Lancamento Contabil - 1.01.001 - Ref 06/2024
DOC-101019;2024-06-04;202406;1.01.002;CC4001;158221.99;Lancamento Contabil - 1.01.002 - Ref 06/2024
DOC-101020;2024-06-06;202406;1.01.002;CC4001;271410.24;Lancamento Contabil - 1.01.002 - Ref 06/2024
DOC-101021;2024-06-10;202406;1.01.002;CC4001;595457.94;Lancamento Contabil - 1.01.002 - Ref 06/2024
DOC-101022;2024-06-11;202406;1.01.002;CC4001;465289.03;Lancamento Contabil - 1.01.002 - Ref 06/2024
DOC-101023;2024-06-14;202406;1.01.002;CC4001;238925.92;Lancamento Contabil - 1.01.002 - Ref 06/2024
DOC-101024;2024-06-16;202406;1.01.002;CC4001;129370.88;Lancamento Contabil - 1.01.002 - Ref 06/2024
DOC-101025;2024-06-22;202406;1.01.002;CC4001;2367964.8;Lancamento Contabil - 1.01.002 - Ref 06/2024
DOC-101026;2024-06-23;202406;1.01.002;CC4001;224773.16;Lancamento Contabil - 1.01.002 - Ref 06/2024
DOC-101027;2024-06-30;202406;1.01.002;CC4001;242951.25;Lancamento Contabil - 1.01.002 - Ref 06/2024
DOC-101028;2024-06-02;202406;1.02.001;CC1004;148072.54;Lancamento Contabil - 1.02.001 - Ref 06/2024
DOC-101029;2024-06-03;202406;1.02.001;CC1004;31219.23;Lancamento Contabil - 1.02.001 - Ref 06/2024
DOC-101030;2024-06-04;202406;1.02.001;CC1004;10759.79;Lancamento Contabil - 1.02.001 - Ref 06/2024
DOC-101031;2024-06-09;202406;1.02.001;CC1004;142799.04;Lancamento Contabil - 1.02.001 - Ref 06/2024
DOC-101032;2024-06-11;202406;1.02.001;CC1004;133011.99;Lancamento Contabil - 1.02.001 - Ref 06/2024
DOC-101033;2024-06-15;202406;1.02.001;CC1004;39947.06;Lancamento Contabil - 1.02.001 - Ref 06/2024
DOC-101034;2024-06-18;202406;1.02.001;CC1004;377105.3;Lancamento Contabil - 1.02.001 - Ref 06/2024
DOC-101035;2024-06-24;202406;1.02.001;CC1004;20495.59;Lancamento Contabil - 1.02.001 - Ref 06/2024
DOC-101036;2024-06-25;202406;1.02.001;CC1004;70864.56;Lancamento Contabil - 1.02.001 - Ref 06/2024
DOC-101037;2024-06-27;202406;1.02.001;CC1004;359886.0;Lancamento Contabil - 1.02.001 - Ref 06/2024
DOC-101038;2024-06-01;202406;2.01.001;CC3001;153500.7;Lancamento Contabil - 2.01.001 - Ref 06/2024
DOC-101039;2024-06-02;202406;2.01.001;CC3001;286991.08;Lancamento Contabil - 2.01.001 - Ref 06/2024
DOC-101040;2024-06-07;202406;2.01.001;CC3001;142943.25;Lancamento Contabil - 2.01.001 - Ref 06/2024
DOC-101041;2024-06-14;202406;2.01.001;CC3001;90393.38;Lancamento Contabil - 2.01.001 - Ref 06/2024
DOC-101042;2024-06-15;202406;2.01.001;CC3001;1165876.63;Lancamento Contabil - 2.01.001 - Ref 06/2024
DOC-101043;2024-06-17;202406;2.01.001;CC3001;148493.82;Lancamento Contabil - 2.01.001 - Ref 06/2024
DOC-101044;2024-06-18;202406;2.01.001;CC3001;633244.49;Lancamento Contabil - 2.01.001 - Ref 06/2024
DOC-101045;2024-06-22;202406;2.01.001;CC3001;73697.93;Lancamento Contabil - 2.01.001 - Ref 06/2024
DOC-101046;2024-06-27;202406;2.01.001;CC3001;67593.03;Lancamento Contabil - 2.01.001 - Ref 06/2024
DOC-101047;2024-06-28;202406;2.01.001;CC3001;8920.57;Lancamento Contabil - 2.01.001 - Ref 06/2024
DOC-101048;2024-06-02;202406;2.02.001;CC4001;17982.09;Lancamento Contabil - 2.02.001 - Ref 06/2024
DOC-101049;2024-06-05;202406;2.02.001;CC4001;5769.36;Lancamento Contabil - 2.02.001 - Ref 06/2024
DOC-101050;2024-06-07;202406;2.02.001;CC4001;31036.97;Lancamento Contabil - 2.02.001 - Ref 06/2024
DOC-101051;2024-06-09;202406;2.02.001;CC4001;1847.16;Lancamento Contabil - 2.02.001 - Ref 06/2024
DOC-101052;2024-06-10;202406;2.02.001;CC4001;18269.66;Lancamento Contabil - 2.02.001 - Ref 06/2024
DOC-101053;2024-06-12;202406;2.02.001;CC4001;13490.83;Lancamento Contabil - 2.02.001 - Ref 06/2024
DOC-101054;2024-06-15;202406;2.02.001;CC4001;13265.04;Lancamento Contabil - 2.02.001 - Ref 06/2024
DOC-101055;2024-06-16;202406;2.02.001;CC4001;16768.68;Lancamento Contabil - 2.02.001 - Ref 06/2024
DOC-101056;2024-06-18;202406;2.02.001;CC4001;12884.28;Lancamento Contabil - 2.02.001 - Ref 06/2024
DOC-101057;2024-06-20;202406;2.02.001;CC4001;8858.01;Lancamento Contabil - 2.02.001 - Ref 06/2024
DOC-101058;2024-06-21;202406;2.02.001;CC4001;1266.42;Lancamento Contabil - 2.02.001 - Ref 06/2024
DOC-101059;2024-06-25;202406;2.02.001;CC4001;297.64;Lancamento Contabil - 2.02.001 - Ref 06/2024
DOC-101060;2024-06-01;202406;3.01.001;CC1001;7494246.82;Lancamento Contabil - 3.01.001 - Ref 06/2024
DOC-101061;2024-06-04;202406;3.01.001;CC1001;2832987.22;Lancamento Contabil - 3.01.001 - Ref 06/2024
DOC-101062;2024-06-06;202406;3.01.001;CC1001;4704684.58;Lancamento Contabil - 3.01.001 - Ref 06/2024
DOC-101063;2024-06-08;202406;3.01.001;CC1001;1940818.12;Lancamento Contabil - 3.01.001 - Ref 06/2024
DOC-101064;2024-06-10;202406;3.01.001;CC1001;368684.75;Lancamento Contabil - 3.01.001 - Ref 06/2024
DOC-101065;2024-06-16;202406;3.01.001;CC1001;395172.4;Lancamento Contabil - 3.01.001 - Ref 06/2024
DOC-101066;2024-06-18;202406;3.01.001;CC1001;3418523.06;Lancamento Contabil - 3.01.001 - Ref 06/2024
DOC-101067;2024-06-20;202406;3.01.001;CC1001;1662477.76;Lancamento Contabil - 3.01.001 - Ref 06/2024
DOC-101068;2024-06-21;202406;3.01.001;CC1001;661260.47;Lancamento Contabil - 3.01.001 - Ref 06/2024
DOC-101069;2024-06-23;202406;3.01.001;CC1001;1998782.36;Lancamento Contabil - 3.01.001 - Ref 06/2024
DOC-101070;2024-06-29;202406;3.01.001;CC1001;196082.78;Lancamento Contabil - 3.01.001 - Ref 06/2024
DOC-101071;2024-06-03;202406;3.02.001;CC1002;1004287.96;Lancamento Contabil - 3.02.001 - Ref 06/2024
DOC-101072;2024-06-08;202406;3.02.001;CC1002;233631.78;Lancamento Contabil - 3.02.001 - Ref 06/2024
DOC-101073;2024-06-14;202406;3.02.001;CC1002;381878.87;Lancamento Contabil - 3.02.001 - Ref 06/2024
DOC-101074;2024-06-18;202406;3.02.001;CC1002;7349.06;Lancamento Contabil - 3.02.001 - Ref 06/2024
DOC-101075;2024-06-04;202406;3.02.001;CC1003;56053.21;Lancamento Contabil - 3.02.001 - Ref 06/2024
DOC-101076;2024-06-05;202406;3.02.001;CC1003;371470.2;Lancamento Contabil - 3.02.001 - Ref 06/2024
DOC-101077;2024-06-15;202406;3.02.001;CC1003;487307.7;Lancamento Contabil - 3.02.001 - Ref 06/2024
DOC-101078;2024-06-21;202406;3.02.001;CC1003;682983.36;Lancamento Contabil - 3.02.001 - Ref 06/2024
DOC-101079;2024-06-27;202406;3.02.001;CC1003;257017.96;Lancamento Contabil - 3.02.001 - Ref 06/2024
DOC-101080;2024-06-08;202406;3.03.001;CC1002;76094.87;Lancamento Contabil - 3.03.001 - Ref 06/2024
DOC-101081;2024-06-09;202406;3.03.001;CC1002;2032.53;Lancamento Contabil - 3.03.001 - Ref 06/2024
DOC-101082;2024-06-10;202406;3.03.001;CC1002;32927.85;Lancamento Contabil - 3.03.001 - Ref 06/2024
DOC-101083;2024-06-14;202406;3.03.001;CC1002;5573.61;Lancamento Contabil - 3.03.001 - Ref 06/2024
DOC-101084;2024-06-15;202406;3.03.001;CC1002;13933.9;Lancamento Contabil - 3.03.001 - Ref 06/2024
DOC-101085;2024-06-16;202406;3.03.001;CC1002;217063.88;Lancamento Contabil - 3.03.001 - Ref 06/2024
DOC-101086;2024-06-17;202406;3.03.001;CC1002;7729.34;Lancamento Contabil - 3.03.001 - Ref 06/2024
DOC-101087;2024-06-23;202406;3.03.001;CC1002;34739.11;Lancamento Contabil - 3.03.001 - Ref 06/2024
DOC-101088;2024-06-26;202406;3.03.001;CC1002;48405.78;Lancamento Contabil - 3.03.001 - Ref 06/2024
DOC-101089;2024-06-29;202406;3.03.001;CC1002;60949.45;Lancamento Contabil - 3.03.001 - Ref 06/2024
DOC-101090;2024-06-30;202406;3.03.001;CC1002;41238.0;Lancamento Contabil - 3.03.001 - Ref 06/2024
DOC-101091;2024-06-03;202406;3.03.001;CC1003;860.91;Lancamento Contabil - 3.03.001 - Ref 06/2024
DOC-101092;2024-06-05;202406;3.03.001;CC1003;34651.48;Lancamento Contabil - 3.03.001 - Ref 06/2024
DOC-101093;2024-06-07;202406;3.03.001;CC1003;63936.44;Lancamento Contabil - 3.03.001 - Ref 06/2024
DOC-101094;2024-06-09;202406;3.03.001;CC1003;8063.71;Lancamento Contabil - 3.03.001 - Ref 06/2024
DOC-101095;2024-06-11;202406;3.03.001;CC1003;37855.09;Lancamento Contabil - 3.03.001 - Ref 06/2024
DOC-101096;2024-06-13;202406;3.03.001;CC1003;2960.63;Lancamento Contabil - 3.03.001 - Ref 06/2024
DOC-101097;2024-06-14;202406;3.03.001;CC1003;7175.42;Lancamento Contabil - 3.03.001 - Ref 06/2024
DOC-101098;2024-06-17;202406;3.03.001;CC1003;44340.06;Lancamento Contabil - 3.03.001 - Ref 06/2024
DOC-101099;2024-06-20;202406;3.03.001;CC1003;12484.44;Lancamento Contabil - 3.03.001 - Ref 06/2024
DOC-101100;2024-06-24;202406;3.03.001;CC1003;73498.18;Lancamento Contabil - 3.03.001 - Ref 06/2024
DOC-101101;2024-06-26;202406;3.03.001;CC1003;102536.58;Lancamento Contabil - 3.03.001 - Ref 06/2024
DOC-101102;2024-06-30;202406;3.03.001;CC1003;141370.97;Lancamento Contabil - 3.03.001 - Ref 06/2024
DOC-101103;2024-06-01;202406;3.03.001;CC1005;7697.99;Lancamento Contabil - 3.03.001 - Ref 06/2024
DOC-101104;2024-06-10;202406;3.03.001;CC1005;70518.7;Lancamento Contabil - 3.03.001 - Ref 06/2024
DOC-101105;2024-06-19;202406;3.03.001;CC1005;85434.69;Lancamento Contabil - 3.03.001 - Ref 06/2024
DOC-101106;2024-06-22;202406;3.03.001;CC1005;2236.99;Lancamento Contabil - 3.03.001 - Ref 06/2024
DOC-101107;2024-06-24;202406;3.03.001;CC1005;191820.7;Lancamento Contabil - 3.03.001 - Ref 06/2024
DOC-101108;2024-06-25;202406;3.03.001;CC1005;3719.78;Lancamento Contabil - 3.03.001 - Ref 06/2024
DOC-101109;2024-06-27;202406;3.03.001;CC1005;54318.71;Lancamento Contabil - 3.03.001 - Ref 06/2024
DOC-101110;2024-06-28;202406;3.03.001;CC1005;86051.17;Lancamento Contabil - 3.03.001 - Ref 06/2024
DOC-101111;2024-06-05;202406;3.04.001;CC1004;156909.02;Lancamento Contabil - 3.04.001 - Ref 06/2024
DOC-101112;2024-06-11;202406;3.04.001;CC1004;95941.95;Lancamento Contabil - 3.04.001 - Ref 06/2024
DOC-101113;2024-06-12;202406;3.04.001;CC1004;123991.08;Lancamento Contabil - 3.04.001 - Ref 06/2024
DOC-101114;2024-06-13;202406;3.04.001;CC1004;31775.82;Lancamento Contabil - 3.04.001 - Ref 06/2024
DOC-101115;2024-06-15;202406;3.04.001;CC1004;129227.66;Lancamento Contabil - 3.04.001 - Ref 06/2024
DOC-101116;2024-06-16;202406;3.04.001;CC1004;6398.83;Lancamento Contabil - 3.04.001 - Ref 06/2024
DOC-101117;2024-06-18;202406;3.04.001;CC1004;172567.46;Lancamento Contabil - 3.04.001 - Ref 06/2024
DOC-101118;2024-06-23;202406;3.04.001;CC1004;60778.23;Lancamento Contabil - 3.04.001 - Ref 06/2024
DOC-101119;2024-06-27;202406;3.04.001;CC1004;130257.75;Lancamento Contabil - 3.04.001 - Ref 06/2024
DOC-101120;2024-06-28;202406;3.04.001;CC1004;46134.02;Lancamento Contabil - 3.04.001 - Ref 06/2024
DOC-101121;2024-06-30;202406;3.04.001;CC1004;79051.22;Lancamento Contabil - 3.04.001 - Ref 06/2024
DOC-101122;2024-06-02;202406;3.05.001;CC1005;10151.02;Lancamento Contabil - 3.05.001 - Ref 06/2024
DOC-101123;2024-06-07;202406;3.05.001;CC1005;7420.61;Lancamento Contabil - 3.05.001 - Ref 06/2024
DOC-101124;2024-06-08;202406;3.05.001;CC1005;33834.06;Lancamento Contabil - 3.05.001 - Ref 06/2024
DOC-101125;2024-06-13;202406;3.05.001;CC1005;20719.47;Lancamento Contabil - 3.05.001 - Ref 06/2024
DOC-101126;2024-06-14;202406;3.05.001;CC1005;244854.55;Lancamento Contabil - 3.05.001 - Ref 06/2024
DOC-101127;2024-06-19;202406;3.05.001;CC1005;29498.16;Lancamento Contabil - 3.05.001 - Ref 06/2024
DOC-101128;2024-06-23;202406;3.05.001;CC1005;443937.56;Lancamento Contabil - 3.05.001 - Ref 06/2024
DOC-101129;2024-06-27;202406;3.05.001;CC1005;48972.82;Lancamento Contabil - 3.05.001 - Ref 06/2024
DOC-101130;2024-06-28;202406;3.05.001;CC1005;23964.95;Lancamento Contabil - 3.05.001 - Ref 06/2024
DOC-101131;2024-06-11;202406;3.06.001;CC1002;594359.8;Lancamento Contabil - 3.06.001 - Ref 06/2024
DOC-101132;2024-06-24;202406;3.06.001;CC1003;586678.31;Lancamento Contabil - 3.06.001 - Ref 06/2024
DOC-101133;2024-06-02;202406;4.01.001;CC2001;237377.19;Lancamento Contabil - 4.01.001 - Ref 06/2024
DOC-101134;2024-06-05;202406;4.01.001;CC2001;48472.73;Lancamento Contabil - 4.01.001 - Ref 06/2024
DOC-101135;2024-06-13;202406;4.01.001;CC2001;1048217.67;Lancamento Contabil - 4.01.001 - Ref 06/2024
DOC-101136;2024-06-16;202406;4.01.001;CC2001;687888.31;Lancamento Contabil - 4.01.001 - Ref 06/2024
DOC-101137;2024-06-17;202406;4.01.001;CC2001;196379.1;Lancamento Contabil - 4.01.001 - Ref 06/2024
DOC-101138;2024-06-21;202406;4.01.001;CC2001;41597.26;Lancamento Contabil - 4.01.001 - Ref 06/2024
DOC-101139;2024-06-22;202406;4.01.001;CC2001;213086.41;Lancamento Contabil - 4.01.001 - Ref 06/2024
DOC-101140;2024-06-23;202406;4.01.001;CC2001;14005.32;Lancamento Contabil - 4.01.001 - Ref 06/2024
DOC-101141;2024-06-24;202406;4.01.001;CC2001;5818.4;Lancamento Contabil - 4.01.001 - Ref 06/2024
DOC-101142;2024-06-26;202406;4.01.001;CC2001;55690.34;Lancamento Contabil - 4.01.001 - Ref 06/2024
DOC-101143;2024-06-28;202406;4.01.001;CC2001;116071.3;Lancamento Contabil - 4.01.001 - Ref 06/2024
DOC-101144;2024-06-01;202406;4.02.001;CC3001;36442.74;Lancamento Contabil - 4.02.001 - Ref 06/2024
DOC-101145;2024-06-04;202406;4.02.001;CC3001;14878.52;Lancamento Contabil - 4.02.001 - Ref 06/2024
DOC-101146;2024-06-05;202406;4.02.001;CC3001;11396.89;Lancamento Contabil - 4.02.001 - Ref 06/2024
DOC-101147;2024-06-15;202406;4.02.001;CC3001;12447.52;Lancamento Contabil - 4.02.001 - Ref 06/2024
DOC-101148;2024-06-17;202406;4.02.001;CC3001;117957.46;Lancamento Contabil - 4.02.001 - Ref 06/2024
DOC-101149;2024-06-27;202406;4.02.001;CC3001;1098.91;Lancamento Contabil - 4.02.001 - Ref 06/2024
DOC-101150;2024-06-28;202406;4.02.001;CC3001;54163.08;Lancamento Contabil - 4.02.001 - Ref 06/2024
DOC-101151;2024-06-29;202406;4.02.001;CC3001;23203.29;Lancamento Contabil - 4.02.001 - Ref 06/2024
DOC-101152;2024-06-30;202406;4.02.001;CC3001;15498.78;Lancamento Contabil - 4.02.001 - Ref 06/2024
DOC-101153;2024-06-03;202406;4.02.001;CC3003;32012.65;Lancamento Contabil - 4.02.001 - Ref 06/2024
DOC-101154;2024-06-05;202406;4.02.001;CC3003;16523.55;Lancamento Contabil - 4.02.001 - Ref 06/2024
DOC-101155;2024-06-09;202406;4.02.001;CC3003;51216.07;Lancamento Contabil - 4.02.001 - Ref 06/2024
DOC-101156;2024-06-11;202406;4.02.001;CC3003;57230.51;Lancamento Contabil - 4.02.001 - Ref 06/2024
DOC-101157;2024-06-13;202406;4.02.001;CC3003;13571.48;Lancamento Contabil - 4.02.001 - Ref 06/2024
DOC-101158;2024-06-16;202406;4.02.001;CC3003;8031.1;Lancamento Contabil - 4.02.001 - Ref 06/2024
DOC-101159;2024-06-20;202406;4.02.001;CC3003;22235.45;Lancamento Contabil - 4.02.001 - Ref 06/2024
DOC-101160;2024-06-21;202406;4.02.001;CC3003;60326.1;Lancamento Contabil - 4.02.001 - Ref 06/2024
DOC-101161;2024-06-28;202406;4.02.001;CC3003;5861.77;Lancamento Contabil - 4.02.001 - Ref 06/2024
DOC-101162;2024-06-29;202406;4.02.001;CC3003;24170.06;Lancamento Contabil - 4.02.001 - Ref 06/2024
DOC-101163;2024-06-11;202406;4.03.001;CC3002;8021.75;Lancamento Contabil - 4.03.001 - Ref 06/2024
DOC-101164;2024-06-13;202406;4.03.001;CC3002;71545.99;Lancamento Contabil - 4.03.001 - Ref 06/2024
DOC-101165;2024-06-18;202406;4.03.001;CC3002;136320.64;Lancamento Contabil - 4.03.001 - Ref 06/2024
DOC-101166;2024-06-22;202406;4.03.001;CC3002;11263.01;Lancamento Contabil - 4.03.001 - Ref 06/2024
DOC-101167;2024-06-28;202406;4.03.001;CC3002;15422.43;Lancamento Contabil - 4.03.001 - Ref 06/2024
DOC-101168;2024-06-02;202406;4.04.001;CC1001;32661.63;Lancamento Contabil - 4.04.001 - Ref 06/2024
DOC-101169;2024-06-03;202406;4.04.001;CC1001;1834.65;Lancamento Contabil - 4.04.001 - Ref 06/2024
DOC-101170;2024-06-08;202406;4.04.001;CC1001;17706.52;Lancamento Contabil - 4.04.001 - Ref 06/2024
DOC-101171;2024-06-16;202406;4.04.001;CC1001;6228.94;Lancamento Contabil - 4.04.001 - Ref 06/2024
DOC-101172;2024-06-18;202406;4.04.001;CC1001;2609.83;Lancamento Contabil - 4.04.001 - Ref 06/2024
DOC-101173;2024-06-20;202406;4.04.001;CC1001;18802.07;Lancamento Contabil - 4.04.001 - Ref 06/2024
DOC-101174;2024-06-21;202406;4.04.001;CC1001;5415.8;Lancamento Contabil - 4.04.001 - Ref 06/2024
DOC-101175;2024-06-23;202406;4.04.001;CC1001;6646.23;Lancamento Contabil - 4.04.001 - Ref 06/2024
DOC-101176;2024-06-25;202406;4.04.001;CC1001;4090.22;Lancamento Contabil - 4.04.001 - Ref 06/2024
DOC-101177;2024-06-03;202406;4.04.001;CC3001;3904.61;Lancamento Contabil - 4.04.001 - Ref 06/2024
DOC-101178;2024-06-04;202406;4.04.001;CC3001;27447.7;Lancamento Contabil - 4.04.001 - Ref 06/2024
DOC-101179;2024-06-08;202406;4.04.001;CC3001;2350.19;Lancamento Contabil - 4.04.001 - Ref 06/2024
DOC-101180;2024-06-14;202406;4.04.001;CC3001;8416.21;Lancamento Contabil - 4.04.001 - Ref 06/2024
DOC-101181;2024-06-21;202406;4.04.001;CC3001;3095.89;Lancamento Contabil - 4.04.001 - Ref 06/2024
DOC-101182;2024-06-23;202406;4.04.001;CC3001;11687.7;Lancamento Contabil - 4.04.001 - Ref 06/2024
DOC-101183;2024-06-24;202406;4.04.001;CC3001;1104.05;Lancamento Contabil - 4.04.001 - Ref 06/2024
DOC-101184;2024-06-25;202406;4.04.001;CC3001;27553.58;Lancamento Contabil - 4.04.001 - Ref 06/2024
DOC-101185;2024-06-06;202406;4.05.001;CC4001;63855.22;Lancamento Contabil - 4.05.001 - Ref 06/2024
DOC-101186;2024-06-10;202406;4.05.001;CC4001;28430.29;Lancamento Contabil - 4.05.001 - Ref 06/2024
DOC-101187;2024-06-15;202406;4.05.001;CC4001;8060.45;Lancamento Contabil - 4.05.001 - Ref 06/2024
DOC-101188;2024-06-23;202406;4.05.001;CC4001;19643.61;Lancamento Contabil - 4.05.001 - Ref 06/2024
DOC-101189;2024-06-29;202406;4.05.001;CC4001;77449.57;Lancamento Contabil - 4.05.001 - Ref 06/2024
DOC-101190;2024-06-02;202406;4.06.001;CC3001;14030.69;Lancamento Contabil - 4.06.001 - Ref 06/2024
DOC-101191;2024-06-10;202406;4.06.001;CC3001;7118.16;Lancamento Contabil - 4.06.001 - Ref 06/2024
DOC-101192;2024-06-11;202406;4.06.001;CC3001;23898.17;Lancamento Contabil - 4.06.001 - Ref 06/2024
DOC-101193;2024-06-26;202406;4.06.001;CC3001;30537.29;Lancamento Contabil - 4.06.001 - Ref 06/2024
DOC-101194;2024-06-05;202406;4.06.001;CC1005;1614.5;Lancamento Contabil - 4.06.001 - Ref 06/2024
DOC-101195;2024-06-06;202406;4.06.001;CC1005;1620.63;Lancamento Contabil - 4.06.001 - Ref 06/2024
DOC-101196;2024-06-08;202406;4.06.001;CC1005;330.02;Lancamento Contabil - 4.06.001 - Ref 06/2024
DOC-101197;2024-06-12;202406;4.06.001;CC1005;11777.88;Lancamento Contabil - 4.06.001 - Ref 06/2024
DOC-101198;2024-06-14;202406;4.06.001;CC1005;9628.99;Lancamento Contabil - 4.06.001 - Ref 06/2024
DOC-101199;2024-06-17;202406;4.06.001;CC1005;5685.67;Lancamento Contabil - 4.06.001 - Ref 06/2024
DOC-101200;2024-06-19;202406;4.06.001;CC1005;16421.28;Lancamento Contabil - 4.06.001 - Ref 06/2024
DOC-101201;2024-06-22;202406;4.06.001;CC1005;14470.91;Lancamento Contabil - 4.06.001 - Ref 06/2024
DOC-101202;2024-06-29;202406;4.06.001;CC1005;7776.34;Lancamento Contabil - 4.06.001 - Ref 06/2024
DOC-101203;2024-06-03;202406;5.01.001;CC3001;13218.81;Lancamento Contabil - 5.01.001 - Ref 06/2024
DOC-101204;2024-06-06;202406;5.01.001;CC3001;35011.05;Lancamento Contabil - 5.01.001 - Ref 06/2024
DOC-101205;2024-06-13;202406;5.01.001;CC3001;6546.43;Lancamento Contabil - 5.01.001 - Ref 06/2024
DOC-101206;2024-06-20;202406;5.01.001;CC3001;84364.11;Lancamento Contabil - 5.01.001 - Ref 06/2024
DOC-101207;2024-06-22;202406;5.01.001;CC3001;307200.07;Lancamento Contabil - 5.01.001 - Ref 06/2024
DOC-101208;2024-06-28;202406;5.01.001;CC3001;4470.2;Lancamento Contabil - 5.01.001 - Ref 06/2024
DOC-101209;2024-06-05;202406;5.02.001;CC3001;10889.52;Lancamento Contabil - 5.02.001 - Ref 06/2024
DOC-101210;2024-06-08;202406;5.02.001;CC3001;50323.21;Lancamento Contabil - 5.02.001 - Ref 06/2024
DOC-101211;2024-06-09;202406;5.02.001;CC3001;227116.16;Lancamento Contabil - 5.02.001 - Ref 06/2024
DOC-101212;2024-06-15;202406;5.02.001;CC3001;31775.89;Lancamento Contabil - 5.02.001 - Ref 06/2024
DOC-101213;2024-06-16;202406;5.02.001;CC3001;59176.31;Lancamento Contabil - 5.02.001 - Ref 06/2024
DOC-101214;2024-06-19;202406;5.02.001;CC3001;3550.44;Lancamento Contabil - 5.02.001 - Ref 06/2024
DOC-101215;2024-06-21;202406;5.02.001;CC3001;13426.22;Lancamento Contabil - 5.02.001 - Ref 06/2024
DOC-101216;2024-06-01;202406;5.03.001;CC3001;7379.4;Lancamento Contabil - 5.03.001 - Ref 06/2024
DOC-101217;2024-06-03;202406;5.03.001;CC3001;8819.34;Lancamento Contabil - 5.03.001 - Ref 06/2024
DOC-101218;2024-06-06;202406;5.03.001;CC3001;8165.33;Lancamento Contabil - 5.03.001 - Ref 06/2024
DOC-101219;2024-06-09;202406;5.03.001;CC3001;13374.42;Lancamento Contabil - 5.03.001 - Ref 06/2024
DOC-101220;2024-06-10;202406;5.03.001;CC3001;1830.18;Lancamento Contabil - 5.03.001 - Ref 06/2024
DOC-101221;2024-06-15;202406;5.03.001;CC3001;370.28;Lancamento Contabil - 5.03.001 - Ref 06/2024
DOC-101222;2024-06-18;202406;5.03.001;CC3001;4478.41;Lancamento Contabil - 5.03.001 - Ref 06/2024
DOC-101223;2024-06-22;202406;5.03.001;CC3001;14840.5;Lancamento Contabil - 5.03.001 - Ref 06/2024
DOC-101224;2024-06-26;202406;5.03.001;CC3001;2743.29;Lancamento Contabil - 5.03.001 - Ref 06/2024
DOC-101225;2024-06-27;202406;5.03.001;CC3001;13616.71;Lancamento Contabil - 5.03.001 - Ref 06/2024
DOC-101226;2024-06-29;202406;5.03.001;CC3001;42629.9;Lancamento Contabil - 5.03.001 - Ref 06/2024
DOC-101227;2024-06-07;202406;6.01.001;CC3001;11592.39;Lancamento Contabil - 6.01.001 - Ref 06/2024
DOC-101228;2024-06-09;202406;6.01.001;CC3001;131267.53;Lancamento Contabil - 6.01.001 - Ref 06/2024
DOC-101229;2024-06-10;202406;6.01.001;CC3001;68954.7;Lancamento Contabil - 6.01.001 - Ref 06/2024
DOC-101230;2024-06-14;202406;6.01.001;CC3001;238184.8;Lancamento Contabil - 6.01.001 - Ref 06/2024
DOC-101231;2024-06-15;202406;6.01.001;CC3001;22922.41;Lancamento Contabil - 6.01.001 - Ref 06/2024
DOC-101232;2024-06-19;202406;6.01.001;CC3001;138686.98;Lancamento Contabil - 6.01.001 - Ref 06/2024
DOC-101233;2024-06-21;202406;6.01.001;CC3001;214065.65;Lancamento Contabil - 6.01.001 - Ref 06/2024
DOC-101234;2024-06-23;202406;6.01.001;CC3001;340158.37;Lancamento Contabil - 6.01.001 - Ref 06/2024
DOC-101235;2024-06-29;202406;6.01.001;CC3001;135153.8;Lancamento Contabil - 6.01.001 - Ref 06/2024
DOC-101236;2024-07-04;202407;1.01.001;CC4001;10032394.98;Lancamento Contabil - 1.01.001 - Ref 07/2024
DOC-101237;2024-07-08;202407;1.01.001;CC4001;4174200.17;Lancamento Contabil - 1.01.001 - Ref 07/2024
DOC-101238;2024-07-10;202407;1.01.001;CC4001;152366.28;Lancamento Contabil - 1.01.001 - Ref 07/2024
DOC-101239;2024-07-12;202407;1.01.001;CC4001;13197760.34;Lancamento Contabil - 1.01.001 - Ref 07/2024
DOC-101240;2024-07-13;202407;1.01.001;CC4001;5775310.72;Lancamento Contabil - 1.01.001 - Ref 07/2024
DOC-101241;2024-07-16;202407;1.01.001;CC4001;5572572.57;Lancamento Contabil - 1.01.001 - Ref 07/2024
DOC-101242;2024-07-19;202407;1.01.001;CC4001;1199503.04;Lancamento Contabil - 1.01.001 - Ref 07/2024
DOC-101243;2024-07-23;202407;1.01.001;CC4001;5310580.35;Lancamento Contabil - 1.01.001 - Ref 07/2024
DOC-101244;2024-07-26;202407;1.01.001;CC4001;2472021.31;Lancamento Contabil - 1.01.001 - Ref 07/2024
DOC-101245;2024-07-28;202407;1.01.001;CC4001;5201035.28;Lancamento Contabil - 1.01.001 - Ref 07/2024
DOC-101246;2024-07-09;202407;1.01.002;CC4001;67613.48;Lancamento Contabil - 1.01.002 - Ref 07/2024
DOC-101247;2024-07-13;202407;1.01.002;CC4001;643358.77;Lancamento Contabil - 1.01.002 - Ref 07/2024
DOC-101248;2024-07-22;202407;1.01.002;CC4001;4464085.75;Lancamento Contabil - 1.01.002 - Ref 07/2024
DOC-101249;2024-07-27;202407;1.01.002;CC4001;29641.5;Lancamento Contabil - 1.01.002 - Ref 07/2024
DOC-101250;2024-07-19;202407;1.02.001;CC1004;491812.25;Lancamento Contabil - 1.02.001 - Ref 07/2024
DOC-101251;2024-07-22;202407;1.02.001;CC1004;366576.83;Lancamento Contabil - 1.02.001 - Ref 07/2024
DOC-101252;2024-07-25;202407;1.02.001;CC1004;201205.88;Lancamento Contabil - 1.02.001 - Ref 07/2024
DOC-101253;2024-07-28;202407;1.02.001;CC1004;322371.36;Lancamento Contabil - 1.02.001 - Ref 07/2024
DOC-101254;2024-07-16;202407;2.01.001;CC3001;1488364.6;Lancamento Contabil - 2.01.001 - Ref 07/2024
DOC-101255;2024-07-20;202407;2.01.001;CC3001;365565.55;Lancamento Contabil - 2.01.001 - Ref 07/2024
DOC-101256;2024-07-24;202407;2.01.001;CC3001;279643.82;Lancamento Contabil - 2.01.001 - Ref 07/2024
DOC-101257;2024-07-30;202407;2.01.001;CC3001;777658.12;Lancamento Contabil - 2.01.001 - Ref 07/2024
DOC-101258;2024-07-08;202407;2.02.001;CC4001;44870.06;Lancamento Contabil - 2.02.001 - Ref 07/2024
DOC-101259;2024-07-12;202407;2.02.001;CC4001;16054.39;Lancamento Contabil - 2.02.001 - Ref 07/2024
DOC-101260;2024-07-20;202407;2.02.001;CC4001;47796.89;Lancamento Contabil - 2.02.001 - Ref 07/2024
DOC-101261;2024-07-21;202407;2.02.001;CC4001;3594.82;Lancamento Contabil - 2.02.001 - Ref 07/2024
DOC-101262;2024-07-25;202407;2.02.001;CC4001;22071.62;Lancamento Contabil - 2.02.001 - Ref 07/2024
DOC-101263;2024-07-26;202407;2.02.001;CC4001;162.11;Lancamento Contabil - 2.02.001 - Ref 07/2024
DOC-101264;2024-07-29;202407;2.02.001;CC4001;11015.08;Lancamento Contabil - 2.02.001 - Ref 07/2024
DOC-101265;2024-07-30;202407;2.02.001;CC4001;12811.64;Lancamento Contabil - 2.02.001 - Ref 07/2024
DOC-101266;2024-07-09;202407;3.01.001;CC1001;2879551.38;Lancamento Contabil - 3.01.001 - Ref 07/2024
DOC-101267;2024-07-20;202407;3.01.001;CC1001;6786804.07;Lancamento Contabil - 3.01.001 - Ref 07/2024
DOC-101268;2024-07-22;202407;3.01.001;CC1001;2808019.15;Lancamento Contabil - 3.01.001 - Ref 07/2024
DOC-101269;2024-07-24;202407;3.01.001;CC1001;3398975.06;Lancamento Contabil - 3.01.001 - Ref 07/2024
DOC-101270;2024-07-25;202407;3.01.001;CC1001;1548099.17;Lancamento Contabil - 3.01.001 - Ref 07/2024
DOC-101271;2024-07-28;202407;3.01.001;CC1001;2666886.56;Lancamento Contabil - 3.01.001 - Ref 07/2024
DOC-101272;2024-07-29;202407;3.01.001;CC1001;1471693.02;Lancamento Contabil - 3.01.001 - Ref 07/2024
DOC-101273;2024-07-02;202407;3.02.001;CC1002;297056.89;Lancamento Contabil - 3.02.001 - Ref 07/2024
DOC-101274;2024-07-04;202407;3.02.001;CC1002;260164.4;Lancamento Contabil - 3.02.001 - Ref 07/2024
DOC-101275;2024-07-21;202407;3.02.001;CC1002;167658.06;Lancamento Contabil - 3.02.001 - Ref 07/2024
DOC-101276;2024-07-28;202407;3.02.001;CC1002;128619.74;Lancamento Contabil - 3.02.001 - Ref 07/2024
DOC-101277;2024-07-29;202407;3.02.001;CC1002;535871.51;Lancamento Contabil - 3.02.001 - Ref 07/2024
DOC-101278;2024-07-31;202407;3.02.001;CC1002;197109.11;Lancamento Contabil - 3.02.001 - Ref 07/2024
DOC-101279;2024-07-02;202407;3.02.001;CC1003;211301.47;Lancamento Contabil - 3.02.001 - Ref 07/2024
DOC-101280;2024-07-03;202407;3.02.001;CC1003;8413.96;Lancamento Contabil - 3.02.001 - Ref 07/2024
DOC-101281;2024-07-05;202407;3.02.001;CC1003;135200.9;Lancamento Contabil - 3.02.001 - Ref 07/2024
DOC-101282;2024-07-12;202407;3.02.001;CC1003;154940.85;Lancamento Contabil - 3.02.001 - Ref 07/2024
DOC-101283;2024-07-15;202407;3.02.001;CC1003;164824.57;Lancamento Contabil - 3.02.001 - Ref 07/2024
DOC-101284;2024-07-19;202407;3.02.001;CC1003;281121.55;Lancamento Contabil - 3.02.001 - Ref 07/2024
DOC-101285;2024-07-24;202407;3.02.001;CC1003;247048.61;Lancamento Contabil - 3.02.001 - Ref 07/2024
DOC-101286;2024-07-26;202407;3.02.001;CC1003;303257.39;Lancamento Contabil - 3.02.001 - Ref 07/2024
DOC-101287;2024-07-05;202407;3.03.001;CC1002;72379.6;Lancamento Contabil - 3.03.001 - Ref 07/2024
DOC-101288;2024-07-06;202407;3.03.001;CC1002;177924.53;Lancamento Contabil - 3.03.001 - Ref 07/2024
DOC-101289;2024-07-07;202407;3.03.001;CC1002;1051.77;Lancamento Contabil - 3.03.001 - Ref 07/2024
DOC-101290;2024-07-11;202407;3.03.001;CC1002;12453.8;Lancamento Contabil - 3.03.001 - Ref 07/2024
DOC-101291;2024-07-12;202407;3.03.001;CC1002;433.93;Lancamento Contabil - 3.03.001 - Ref 07/2024
DOC-101292;2024-07-14;202407;3.03.001;CC1002;59595.88;Lancamento Contabil - 3.03.001 - Ref 07/2024
DOC-101293;2024-07-18;202407;3.03.001;CC1002;130498.73;Lancamento Contabil - 3.03.001 - Ref 07/2024
DOC-101294;2024-07-24;202407;3.03.001;CC1002;15949.04;Lancamento Contabil - 3.03.001 - Ref 07/2024
DOC-101295;2024-07-03;202407;3.03.001;CC1003;117882.93;Lancamento Contabil - 3.03.001 - Ref 07/2024
DOC-101296;2024-07-04;202407;3.03.001;CC1003;2799.17;Lancamento Contabil - 3.03.001 - Ref 07/2024
DOC-101297;2024-07-06;202407;3.03.001;CC1003;122699.53;Lancamento Contabil - 3.03.001 - Ref 07/2024
DOC-101298;2024-07-09;202407;3.03.001;CC1003;19511.5;Lancamento Contabil - 3.03.001 - Ref 07/2024
DOC-101299;2024-07-10;202407;3.03.001;CC1003;4815.72;Lancamento Contabil - 3.03.001 - Ref 07/2024
DOC-101300;2024-07-11;202407;3.03.001;CC1003;29958.89;Lancamento Contabil - 3.03.001 - Ref 07/2024
DOC-101301;2024-07-15;202407;3.03.001;CC1003;13363.58;Lancamento Contabil - 3.03.001 - Ref 07/2024
DOC-101302;2024-07-16;202407;3.03.001;CC1003;15098.95;Lancamento Contabil - 3.03.001 - Ref 07/2024
DOC-101303;2024-07-17;202407;3.03.001;CC1003;16533.16;Lancamento Contabil - 3.03.001 - Ref 07/2024
DOC-101304;2024-07-27;202407;3.03.001;CC1003;73162.45;Lancamento Contabil - 3.03.001 - Ref 07/2024
DOC-101305;2024-07-29;202407;3.03.001;CC1003;34886.48;Lancamento Contabil - 3.03.001 - Ref 07/2024
DOC-101306;2024-07-30;202407;3.03.001;CC1003;16795.1;Lancamento Contabil - 3.03.001 - Ref 07/2024
DOC-101307;2024-07-08;202407;3.03.001;CC1005;62086.01;Lancamento Contabil - 3.03.001 - Ref 07/2024
DOC-101308;2024-07-22;202407;3.03.001;CC1005;104090.46;Lancamento Contabil - 3.03.001 - Ref 07/2024
DOC-101309;2024-07-24;202407;3.03.001;CC1005;25352.11;Lancamento Contabil - 3.03.001 - Ref 07/2024
DOC-101310;2024-07-25;202407;3.03.001;CC1005;38981.0;Lancamento Contabil - 3.03.001 - Ref 07/2024
DOC-101311;2024-07-28;202407;3.03.001;CC1005;222926.73;Lancamento Contabil - 3.03.001 - Ref 07/2024
DOC-101312;2024-07-29;202407;3.03.001;CC1005;39049.85;Lancamento Contabil - 3.03.001 - Ref 07/2024
DOC-101313;2024-07-01;202407;3.04.001;CC1004;74775.91;Lancamento Contabil - 3.04.001 - Ref 07/2024
DOC-101314;2024-07-03;202407;3.04.001;CC1004;123952.18;Lancamento Contabil - 3.04.001 - Ref 07/2024
DOC-101315;2024-07-09;202407;3.04.001;CC1004;11348.23;Lancamento Contabil - 3.04.001 - Ref 07/2024
DOC-101316;2024-07-12;202407;3.04.001;CC1004;84108.47;Lancamento Contabil - 3.04.001 - Ref 07/2024
DOC-101317;2024-07-13;202407;3.04.001;CC1004;29765.5;Lancamento Contabil - 3.04.001 - Ref 07/2024
DOC-101318;2024-07-18;202407;3.04.001;CC1004;330802.23;Lancamento Contabil - 3.04.001 - Ref 07/2024
DOC-101319;2024-07-26;202407;3.04.001;CC1004;66340.74;Lancamento Contabil - 3.04.001 - Ref 07/2024
DOC-101320;2024-07-28;202407;3.04.001;CC1004;164640.81;Lancamento Contabil - 3.04.001 - Ref 07/2024
DOC-101321;2024-07-30;202407;3.04.001;CC1004;80220.24;Lancamento Contabil - 3.04.001 - Ref 07/2024
DOC-101322;2024-07-31;202407;3.04.001;CC1004;4456.03;Lancamento Contabil - 3.04.001 - Ref 07/2024
DOC-101323;2024-07-09;202407;3.05.001;CC1005;122704.78;Lancamento Contabil - 3.05.001 - Ref 07/2024
DOC-101324;2024-07-12;202407;3.05.001;CC1005;228029.76;Lancamento Contabil - 3.05.001 - Ref 07/2024
DOC-101325;2024-07-15;202407;3.05.001;CC1005;287446.25;Lancamento Contabil - 3.05.001 - Ref 07/2024
DOC-101326;2024-07-22;202407;3.05.001;CC1005;34514.95;Lancamento Contabil - 3.05.001 - Ref 07/2024
DOC-101327;2024-07-24;202407;3.05.001;CC1005;31773.74;Lancamento Contabil - 3.05.001 - Ref 07/2024
DOC-101328;2024-07-19;202407;3.06.001;CC1002;518289.87;Lancamento Contabil - 3.06.001 - Ref 07/2024
DOC-101329;2024-07-13;202407;3.06.001;CC1003;548838.45;Lancamento Contabil - 3.06.001 - Ref 07/2024
DOC-101330;2024-07-01;202407;4.01.001;CC2001;126625.53;Lancamento Contabil - 4.01.001 - Ref 07/2024
DOC-101331;2024-07-04;202407;4.01.001;CC2001;78499.15;Lancamento Contabil - 4.01.001 - Ref 07/2024
DOC-101332;2024-07-08;202407;4.01.001;CC2001;440374.84;Lancamento Contabil - 4.01.001 - Ref 07/2024
DOC-101333;2024-07-11;202407;4.01.001;CC2001;93305.46;Lancamento Contabil - 4.01.001 - Ref 07/2024
DOC-101334;2024-07-16;202407;4.01.001;CC2001;502200.66;Lancamento Contabil - 4.01.001 - Ref 07/2024
DOC-101335;2024-07-18;202407;4.01.001;CC2001;160058.41;Lancamento Contabil - 4.01.001 - Ref 07/2024
DOC-101336;2024-07-20;202407;4.01.001;CC2001;319791.26;Lancamento Contabil - 4.01.001 - Ref 07/2024
DOC-101337;2024-07-22;202407;4.01.001;CC2001;29158.17;Lancamento Contabil - 4.01.001 - Ref 07/2024
DOC-101338;2024-07-26;202407;4.01.001;CC2001;283936.4;Lancamento Contabil - 4.01.001 - Ref 07/2024
DOC-101339;2024-07-03;202407;4.02.001;CC3001;11903.13;Lancamento Contabil - 4.02.001 - Ref 07/2024
DOC-101340;2024-07-10;202407;4.02.001;CC3001;86398.42;Lancamento Contabil - 4.02.001 - Ref 07/2024
DOC-101341;2024-07-15;202407;4.02.001;CC3001;128537.15;Lancamento Contabil - 4.02.001 - Ref 07/2024
DOC-101342;2024-07-21;202407;4.02.001;CC3001;15808.52;Lancamento Contabil - 4.02.001 - Ref 07/2024
DOC-101343;2024-07-23;202407;4.02.001;CC3001;6510.69;Lancamento Contabil - 4.02.001 - Ref 07/2024
DOC-101344;2024-07-27;202407;4.02.001;CC3001;1548.07;Lancamento Contabil - 4.02.001 - Ref 07/2024
DOC-101345;2024-07-31;202407;4.02.001;CC3001;66468.5;Lancamento Contabil - 4.02.001 - Ref 07/2024
DOC-101346;2024-07-02;202407;4.02.001;CC3003;23514.91;Lancamento Contabil - 4.02.001 - Ref 07/2024
DOC-101347;2024-07-04;202407;4.02.001;CC3003;19915.63;Lancamento Contabil - 4.02.001 - Ref 07/2024
DOC-101348;2024-07-05;202407;4.02.001;CC3003;6642.69;Lancamento Contabil - 4.02.001 - Ref 07/2024
DOC-101349;2024-07-08;202407;4.02.001;CC3003;12479.63;Lancamento Contabil - 4.02.001 - Ref 07/2024
DOC-101350;2024-07-10;202407;4.02.001;CC3003;22719.26;Lancamento Contabil - 4.02.001 - Ref 07/2024
DOC-101351;2024-07-16;202407;4.02.001;CC3003;17285.36;Lancamento Contabil - 4.02.001 - Ref 07/2024
DOC-101352;2024-07-18;202407;4.02.001;CC3003;110884.13;Lancamento Contabil - 4.02.001 - Ref 07/2024
DOC-101353;2024-07-25;202407;4.02.001;CC3003;3692.46;Lancamento Contabil - 4.02.001 - Ref 07/2024
DOC-101354;2024-07-29;202407;4.02.001;CC3003;29901.75;Lancamento Contabil - 4.02.001 - Ref 07/2024
DOC-101355;2024-07-31;202407;4.02.001;CC3003;13040.12;Lancamento Contabil - 4.02.001 - Ref 07/2024
DOC-101356;2024-07-12;202407;4.03.001;CC3002;34947.46;Lancamento Contabil - 4.03.001 - Ref 07/2024
DOC-101357;2024-07-13;202407;4.03.001;CC3002;140474.41;Lancamento Contabil - 4.03.001 - Ref 07/2024
DOC-101358;2024-07-15;202407;4.03.001;CC3002;4073.04;Lancamento Contabil - 4.03.001 - Ref 07/2024
DOC-101359;2024-07-22;202407;4.03.001;CC3002;3258.52;Lancamento Contabil - 4.03.001 - Ref 07/2024
DOC-101360;2024-07-23;202407;4.03.001;CC3002;38193.32;Lancamento Contabil - 4.03.001 - Ref 07/2024
DOC-101361;2024-07-24;202407;4.03.001;CC3002;25598.91;Lancamento Contabil - 4.03.001 - Ref 07/2024
DOC-101362;2024-07-04;202407;4.04.001;CC1001;4362.45;Lancamento Contabil - 4.04.001 - Ref 07/2024
DOC-101363;2024-07-05;202407;4.04.001;CC1001;1126.61;Lancamento Contabil - 4.04.001 - Ref 07/2024
DOC-101364;2024-07-09;202407;4.04.001;CC1001;1219.19;Lancamento Contabil - 4.04.001 - Ref 07/2024
DOC-101365;2024-07-14;202407;4.04.001;CC1001;30579.81;Lancamento Contabil - 4.04.001 - Ref 07/2024
DOC-101366;2024-07-16;202407;4.04.001;CC1001;2900.29;Lancamento Contabil - 4.04.001 - Ref 07/2024
DOC-101367;2024-07-19;202407;4.04.001;CC1001;5318.28;Lancamento Contabil - 4.04.001 - Ref 07/2024
DOC-101368;2024-07-20;202407;4.04.001;CC1001;3499.36;Lancamento Contabil - 4.04.001 - Ref 07/2024
DOC-101369;2024-07-21;202407;4.04.001;CC1001;5969.95;Lancamento Contabil - 4.04.001 - Ref 07/2024
DOC-101370;2024-07-24;202407;4.04.001;CC1001;979.58;Lancamento Contabil - 4.04.001 - Ref 07/2024
DOC-101371;2024-07-26;202407;4.04.001;CC1001;9965.99;Lancamento Contabil - 4.04.001 - Ref 07/2024
DOC-101372;2024-07-29;202407;4.04.001;CC1001;953.11;Lancamento Contabil - 4.04.001 - Ref 07/2024
DOC-101373;2024-07-31;202407;4.04.001;CC1001;21936.0;Lancamento Contabil - 4.04.001 - Ref 07/2024
DOC-101374;2024-07-07;202407;4.04.001;CC3001;45619.22;Lancamento Contabil - 4.04.001 - Ref 07/2024
DOC-101375;2024-07-12;202407;4.04.001;CC3001;22634.76;Lancamento Contabil - 4.04.001 - Ref 07/2024
DOC-101376;2024-07-15;202407;4.04.001;CC3001;16375.67;Lancamento Contabil - 4.04.001 - Ref 07/2024
DOC-101377;2024-07-23;202407;4.04.001;CC3001;8432.79;Lancamento Contabil - 4.04.001 - Ref 07/2024
DOC-101378;2024-07-02;202407;4.05.001;CC4001;4839.93;Lancamento Contabil - 4.05.001 - Ref 07/2024
DOC-101379;2024-07-04;202407;4.05.001;CC4001;13231.5;Lancamento Contabil - 4.05.001 - Ref 07/2024
DOC-101380;2024-07-08;202407;4.05.001;CC4001;61424.17;Lancamento Contabil - 4.05.001 - Ref 07/2024
DOC-101381;2024-07-12;202407;4.05.001;CC4001;12958.11;Lancamento Contabil - 4.05.001 - Ref 07/2024
DOC-101382;2024-07-18;202407;4.05.001;CC4001;9751.81;Lancamento Contabil - 4.05.001 - Ref 07/2024
DOC-101383;2024-07-21;202407;4.05.001;CC4001;15677.19;Lancamento Contabil - 4.05.001 - Ref 07/2024
DOC-101384;2024-07-22;202407;4.05.001;CC4001;7480.06;Lancamento Contabil - 4.05.001 - Ref 07/2024
DOC-101385;2024-07-25;202407;4.05.001;CC4001;741.31;Lancamento Contabil - 4.05.001 - Ref 07/2024
DOC-101386;2024-07-28;202407;4.05.001;CC4001;9874.41;Lancamento Contabil - 4.05.001 - Ref 07/2024
DOC-101387;2024-07-29;202407;4.05.001;CC4001;37780.8;Lancamento Contabil - 4.05.001 - Ref 07/2024
DOC-101388;2024-07-31;202407;4.05.001;CC4001;2303.5;Lancamento Contabil - 4.05.001 - Ref 07/2024
DOC-101389;2024-07-03;202407;4.06.001;CC3001;5499.87;Lancamento Contabil - 4.06.001 - Ref 07/2024
DOC-101390;2024-07-04;202407;4.06.001;CC3001;728.59;Lancamento Contabil - 4.06.001 - Ref 07/2024
DOC-101391;2024-07-07;202407;4.06.001;CC3001;4288.91;Lancamento Contabil - 4.06.001 - Ref 07/2024
DOC-101392;2024-07-09;202407;4.06.001;CC3001;10113.0;Lancamento Contabil - 4.06.001 - Ref 07/2024
DOC-101393;2024-07-15;202407;4.06.001;CC3001;3060.25;Lancamento Contabil - 4.06.001 - Ref 07/2024
DOC-101394;2024-07-21;202407;4.06.001;CC3001;7834.98;Lancamento Contabil - 4.06.001 - Ref 07/2024
DOC-101395;2024-07-22;202407;4.06.001;CC3001;11371.96;Lancamento Contabil - 4.06.001 - Ref 07/2024
DOC-101396;2024-07-27;202407;4.06.001;CC3001;18772.9;Lancamento Contabil - 4.06.001 - Ref 07/2024
DOC-101397;2024-07-28;202407;4.06.001;CC3001;1916.26;Lancamento Contabil - 4.06.001 - Ref 07/2024
DOC-101398;2024-07-30;202407;4.06.001;CC3001;3652.39;Lancamento Contabil - 4.06.001 - Ref 07/2024
DOC-101399;2024-07-02;202407;4.06.001;CC1005;1449.06;Lancamento Contabil - 4.06.001 - Ref 07/2024
DOC-101400;2024-07-08;202407;4.06.001;CC1005;42855.79;Lancamento Contabil - 4.06.001 - Ref 07/2024
DOC-101401;2024-07-11;202407;4.06.001;CC1005;22934.94;Lancamento Contabil - 4.06.001 - Ref 07/2024
DOC-101402;2024-07-26;202407;4.06.001;CC1005;6803.74;Lancamento Contabil - 4.06.001 - Ref 07/2024
DOC-101403;2024-07-03;202407;5.01.001;CC3001;76515.42;Lancamento Contabil - 5.01.001 - Ref 07/2024
DOC-101404;2024-07-07;202407;5.01.001;CC3001;7310.3;Lancamento Contabil - 5.01.001 - Ref 07/2024
DOC-101405;2024-07-19;202407;5.01.001;CC3001;110231.39;Lancamento Contabil - 5.01.001 - Ref 07/2024
DOC-101406;2024-07-25;202407;5.01.001;CC3001;10700.28;Lancamento Contabil - 5.01.001 - Ref 07/2024
DOC-101407;2024-07-26;202407;5.01.001;CC3001;136973.77;Lancamento Contabil - 5.01.001 - Ref 07/2024
DOC-101408;2024-07-27;202407;5.01.001;CC3001;119298.89;Lancamento Contabil - 5.01.001 - Ref 07/2024
DOC-101409;2024-07-01;202407;5.02.001;CC3001;60832.84;Lancamento Contabil - 5.02.001 - Ref 07/2024
DOC-101410;2024-07-05;202407;5.02.001;CC3001;1816.29;Lancamento Contabil - 5.02.001 - Ref 07/2024
DOC-101411;2024-07-07;202407;5.02.001;CC3001;17810.33;Lancamento Contabil - 5.02.001 - Ref 07/2024
DOC-101412;2024-07-08;202407;5.02.001;CC3001;15056.88;Lancamento Contabil - 5.02.001 - Ref 07/2024
DOC-101413;2024-07-09;202407;5.02.001;CC3001;22019.19;Lancamento Contabil - 5.02.001 - Ref 07/2024
DOC-101414;2024-07-11;202407;5.02.001;CC3001;4523.36;Lancamento Contabil - 5.02.001 - Ref 07/2024
DOC-101415;2024-07-19;202407;5.02.001;CC3001;136304.42;Lancamento Contabil - 5.02.001 - Ref 07/2024
DOC-101416;2024-07-20;202407;5.02.001;CC3001;39796.91;Lancamento Contabil - 5.02.001 - Ref 07/2024
DOC-101417;2024-07-24;202407;5.02.001;CC3001;17980.18;Lancamento Contabil - 5.02.001 - Ref 07/2024
DOC-101418;2024-07-25;202407;5.02.001;CC3001;24943.92;Lancamento Contabil - 5.02.001 - Ref 07/2024
DOC-101419;2024-07-27;202407;5.02.001;CC3001;29232.17;Lancamento Contabil - 5.02.001 - Ref 07/2024
DOC-101420;2024-07-31;202407;5.02.001;CC3001;45260.26;Lancamento Contabil - 5.02.001 - Ref 07/2024
DOC-101421;2024-07-04;202407;5.03.001;CC3001;7727.28;Lancamento Contabil - 5.03.001 - Ref 07/2024
DOC-101422;2024-07-06;202407;5.03.001;CC3001;54525.27;Lancamento Contabil - 5.03.001 - Ref 07/2024
DOC-101423;2024-07-09;202407;5.03.001;CC3001;21443.02;Lancamento Contabil - 5.03.001 - Ref 07/2024
DOC-101424;2024-07-18;202407;5.03.001;CC3001;2629.83;Lancamento Contabil - 5.03.001 - Ref 07/2024
DOC-101425;2024-07-22;202407;5.03.001;CC3001;30003.01;Lancamento Contabil - 5.03.001 - Ref 07/2024
DOC-101426;2024-07-26;202407;5.03.001;CC3001;1391.32;Lancamento Contabil - 5.03.001 - Ref 07/2024
DOC-101427;2024-07-01;202407;6.01.001;CC3001;344354.0;Lancamento Contabil - 6.01.001 - Ref 07/2024
DOC-101428;2024-07-05;202407;6.01.001;CC3001;96993.61;Lancamento Contabil - 6.01.001 - Ref 07/2024
DOC-101429;2024-07-12;202407;6.01.001;CC3001;425909.46;Lancamento Contabil - 6.01.001 - Ref 07/2024
DOC-101430;2024-07-26;202407;6.01.001;CC3001;410087.95;Lancamento Contabil - 6.01.001 - Ref 07/2024
DOC-101431;2024-08-01;202408;1.01.001;CC4001;2527088.4;Lancamento Contabil - 1.01.001 - Ref 08/2024
DOC-101432;2024-08-02;202408;1.01.001;CC4001;586818.15;Lancamento Contabil - 1.01.001 - Ref 08/2024
DOC-101433;2024-08-05;202408;1.01.001;CC4001;3587093.5;Lancamento Contabil - 1.01.001 - Ref 08/2024
DOC-101434;2024-08-06;202408;1.01.001;CC4001;1325396.89;Lancamento Contabil - 1.01.001 - Ref 08/2024
DOC-101435;2024-08-09;202408;1.01.001;CC4001;8256794.64;Lancamento Contabil - 1.01.001 - Ref 08/2024
DOC-101436;2024-08-11;202408;1.01.001;CC4001;2954215.16;Lancamento Contabil - 1.01.001 - Ref 08/2024
DOC-101437;2024-08-19;202408;1.01.001;CC4001;25825644.44;Lancamento Contabil - 1.01.001 - Ref 08/2024
DOC-101438;2024-08-03;202408;1.01.002;CC4001;456487.93;Lancamento Contabil - 1.01.002 - Ref 08/2024
DOC-101439;2024-08-04;202408;1.01.002;CC4001;770357.21;Lancamento Contabil - 1.01.002 - Ref 08/2024
DOC-101440;2024-08-12;202408;1.01.002;CC4001;63355.05;Lancamento Contabil - 1.01.002 - Ref 08/2024
DOC-101441;2024-08-15;202408;1.01.002;CC4001;882626.5;Lancamento Contabil - 1.01.002 - Ref 08/2024
DOC-101442;2024-08-16;202408;1.01.002;CC4001;1141181.34;Lancamento Contabil - 1.01.002 - Ref 08/2024
DOC-101443;2024-08-17;202408;1.01.002;CC4001;297505.62;Lancamento Contabil - 1.01.002 - Ref 08/2024
DOC-101444;2024-08-19;202408;1.01.002;CC4001;415352.05;Lancamento Contabil - 1.01.002 - Ref 08/2024
DOC-101445;2024-08-24;202408;1.01.002;CC4001;644993.8;Lancamento Contabil - 1.01.002 - Ref 08/2024
DOC-101446;2024-08-25;202408;1.01.002;CC4001;85640.38;Lancamento Contabil - 1.01.002 - Ref 08/2024
DOC-101447;2024-08-31;202408;1.01.002;CC4001;311183.21;Lancamento Contabil - 1.01.002 - Ref 08/2024
DOC-101448;2024-08-08;202408;1.02.001;CC1004;139615.05;Lancamento Contabil - 1.02.001 - Ref 08/2024
DOC-101449;2024-08-15;202408;1.02.001;CC1004;21517.61;Lancamento Contabil - 1.02.001 - Ref 08/2024
DOC-101450;2024-08-17;202408;1.02.001;CC1004;7969.49;Lancamento Contabil - 1.02.001 - Ref 08/2024
DOC-101451;2024-08-20;202408;1.02.001;CC1004;44255.22;Lancamento Contabil - 1.02.001 - Ref 08/2024
DOC-101452;2024-08-31;202408;1.02.001;CC1004;1005661.44;Lancamento Contabil - 1.02.001 - Ref 08/2024
DOC-101453;2024-08-24;202408;2.01.001;CC3001;437373.27;Lancamento Contabil - 2.01.001 - Ref 08/2024
DOC-101454;2024-08-26;202408;2.01.001;CC3001;1851685.12;Lancamento Contabil - 2.01.001 - Ref 08/2024
DOC-101455;2024-08-28;202408;2.01.001;CC3001;310706.26;Lancamento Contabil - 2.01.001 - Ref 08/2024
DOC-101456;2024-08-30;202408;2.01.001;CC3001;204957.6;Lancamento Contabil - 2.01.001 - Ref 08/2024
DOC-101457;2024-08-01;202408;2.02.001;CC4001;1272.17;Lancamento Contabil - 2.02.001 - Ref 08/2024
DOC-101458;2024-08-02;202408;2.02.001;CC4001;11664.56;Lancamento Contabil - 2.02.001 - Ref 08/2024
DOC-101459;2024-08-04;202408;2.02.001;CC4001;2772.69;Lancamento Contabil - 2.02.001 - Ref 08/2024
DOC-101460;2024-08-10;202408;2.02.001;CC4001;11010.12;Lancamento Contabil - 2.02.001 - Ref 08/2024
DOC-101461;2024-08-13;202408;2.02.001;CC4001;11965.85;Lancamento Contabil - 2.02.001 - Ref 08/2024
DOC-101462;2024-08-14;202408;2.02.001;CC4001;1878.54;Lancamento Contabil - 2.02.001 - Ref 08/2024
DOC-101463;2024-08-15;202408;2.02.001;CC4001;721.24;Lancamento Contabil - 2.02.001 - Ref 08/2024
DOC-101464;2024-08-16;202408;2.02.001;CC4001;17288.05;Lancamento Contabil - 2.02.001 - Ref 08/2024
DOC-101465;2024-08-21;202408;2.02.001;CC4001;7015.22;Lancamento Contabil - 2.02.001 - Ref 08/2024
DOC-101466;2024-08-22;202408;2.02.001;CC4001;682.64;Lancamento Contabil - 2.02.001 - Ref 08/2024
DOC-101467;2024-08-26;202408;2.02.001;CC4001;60056.48;Lancamento Contabil - 2.02.001 - Ref 08/2024
DOC-101468;2024-08-30;202408;2.02.001;CC4001;678.0;Lancamento Contabil - 2.02.001 - Ref 08/2024
DOC-101469;2024-08-03;202408;3.01.001;CC1001;3049461.6;Lancamento Contabil - 3.01.001 - Ref 08/2024
DOC-101470;2024-08-05;202408;3.01.001;CC1001;10567427.25;Lancamento Contabil - 3.01.001 - Ref 08/2024
DOC-101471;2024-08-11;202408;3.01.001;CC1001;701941.21;Lancamento Contabil - 3.01.001 - Ref 08/2024
DOC-101472;2024-08-20;202408;3.01.001;CC1001;394014.16;Lancamento Contabil - 3.01.001 - Ref 08/2024
DOC-101473;2024-08-29;202408;3.01.001;CC1001;332300.09;Lancamento Contabil - 3.01.001 - Ref 08/2024
DOC-101474;2024-08-05;202408;3.02.001;CC1002;136288.94;Lancamento Contabil - 3.02.001 - Ref 08/2024
DOC-101475;2024-08-09;202408;3.02.001;CC1002;7439.97;Lancamento Contabil - 3.02.001 - Ref 08/2024
DOC-101476;2024-08-19;202408;3.02.001;CC1002;82382.24;Lancamento Contabil - 3.02.001 - Ref 08/2024
DOC-101477;2024-08-20;202408;3.02.001;CC1002;660852.08;Lancamento Contabil - 3.02.001 - Ref 08/2024
DOC-101478;2024-08-21;202408;3.02.001;CC1002;194552.19;Lancamento Contabil - 3.02.001 - Ref 08/2024
DOC-101479;2024-08-04;202408;3.02.001;CC1003;110977.83;Lancamento Contabil - 3.02.001 - Ref 08/2024
DOC-101480;2024-08-10;202408;3.02.001;CC1003;42487.36;Lancamento Contabil - 3.02.001 - Ref 08/2024
DOC-101481;2024-08-11;202408;3.02.001;CC1003;113627.95;Lancamento Contabil - 3.02.001 - Ref 08/2024
DOC-101482;2024-08-13;202408;3.02.001;CC1003;87002.35;Lancamento Contabil - 3.02.001 - Ref 08/2024
DOC-101483;2024-08-14;202408;3.02.001;CC1003;64520.94;Lancamento Contabil - 3.02.001 - Ref 08/2024
DOC-101484;2024-08-15;202408;3.02.001;CC1003;16276.77;Lancamento Contabil - 3.02.001 - Ref 08/2024
DOC-101485;2024-08-17;202408;3.02.001;CC1003;252946.26;Lancamento Contabil - 3.02.001 - Ref 08/2024
DOC-101486;2024-08-20;202408;3.02.001;CC1003;69421.48;Lancamento Contabil - 3.02.001 - Ref 08/2024
DOC-101487;2024-08-21;202408;3.02.001;CC1003;25150.2;Lancamento Contabil - 3.02.001 - Ref 08/2024
DOC-101488;2024-08-23;202408;3.02.001;CC1003;53274.68;Lancamento Contabil - 3.02.001 - Ref 08/2024
DOC-101489;2024-08-27;202408;3.02.001;CC1003;62125.62;Lancamento Contabil - 3.02.001 - Ref 08/2024
DOC-101490;2024-08-28;202408;3.02.001;CC1003;204225.56;Lancamento Contabil - 3.02.001 - Ref 08/2024
DOC-101491;2024-08-04;202408;3.03.001;CC1002;463.87;Lancamento Contabil - 3.03.001 - Ref 08/2024
DOC-101492;2024-08-07;202408;3.03.001;CC1002;22503.09;Lancamento Contabil - 3.03.001 - Ref 08/2024
DOC-101493;2024-08-08;202408;3.03.001;CC1002;27454.22;Lancamento Contabil - 3.03.001 - Ref 08/2024
DOC-101494;2024-08-11;202408;3.03.001;CC1002;810.39;Lancamento Contabil - 3.03.001 - Ref 08/2024
DOC-101495;2024-08-13;202408;3.03.001;CC1002;12581.1;Lancamento Contabil - 3.03.001 - Ref 08/2024
DOC-101496;2024-08-14;202408;3.03.001;CC1002;59729.87;Lancamento Contabil - 3.03.001 - Ref 08/2024
DOC-101497;2024-08-15;202408;3.03.001;CC1002;6166.82;Lancamento Contabil - 3.03.001 - Ref 08/2024
DOC-101498;2024-08-24;202408;3.03.001;CC1002;32048.79;Lancamento Contabil - 3.03.001 - Ref 08/2024
DOC-101499;2024-08-25;202408;3.03.001;CC1002;10133.74;Lancamento Contabil - 3.03.001 - Ref 08/2024
DOC-101500;2024-08-27;202408;3.03.001;CC1002;509.97;Lancamento Contabil - 3.03.001 - Ref 08/2024
DOC-101501;2024-08-28;202408;3.03.001;CC1002;11542.6;Lancamento Contabil - 3.03.001 - Ref 08/2024
DOC-101502;2024-08-30;202408;3.03.001;CC1002;155749.76;Lancamento Contabil - 3.03.001 - Ref 08/2024
DOC-101503;2024-08-03;202408;3.03.001;CC1003;56590.48;Lancamento Contabil - 3.03.001 - Ref 08/2024
DOC-101504;2024-08-05;202408;3.03.001;CC1003;112272.56;Lancamento Contabil - 3.03.001 - Ref 08/2024
DOC-101505;2024-08-09;202408;3.03.001;CC1003;23416.01;Lancamento Contabil - 3.03.001 - Ref 08/2024
DOC-101506;2024-08-11;202408;3.03.001;CC1003;4067.6;Lancamento Contabil - 3.03.001 - Ref 08/2024
DOC-101507;2024-08-12;202408;3.03.001;CC1003;27784.57;Lancamento Contabil - 3.03.001 - Ref 08/2024
DOC-101508;2024-08-14;202408;3.03.001;CC1003;21200.27;Lancamento Contabil - 3.03.001 - Ref 08/2024
DOC-101509;2024-08-16;202408;3.03.001;CC1003;65095.32;Lancamento Contabil - 3.03.001 - Ref 08/2024
DOC-101510;2024-08-22;202408;3.03.001;CC1003;3612.5;Lancamento Contabil - 3.03.001 - Ref 08/2024
DOC-101511;2024-08-29;202408;3.03.001;CC1003;23442.47;Lancamento Contabil - 3.03.001 - Ref 08/2024
DOC-101512;2024-08-03;202408;3.03.001;CC1005;117759.14;Lancamento Contabil - 3.03.001 - Ref 08/2024
DOC-101513;2024-08-04;202408;3.03.001;CC1005;56925.81;Lancamento Contabil - 3.03.001 - Ref 08/2024
DOC-101514;2024-08-14;202408;3.03.001;CC1005;41523.09;Lancamento Contabil - 3.03.001 - Ref 08/2024
DOC-101515;2024-08-24;202408;3.03.001;CC1005;44186.24;Lancamento Contabil - 3.03.001 - Ref 08/2024
DOC-101516;2024-08-27;202408;3.03.001;CC1005;54183.35;Lancamento Contabil - 3.03.001 - Ref 08/2024
DOC-101517;2024-08-02;202408;3.04.001;CC1004;76253.37;Lancamento Contabil - 3.04.001 - Ref 08/2024
DOC-101518;2024-08-05;202408;3.04.001;CC1004;110442.23;Lancamento Contabil - 3.04.001 - Ref 08/2024
DOC-101519;2024-08-11;202408;3.04.001;CC1004;154201.74;Lancamento Contabil - 3.04.001 - Ref 08/2024
DOC-101520;2024-08-18;202408;3.04.001;CC1004;76690.66;Lancamento Contabil - 3.04.001 - Ref 08/2024
DOC-101521;2024-08-19;202408;3.04.001;CC1004;18797.06;Lancamento Contabil - 3.04.001 - Ref 08/2024
DOC-101522;2024-08-22;202408;3.04.001;CC1004;57799.59;Lancamento Contabil - 3.04.001 - Ref 08/2024
DOC-101523;2024-08-26;202408;3.04.001;CC1004;28550.35;Lancamento Contabil - 3.04.001 - Ref 08/2024
DOC-101524;2024-08-29;202408;3.04.001;CC1004;14580.51;Lancamento Contabil - 3.04.001 - Ref 08/2024
DOC-101525;2024-08-31;202408;3.04.001;CC1004;91177.18;Lancamento Contabil - 3.04.001 - Ref 08/2024
DOC-101526;2024-08-12;202408;3.05.001;CC1005;110748.44;Lancamento Contabil - 3.05.001 - Ref 08/2024
DOC-101527;2024-08-14;202408;3.05.001;CC1005;231893.34;Lancamento Contabil - 3.05.001 - Ref 08/2024
DOC-101528;2024-08-22;202408;3.05.001;CC1005;104118.59;Lancamento Contabil - 3.05.001 - Ref 08/2024
DOC-101529;2024-08-28;202408;3.05.001;CC1005;97876.57;Lancamento Contabil - 3.05.001 - Ref 08/2024
DOC-101530;2024-08-31;202408;3.05.001;CC1005;7093.54;Lancamento Contabil - 3.05.001 - Ref 08/2024
DOC-101531;2024-08-25;202408;3.06.001;CC1002;354116.56;Lancamento Contabil - 3.06.001 - Ref 08/2024
DOC-101532;2024-08-14;202408;3.06.001;CC1003;377135.4;Lancamento Contabil - 3.06.001 - Ref 08/2024
DOC-101533;2024-08-10;202408;4.01.001;CC2001;639628.82;Lancamento Contabil - 4.01.001 - Ref 08/2024
DOC-101534;2024-08-12;202408;4.01.001;CC2001;23879.84;Lancamento Contabil - 4.01.001 - Ref 08/2024
DOC-101535;2024-08-20;202408;4.01.001;CC2001;49707.33;Lancamento Contabil - 4.01.001 - Ref 08/2024
DOC-101536;2024-08-31;202408;4.01.001;CC2001;706822.76;Lancamento Contabil - 4.01.001 - Ref 08/2024
DOC-101537;2024-08-05;202408;4.02.001;CC3001;26407.14;Lancamento Contabil - 4.02.001 - Ref 08/2024
DOC-101538;2024-08-07;202408;4.02.001;CC3001;32307.26;Lancamento Contabil - 4.02.001 - Ref 08/2024
DOC-101539;2024-08-17;202408;4.02.001;CC3001;111872.2;Lancamento Contabil - 4.02.001 - Ref 08/2024
DOC-101540;2024-08-19;202408;4.02.001;CC3001;81296.14;Lancamento Contabil - 4.02.001 - Ref 08/2024
DOC-101541;2024-08-22;202408;4.02.001;CC3001;15376.13;Lancamento Contabil - 4.02.001 - Ref 08/2024
DOC-101542;2024-08-04;202408;4.02.001;CC3003;6099.59;Lancamento Contabil - 4.02.001 - Ref 08/2024
DOC-101543;2024-08-08;202408;4.02.001;CC3003;3302.75;Lancamento Contabil - 4.02.001 - Ref 08/2024
DOC-101544;2024-08-09;202408;4.02.001;CC3003;34427.48;Lancamento Contabil - 4.02.001 - Ref 08/2024
DOC-101545;2024-08-12;202408;4.02.001;CC3003;46091.53;Lancamento Contabil - 4.02.001 - Ref 08/2024
DOC-101546;2024-08-14;202408;4.02.001;CC3003;9819.27;Lancamento Contabil - 4.02.001 - Ref 08/2024
DOC-101547;2024-08-18;202408;4.02.001;CC3003;674.95;Lancamento Contabil - 4.02.001 - Ref 08/2024
DOC-101548;2024-08-19;202408;4.02.001;CC3003;2734.07;Lancamento Contabil - 4.02.001 - Ref 08/2024
DOC-101549;2024-08-28;202408;4.02.001;CC3003;109613.54;Lancamento Contabil - 4.02.001 - Ref 08/2024
DOC-101550;2024-08-29;202408;4.02.001;CC3003;11166.16;Lancamento Contabil - 4.02.001 - Ref 08/2024
DOC-101551;2024-08-30;202408;4.02.001;CC3003;46754.77;Lancamento Contabil - 4.02.001 - Ref 08/2024
DOC-101552;2024-08-31;202408;4.02.001;CC3003;31246.26;Lancamento Contabil - 4.02.001 - Ref 08/2024
DOC-101553;2024-08-01;202408;4.03.001;CC3002;1733.6;Lancamento Contabil - 4.03.001 - Ref 08/2024
DOC-101554;2024-08-09;202408;4.03.001;CC3002;12787.26;Lancamento Contabil - 4.03.001 - Ref 08/2024
DOC-101555;2024-08-18;202408;4.03.001;CC3002;19960.68;Lancamento Contabil - 4.03.001 - Ref 08/2024
DOC-101556;2024-08-20;202408;4.03.001;CC3002;13832.29;Lancamento Contabil - 4.03.001 - Ref 08/2024
DOC-101557;2024-08-21;202408;4.03.001;CC3002;10123.03;Lancamento Contabil - 4.03.001 - Ref 08/2024
DOC-101558;2024-08-22;202408;4.03.001;CC3002;574.11;Lancamento Contabil - 4.03.001 - Ref 08/2024
DOC-101559;2024-08-24;202408;4.03.001;CC3002;46316.08;Lancamento Contabil - 4.03.001 - Ref 08/2024
DOC-101560;2024-08-25;202408;4.03.001;CC3002;21474.46;Lancamento Contabil - 4.03.001 - Ref 08/2024
DOC-101561;2024-08-27;202408;4.03.001;CC3002;4641.41;Lancamento Contabil - 4.03.001 - Ref 08/2024
DOC-101562;2024-08-28;202408;4.03.001;CC3002;52386.27;Lancamento Contabil - 4.03.001 - Ref 08/2024
DOC-101563;2024-08-29;202408;4.03.001;CC3002;12337.95;Lancamento Contabil - 4.03.001 - Ref 08/2024
DOC-101564;2024-08-30;202408;4.03.001;CC3002;11698.68;Lancamento Contabil - 4.03.001 - Ref 08/2024
DOC-101565;2024-08-09;202408;4.04.001;CC1001;16825.47;Lancamento Contabil - 4.04.001 - Ref 08/2024
DOC-101566;2024-08-10;202408;4.04.001;CC1001;20382.78;Lancamento Contabil - 4.04.001 - Ref 08/2024
DOC-101567;2024-08-11;202408;4.04.001;CC1001;13040.69;Lancamento Contabil - 4.04.001 - Ref 08/2024
DOC-101568;2024-08-12;202408;4.04.001;CC1001;1672.95;Lancamento Contabil - 4.04.001 - Ref 08/2024
DOC-101569;2024-08-23;202408;4.04.001;CC1001;5039.21;Lancamento Contabil - 4.04.001 - Ref 08/2024
DOC-101570;2024-08-25;202408;4.04.001;CC1001;32125.59;Lancamento Contabil - 4.04.001 - Ref 08/2024
DOC-101571;2024-08-05;202408;4.04.001;CC3001;10105.47;Lancamento Contabil - 4.04.001 - Ref 08/2024
DOC-101572;2024-08-06;202408;4.04.001;CC3001;10337.45;Lancamento Contabil - 4.04.001 - Ref 08/2024
DOC-101573;2024-08-19;202408;4.04.001;CC3001;16953.66;Lancamento Contabil - 4.04.001 - Ref 08/2024
DOC-101574;2024-08-28;202408;4.04.001;CC3001;51191.63;Lancamento Contabil - 4.04.001 - Ref 08/2024
DOC-101575;2024-08-01;202408;4.05.001;CC4001;4032.98;Lancamento Contabil - 4.05.001 - Ref 08/2024
DOC-101576;2024-08-03;202408;4.05.001;CC4001;1897.36;Lancamento Contabil - 4.05.001 - Ref 08/2024
DOC-101577;2024-08-05;202408;4.05.001;CC4001;3222.11;Lancamento Contabil - 4.05.001 - Ref 08/2024
DOC-101578;2024-08-07;202408;4.05.001;CC4001;31925.73;Lancamento Contabil - 4.05.001 - Ref 08/2024
DOC-101579;2024-08-13;202408;4.05.001;CC4001;15202.29;Lancamento Contabil - 4.05.001 - Ref 08/2024
DOC-101580;2024-08-17;202408;4.05.001;CC4001;4932.2;Lancamento Contabil - 4.05.001 - Ref 08/2024
DOC-101581;2024-08-21;202408;4.05.001;CC4001;24790.21;Lancamento Contabil - 4.05.001 - Ref 08/2024
DOC-101582;2024-08-24;202408;4.05.001;CC4001;28941.34;Lancamento Contabil - 4.05.001 - Ref 08/2024
DOC-101583;2024-08-29;202408;4.05.001;CC4001;27450.32;Lancamento Contabil - 4.05.001 - Ref 08/2024
DOC-101584;2024-08-31;202408;4.05.001;CC4001;36798.67;Lancamento Contabil - 4.05.001 - Ref 08/2024
DOC-101585;2024-08-03;202408;4.06.001;CC3001;3231.75;Lancamento Contabil - 4.06.001 - Ref 08/2024
DOC-101586;2024-08-06;202408;4.06.001;CC3001;9661.7;Lancamento Contabil - 4.06.001 - Ref 08/2024
DOC-101587;2024-08-10;202408;4.06.001;CC3001;6826.82;Lancamento Contabil - 4.06.001 - Ref 08/2024
DOC-101588;2024-08-11;202408;4.06.001;CC3001;7844.49;Lancamento Contabil - 4.06.001 - Ref 08/2024
DOC-101589;2024-08-12;202408;4.06.001;CC3001;5590.15;Lancamento Contabil - 4.06.001 - Ref 08/2024
DOC-101590;2024-08-15;202408;4.06.001;CC3001;1022.75;Lancamento Contabil - 4.06.001 - Ref 08/2024
DOC-101591;2024-08-19;202408;4.06.001;CC3001;4123.65;Lancamento Contabil - 4.06.001 - Ref 08/2024
DOC-101592;2024-08-20;202408;4.06.001;CC3001;21876.72;Lancamento Contabil - 4.06.001 - Ref 08/2024
DOC-101593;2024-08-24;202408;4.06.001;CC3001;14508.64;Lancamento Contabil - 4.06.001 - Ref 08/2024
DOC-101594;2024-08-30;202408;4.06.001;CC3001;231.09;Lancamento Contabil - 4.06.001 - Ref 08/2024
DOC-101595;2024-08-05;202408;4.06.001;CC1005;3689.59;Lancamento Contabil - 4.06.001 - Ref 08/2024
DOC-101596;2024-08-06;202408;4.06.001;CC1005;2893.69;Lancamento Contabil - 4.06.001 - Ref 08/2024
DOC-101597;2024-08-20;202408;4.06.001;CC1005;26520.38;Lancamento Contabil - 4.06.001 - Ref 08/2024
DOC-101598;2024-08-25;202408;4.06.001;CC1005;34879.04;Lancamento Contabil - 4.06.001 - Ref 08/2024
DOC-101599;2024-08-03;202408;5.01.001;CC3001;174861.92;Lancamento Contabil - 5.01.001 - Ref 08/2024
DOC-101600;2024-08-09;202408;5.01.001;CC3001;125627.8;Lancamento Contabil - 5.01.001 - Ref 08/2024
DOC-101601;2024-08-15;202408;5.01.001;CC3001;74381.57;Lancamento Contabil - 5.01.001 - Ref 08/2024
DOC-101602;2024-08-22;202408;5.01.001;CC3001;84951.65;Lancamento Contabil - 5.01.001 - Ref 08/2024
DOC-101603;2024-08-04;202408;5.02.001;CC3001;29974.27;Lancamento Contabil - 5.02.001 - Ref 08/2024
DOC-101604;2024-08-07;202408;5.02.001;CC3001;14910.05;Lancamento Contabil - 5.02.001 - Ref 08/2024
DOC-101605;2024-08-09;202408;5.02.001;CC3001;35143.72;Lancamento Contabil - 5.02.001 - Ref 08/2024
DOC-101606;2024-08-12;202408;5.02.001;CC3001;49291.97;Lancamento Contabil - 5.02.001 - Ref 08/2024
DOC-101607;2024-08-14;202408;5.02.001;CC3001;87224.55;Lancamento Contabil - 5.02.001 - Ref 08/2024
DOC-101608;2024-08-15;202408;5.02.001;CC3001;42698.08;Lancamento Contabil - 5.02.001 - Ref 08/2024
DOC-101609;2024-08-16;202408;5.02.001;CC3001;60445.91;Lancamento Contabil - 5.02.001 - Ref 08/2024
DOC-101610;2024-08-17;202408;5.02.001;CC3001;7364.23;Lancamento Contabil - 5.02.001 - Ref 08/2024
DOC-101611;2024-08-20;202408;5.02.001;CC3001;26135.29;Lancamento Contabil - 5.02.001 - Ref 08/2024
DOC-101612;2024-08-25;202408;5.02.001;CC3001;395.8;Lancamento Contabil - 5.02.001 - Ref 08/2024
DOC-101613;2024-08-02;202408;5.03.001;CC3001;51417.76;Lancamento Contabil - 5.03.001 - Ref 08/2024
DOC-101614;2024-08-04;202408;5.03.001;CC3001;1117.72;Lancamento Contabil - 5.03.001 - Ref 08/2024
DOC-101615;2024-08-10;202408;5.03.001;CC3001;5493.16;Lancamento Contabil - 5.03.001 - Ref 08/2024
DOC-101616;2024-08-16;202408;5.03.001;CC3001;17226.8;Lancamento Contabil - 5.03.001 - Ref 08/2024
DOC-101617;2024-08-17;202408;5.03.001;CC3001;2442.04;Lancamento Contabil - 5.03.001 - Ref 08/2024
DOC-101618;2024-08-19;202408;5.03.001;CC3001;8666.64;Lancamento Contabil - 5.03.001 - Ref 08/2024
DOC-101619;2024-08-22;202408;5.03.001;CC3001;14133.93;Lancamento Contabil - 5.03.001 - Ref 08/2024
DOC-101620;2024-08-28;202408;5.03.001;CC3001;10241.9;Lancamento Contabil - 5.03.001 - Ref 08/2024
DOC-101621;2024-08-29;202408;5.03.001;CC3001;2228.91;Lancamento Contabil - 5.03.001 - Ref 08/2024
DOC-101622;2024-08-30;202408;5.03.001;CC3001;4698.93;Lancamento Contabil - 5.03.001 - Ref 08/2024
DOC-101623;2024-08-01;202408;6.01.001;CC3001;341419.32;Lancamento Contabil - 6.01.001 - Ref 08/2024
DOC-101624;2024-08-02;202408;6.01.001;CC3001;180114.53;Lancamento Contabil - 6.01.001 - Ref 08/2024
DOC-101625;2024-08-07;202408;6.01.001;CC3001;1168.89;Lancamento Contabil - 6.01.001 - Ref 08/2024
DOC-101626;2024-08-10;202408;6.01.001;CC3001;319068.35;Lancamento Contabil - 6.01.001 - Ref 08/2024
DOC-101627;2024-08-13;202408;6.01.001;CC3001;8014.28;Lancamento Contabil - 6.01.001 - Ref 08/2024
DOC-101628;2024-08-20;202408;6.01.001;CC3001;305273.57;Lancamento Contabil - 6.01.001 - Ref 08/2024
DOC-101629;2024-08-27;202408;6.01.001;CC3001;50437.56;Lancamento Contabil - 6.01.001 - Ref 08/2024
DOC-101630;2024-09-01;202409;1.01.001;CC4001;1761380.88;Lancamento Contabil - 1.01.001 - Ref 09/2024
DOC-101631;2024-09-04;202409;1.01.001;CC4001;717224.2;Lancamento Contabil - 1.01.001 - Ref 09/2024
DOC-101632;2024-09-09;202409;1.01.001;CC4001;1622594.83;Lancamento Contabil - 1.01.001 - Ref 09/2024
DOC-101633;2024-09-10;202409;1.01.001;CC4001;9310499.63;Lancamento Contabil - 1.01.001 - Ref 09/2024
DOC-101634;2024-09-11;202409;1.01.001;CC4001;24953094.59;Lancamento Contabil - 1.01.001 - Ref 09/2024
DOC-101635;2024-09-25;202409;1.01.001;CC4001;2043656.01;Lancamento Contabil - 1.01.001 - Ref 09/2024
DOC-101636;2024-09-05;202409;1.01.002;CC4001;274460.36;Lancamento Contabil - 1.01.002 - Ref 09/2024
DOC-101637;2024-09-06;202409;1.01.002;CC4001;590303.76;Lancamento Contabil - 1.01.002 - Ref 09/2024
DOC-101638;2024-09-08;202409;1.01.002;CC4001;1001955.22;Lancamento Contabil - 1.01.002 - Ref 09/2024
DOC-101639;2024-09-12;202409;1.01.002;CC4001;414493.6;Lancamento Contabil - 1.01.002 - Ref 09/2024
DOC-101640;2024-09-13;202409;1.01.002;CC4001;229042.25;Lancamento Contabil - 1.01.002 - Ref 09/2024
DOC-101641;2024-09-14;202409;1.01.002;CC4001;245310.24;Lancamento Contabil - 1.01.002 - Ref 09/2024
DOC-101642;2024-09-17;202409;1.01.002;CC4001;548387.83;Lancamento Contabil - 1.01.002 - Ref 09/2024
DOC-101643;2024-09-18;202409;1.01.002;CC4001;1486.12;Lancamento Contabil - 1.01.002 - Ref 09/2024
DOC-101644;2024-09-23;202409;1.01.002;CC4001;445591.72;Lancamento Contabil - 1.01.002 - Ref 09/2024
DOC-101645;2024-09-24;202409;1.01.002;CC4001;202518.48;Lancamento Contabil - 1.01.002 - Ref 09/2024
DOC-101646;2024-09-25;202409;1.01.002;CC4001;728820.73;Lancamento Contabil - 1.01.002 - Ref 09/2024
DOC-101647;2024-09-02;202409;1.02.001;CC1004;233672.68;Lancamento Contabil - 1.02.001 - Ref 09/2024
DOC-101648;2024-09-13;202409;1.02.001;CC1004;366341.37;Lancamento Contabil - 1.02.001 - Ref 09/2024
DOC-101649;2024-09-14;202409;1.02.001;CC1004;23891.86;Lancamento Contabil - 1.02.001 - Ref 09/2024
DOC-101650;2024-09-24;202409;1.02.001;CC1004;309091.84;Lancamento Contabil - 1.02.001 - Ref 09/2024
DOC-101651;2024-09-28;202409;1.02.001;CC1004;293733.97;Lancamento Contabil - 1.02.001 - Ref 09/2024
DOC-101652;2024-09-03;202409;2.01.001;CC3001;495163.05;Lancamento Contabil - 2.01.001 - Ref 09/2024
DOC-101653;2024-09-15;202409;2.01.001;CC3001;556911.53;Lancamento Contabil - 2.01.001 - Ref 09/2024
DOC-101654;2024-09-28;202409;2.01.001;CC3001;679370.86;Lancamento Contabil - 2.01.001 - Ref 09/2024
DOC-101655;2024-09-30;202409;2.01.001;CC3001;984146.52;Lancamento Contabil - 2.01.001 - Ref 09/2024
DOC-101656;2024-09-04;202409;2.02.001;CC4001;16071.7;Lancamento Contabil - 2.02.001 - Ref 09/2024
DOC-101657;2024-09-10;202409;2.02.001;CC4001;1868.7;Lancamento Contabil - 2.02.001 - Ref 09/2024
DOC-101658;2024-09-13;202409;2.02.001;CC4001;1406.03;Lancamento Contabil - 2.02.001 - Ref 09/2024
DOC-101659;2024-09-14;202409;2.02.001;CC4001;9480.47;Lancamento Contabil - 2.02.001 - Ref 09/2024
DOC-101660;2024-09-19;202409;2.02.001;CC4001;35809.27;Lancamento Contabil - 2.02.001 - Ref 09/2024
DOC-101661;2024-09-21;202409;2.02.001;CC4001;28661.37;Lancamento Contabil - 2.02.001 - Ref 09/2024
DOC-101662;2024-09-23;202409;2.02.001;CC4001;36215.59;Lancamento Contabil - 2.02.001 - Ref 09/2024
DOC-101663;2024-09-29;202409;2.02.001;CC4001;16971.95;Lancamento Contabil - 2.02.001 - Ref 09/2024
DOC-101664;2024-09-30;202409;2.02.001;CC4001;13520.17;Lancamento Contabil - 2.02.001 - Ref 09/2024
DOC-101665;2024-09-01;202409;3.01.001;CC1001;131864.57;Lancamento Contabil - 3.01.001 - Ref 09/2024
DOC-101666;2024-09-03;202409;3.01.001;CC1001;328808.25;Lancamento Contabil - 3.01.001 - Ref 09/2024
DOC-101667;2024-09-06;202409;3.01.001;CC1001;470497.14;Lancamento Contabil - 3.01.001 - Ref 09/2024
DOC-101668;2024-09-11;202409;3.01.001;CC1001;76686.92;Lancamento Contabil - 3.01.001 - Ref 09/2024
DOC-101669;2024-09-12;202409;3.01.001;CC1001;206027.02;Lancamento Contabil - 3.01.001 - Ref 09/2024
DOC-101670;2024-09-14;202409;3.01.001;CC1001;753746.94;Lancamento Contabil - 3.01.001 - Ref 09/2024
DOC-101671;2024-09-15;202409;3.01.001;CC1001;1099817.34;Lancamento Contabil - 3.01.001 - Ref 09/2024
DOC-101672;2024-09-20;202409;3.01.001;CC1001;5294766.24;Lancamento Contabil - 3.01.001 - Ref 09/2024
DOC-101673;2024-09-23;202409;3.01.001;CC1001;2235751.98;Lancamento Contabil - 3.01.001 - Ref 09/2024
DOC-101674;2024-09-26;202409;3.01.001;CC1001;850408.37;Lancamento Contabil - 3.01.001 - Ref 09/2024
DOC-101675;2024-09-08;202409;3.02.001;CC1002;340162.2;Lancamento Contabil - 3.02.001 - Ref 09/2024
DOC-101676;2024-09-13;202409;3.02.001;CC1002;27816.43;Lancamento Contabil - 3.02.001 - Ref 09/2024
DOC-101677;2024-09-14;202409;3.02.001;CC1002;116498.77;Lancamento Contabil - 3.02.001 - Ref 09/2024
DOC-101678;2024-09-17;202409;3.02.001;CC1002;404476.05;Lancamento Contabil - 3.02.001 - Ref 09/2024
DOC-101679;2024-09-19;202409;3.02.001;CC1002;106949.91;Lancamento Contabil - 3.02.001 - Ref 09/2024
DOC-101680;2024-09-10;202409;3.02.001;CC1003;255142.14;Lancamento Contabil - 3.02.001 - Ref 09/2024
DOC-101681;2024-09-11;202409;3.02.001;CC1003;266522.35;Lancamento Contabil - 3.02.001 - Ref 09/2024
DOC-101682;2024-09-13;202409;3.02.001;CC1003;61331.75;Lancamento Contabil - 3.02.001 - Ref 09/2024
DOC-101683;2024-09-24;202409;3.02.001;CC1003;135276.23;Lancamento Contabil - 3.02.001 - Ref 09/2024
DOC-101684;2024-09-28;202409;3.02.001;CC1003;122478.28;Lancamento Contabil - 3.02.001 - Ref 09/2024
DOC-101685;2024-09-03;202409;3.03.001;CC1002;21062.49;Lancamento Contabil - 3.03.001 - Ref 09/2024
DOC-101686;2024-09-04;202409;3.03.001;CC1002;10238.92;Lancamento Contabil - 3.03.001 - Ref 09/2024
DOC-101687;2024-09-06;202409;3.03.001;CC1002;81505.89;Lancamento Contabil - 3.03.001 - Ref 09/2024
DOC-101688;2024-09-11;202409;3.03.001;CC1002;8660.6;Lancamento Contabil - 3.03.001 - Ref 09/2024
DOC-101689;2024-09-17;202409;3.03.001;CC1002;16201.86;Lancamento Contabil - 3.03.001 - Ref 09/2024
DOC-101690;2024-09-21;202409;3.03.001;CC1002;59480.41;Lancamento Contabil - 3.03.001 - Ref 09/2024
DOC-101691;2024-09-25;202409;3.03.001;CC1002;53227.62;Lancamento Contabil - 3.03.001 - Ref 09/2024
DOC-101692;2024-09-04;202409;3.03.001;CC1003;6305.59;Lancamento Contabil - 3.03.001 - Ref 09/2024
DOC-101693;2024-09-05;202409;3.03.001;CC1003;49691.0;Lancamento Contabil - 3.03.001 - Ref 09/2024
DOC-101694;2024-09-07;202409;3.03.001;CC1003;18765.97;Lancamento Contabil - 3.03.001 - Ref 09/2024
DOC-101695;2024-09-08;202409;3.03.001;CC1003;20199.62;Lancamento Contabil - 3.03.001 - Ref 09/2024
DOC-101696;2024-09-09;202409;3.03.001;CC1003;4387.16;Lancamento Contabil - 3.03.001 - Ref 09/2024
DOC-101697;2024-09-12;202409;3.03.001;CC1003;2573.31;Lancamento Contabil - 3.03.001 - Ref 09/2024
DOC-101698;2024-09-17;202409;3.03.001;CC1003;39861.08;Lancamento Contabil - 3.03.001 - Ref 09/2024
DOC-101699;2024-09-21;202409;3.03.001;CC1003;21009.32;Lancamento Contabil - 3.03.001 - Ref 09/2024
DOC-101700;2024-09-23;202409;3.03.001;CC1003;17583.25;Lancamento Contabil - 3.03.001 - Ref 09/2024
DOC-101701;2024-09-24;202409;3.03.001;CC1003;40038.18;Lancamento Contabil - 3.03.001 - Ref 09/2024
DOC-101702;2024-09-25;202409;3.03.001;CC1003;44412.2;Lancamento Contabil - 3.03.001 - Ref 09/2024
DOC-101703;2024-09-27;202409;3.03.001;CC1003;5299.21;Lancamento Contabil - 3.03.001 - Ref 09/2024
DOC-101704;2024-09-03;202409;3.03.001;CC1005;53189.2;Lancamento Contabil - 3.03.001 - Ref 09/2024
DOC-101705;2024-09-05;202409;3.03.001;CC1005;40886.91;Lancamento Contabil - 3.03.001 - Ref 09/2024
DOC-101706;2024-09-06;202409;3.03.001;CC1005;119907.31;Lancamento Contabil - 3.03.001 - Ref 09/2024
DOC-101707;2024-09-20;202409;3.03.001;CC1005;2730.56;Lancamento Contabil - 3.03.001 - Ref 09/2024
DOC-101708;2024-09-21;202409;3.03.001;CC1005;2245.07;Lancamento Contabil - 3.03.001 - Ref 09/2024
DOC-101709;2024-09-25;202409;3.03.001;CC1005;12670.32;Lancamento Contabil - 3.03.001 - Ref 09/2024
DOC-101710;2024-09-27;202409;3.03.001;CC1005;11595.18;Lancamento Contabil - 3.03.001 - Ref 09/2024
DOC-101711;2024-09-15;202409;3.04.001;CC1004;29015.97;Lancamento Contabil - 3.04.001 - Ref 09/2024
DOC-101712;2024-09-16;202409;3.04.001;CC1004;242139.71;Lancamento Contabil - 3.04.001 - Ref 09/2024
DOC-101713;2024-09-19;202409;3.04.001;CC1004;29365.32;Lancamento Contabil - 3.04.001 - Ref 09/2024
DOC-101714;2024-09-21;202409;3.04.001;CC1004;32465.55;Lancamento Contabil - 3.04.001 - Ref 09/2024
DOC-101715;2024-09-25;202409;3.04.001;CC1004;145724.57;Lancamento Contabil - 3.04.001 - Ref 09/2024
DOC-101716;2024-09-30;202409;3.04.001;CC1004;61104.79;Lancamento Contabil - 3.04.001 - Ref 09/2024
DOC-101717;2024-09-05;202409;3.05.001;CC1005;2073.81;Lancamento Contabil - 3.05.001 - Ref 09/2024
DOC-101718;2024-09-11;202409;3.05.001;CC1005;75934.59;Lancamento Contabil - 3.05.001 - Ref 09/2024
DOC-101719;2024-09-15;202409;3.05.001;CC1005;4806.02;Lancamento Contabil - 3.05.001 - Ref 09/2024
DOC-101720;2024-09-19;202409;3.05.001;CC1005;24365.29;Lancamento Contabil - 3.05.001 - Ref 09/2024
DOC-101721;2024-09-20;202409;3.05.001;CC1005;16971.12;Lancamento Contabil - 3.05.001 - Ref 09/2024
DOC-101722;2024-09-21;202409;3.05.001;CC1005;13676.61;Lancamento Contabil - 3.05.001 - Ref 09/2024
DOC-101723;2024-09-22;202409;3.05.001;CC1005;73748.49;Lancamento Contabil - 3.05.001 - Ref 09/2024
DOC-101724;2024-09-24;202409;3.05.001;CC1005;707.22;Lancamento Contabil - 3.05.001 - Ref 09/2024
DOC-101725;2024-09-26;202409;3.05.001;CC1005;34936.99;Lancamento Contabil - 3.05.001 - Ref 09/2024
DOC-101726;2024-09-27;202409;3.05.001;CC1005;106012.9;Lancamento Contabil - 3.05.001 - Ref 09/2024
DOC-101727;2024-09-29;202409;3.05.001;CC1005;26326.11;Lancamento Contabil - 3.05.001 - Ref 09/2024
DOC-101728;2024-09-03;202409;3.06.001;CC1002;293517.74;Lancamento Contabil - 3.06.001 - Ref 09/2024
DOC-101729;2024-09-16;202409;3.06.001;CC1003;291866.99;Lancamento Contabil - 3.06.001 - Ref 09/2024
DOC-101730;2024-09-02;202409;4.01.001;CC2001;111831.51;Lancamento Contabil - 4.01.001 - Ref 09/2024
DOC-101731;2024-09-03;202409;4.01.001;CC2001;339068.41;Lancamento Contabil - 4.01.001 - Ref 09/2024
DOC-101732;2024-09-09;202409;4.01.001;CC2001;25259.38;Lancamento Contabil - 4.01.001 - Ref 09/2024
DOC-101733;2024-09-10;202409;4.01.001;CC2001;90480.81;Lancamento Contabil - 4.01.001 - Ref 09/2024
DOC-101734;2024-09-12;202409;4.01.001;CC2001;18812.31;Lancamento Contabil - 4.01.001 - Ref 09/2024
DOC-101735;2024-09-15;202409;4.01.001;CC2001;70996.68;Lancamento Contabil - 4.01.001 - Ref 09/2024
DOC-101736;2024-09-17;202409;4.01.001;CC2001;53129.8;Lancamento Contabil - 4.01.001 - Ref 09/2024
DOC-101737;2024-09-19;202409;4.01.001;CC2001;304699.08;Lancamento Contabil - 4.01.001 - Ref 09/2024
DOC-101738;2024-09-21;202409;4.01.001;CC2001;79915.97;Lancamento Contabil - 4.01.001 - Ref 09/2024
DOC-101739;2024-09-26;202409;4.01.001;CC2001;36643.55;Lancamento Contabil - 4.01.001 - Ref 09/2024
DOC-101740;2024-09-29;202409;4.01.001;CC2001;10323.23;Lancamento Contabil - 4.01.001 - Ref 09/2024
DOC-101741;2024-09-02;202409;4.02.001;CC3001;8499.59;Lancamento Contabil - 4.02.001 - Ref 09/2024
DOC-101742;2024-09-03;202409;4.02.001;CC3001;55921.47;Lancamento Contabil - 4.02.001 - Ref 09/2024
DOC-101743;2024-09-10;202409;4.02.001;CC3001;24229.54;Lancamento Contabil - 4.02.001 - Ref 09/2024
DOC-101744;2024-09-12;202409;4.02.001;CC3001;21796.93;Lancamento Contabil - 4.02.001 - Ref 09/2024
DOC-101745;2024-09-17;202409;4.02.001;CC3001;3585.66;Lancamento Contabil - 4.02.001 - Ref 09/2024
DOC-101746;2024-09-20;202409;4.02.001;CC3001;57859.09;Lancamento Contabil - 4.02.001 - Ref 09/2024
DOC-101747;2024-09-21;202409;4.02.001;CC3001;37739.16;Lancamento Contabil - 4.02.001 - Ref 09/2024
DOC-101748;2024-09-22;202409;4.02.001;CC3001;2060.89;Lancamento Contabil - 4.02.001 - Ref 09/2024
DOC-101749;2024-09-25;202409;4.02.001;CC3001;36191.12;Lancamento Contabil - 4.02.001 - Ref 09/2024
DOC-101750;2024-09-27;202409;4.02.001;CC3001;23067.33;Lancamento Contabil - 4.02.001 - Ref 09/2024
DOC-101751;2024-09-30;202409;4.02.001;CC3001;2507.73;Lancamento Contabil - 4.02.001 - Ref 09/2024
DOC-101752;2024-09-02;202409;4.02.001;CC3003;16061.19;Lancamento Contabil - 4.02.001 - Ref 09/2024
DOC-101753;2024-09-07;202409;4.02.001;CC3003;17369.95;Lancamento Contabil - 4.02.001 - Ref 09/2024
DOC-101754;2024-09-15;202409;4.02.001;CC3003;4748.62;Lancamento Contabil - 4.02.001 - Ref 09/2024
DOC-101755;2024-09-18;202409;4.02.001;CC3003;76323.05;Lancamento Contabil - 4.02.001 - Ref 09/2024
DOC-101756;2024-09-19;202409;4.02.001;CC3003;49698.48;Lancamento Contabil - 4.02.001 - Ref 09/2024
DOC-101757;2024-09-21;202409;4.02.001;CC3003;28968.43;Lancamento Contabil - 4.02.001 - Ref 09/2024
DOC-101758;2024-09-24;202409;4.02.001;CC3003;16255.12;Lancamento Contabil - 4.02.001 - Ref 09/2024
DOC-101759;2024-09-26;202409;4.02.001;CC3003;13902.0;Lancamento Contabil - 4.02.001 - Ref 09/2024
DOC-101760;2024-09-29;202409;4.02.001;CC3003;27577.33;Lancamento Contabil - 4.02.001 - Ref 09/2024
DOC-101761;2024-09-30;202409;4.02.001;CC3003;20655.54;Lancamento Contabil - 4.02.001 - Ref 09/2024
DOC-101762;2024-09-02;202409;4.03.001;CC3002;57898.09;Lancamento Contabil - 4.03.001 - Ref 09/2024
DOC-101763;2024-09-03;202409;4.03.001;CC3002;21677.83;Lancamento Contabil - 4.03.001 - Ref 09/2024
DOC-101764;2024-09-04;202409;4.03.001;CC3002;1881.36;Lancamento Contabil - 4.03.001 - Ref 09/2024
DOC-101765;2024-09-05;202409;4.03.001;CC3002;54410.77;Lancamento Contabil - 4.03.001 - Ref 09/2024
DOC-101766;2024-09-11;202409;4.03.001;CC3002;7928.46;Lancamento Contabil - 4.03.001 - Ref 09/2024
DOC-101767;2024-09-15;202409;4.03.001;CC3002;10551.65;Lancamento Contabil - 4.03.001 - Ref 09/2024
DOC-101768;2024-09-16;202409;4.03.001;CC3002;6346.02;Lancamento Contabil - 4.03.001 - Ref 09/2024
DOC-101769;2024-09-17;202409;4.03.001;CC3002;14132.62;Lancamento Contabil - 4.03.001 - Ref 09/2024
DOC-101770;2024-09-20;202409;4.03.001;CC3002;49847.68;Lancamento Contabil - 4.03.001 - Ref 09/2024
DOC-101771;2024-09-02;202409;4.04.001;CC1001;4441.68;Lancamento Contabil - 4.04.001 - Ref 09/2024
DOC-101772;2024-09-06;202409;4.04.001;CC1001;1389.83;Lancamento Contabil - 4.04.001 - Ref 09/2024
DOC-101773;2024-09-08;202409;4.04.001;CC1001;12744.72;Lancamento Contabil - 4.04.001 - Ref 09/2024
DOC-101774;2024-09-12;202409;4.04.001;CC1001;12832.27;Lancamento Contabil - 4.04.001 - Ref 09/2024
DOC-101775;2024-09-15;202409;4.04.001;CC1001;12395.16;Lancamento Contabil - 4.04.001 - Ref 09/2024
DOC-101776;2024-09-17;202409;4.04.001;CC1001;1654.08;Lancamento Contabil - 4.04.001 - Ref 09/2024
DOC-101777;2024-09-20;202409;4.04.001;CC1001;3637.85;Lancamento Contabil - 4.04.001 - Ref 09/2024
DOC-101778;2024-09-21;202409;4.04.001;CC1001;25455.07;Lancamento Contabil - 4.04.001 - Ref 09/2024
DOC-101779;2024-09-23;202409;4.04.001;CC1001;8962.68;Lancamento Contabil - 4.04.001 - Ref 09/2024
DOC-101780;2024-09-25;202409;4.04.001;CC1001;166.97;Lancamento Contabil - 4.04.001 - Ref 09/2024
DOC-101781;2024-09-26;202409;4.04.001;CC1001;408.76;Lancamento Contabil - 4.04.001 - Ref 09/2024
DOC-101782;2024-09-29;202409;4.04.001;CC1001;3779.71;Lancamento Contabil - 4.04.001 - Ref 09/2024
DOC-101783;2024-09-02;202409;4.04.001;CC3001;6434.04;Lancamento Contabil - 4.04.001 - Ref 09/2024
DOC-101784;2024-09-10;202409;4.04.001;CC3001;1041.18;Lancamento Contabil - 4.04.001 - Ref 09/2024
DOC-101785;2024-09-11;202409;4.04.001;CC3001;9989.31;Lancamento Contabil - 4.04.001 - Ref 09/2024
DOC-101786;2024-09-13;202409;4.04.001;CC3001;16128.04;Lancamento Contabil - 4.04.001 - Ref 09/2024
DOC-101787;2024-09-14;202409;4.04.001;CC3001;4471.75;Lancamento Contabil - 4.04.001 - Ref 09/2024
DOC-101788;2024-09-20;202409;4.04.001;CC3001;13959.26;Lancamento Contabil - 4.04.001 - Ref 09/2024
DOC-101789;2024-09-22;202409;4.04.001;CC3001;31176.82;Lancamento Contabil - 4.04.001 - Ref 09/2024
DOC-101790;2024-09-25;202409;4.04.001;CC3001;2128.51;Lancamento Contabil - 4.04.001 - Ref 09/2024
DOC-101791;2024-09-30;202409;4.04.001;CC3001;6921.17;Lancamento Contabil - 4.04.001 - Ref 09/2024
DOC-101792;2024-09-03;202409;4.05.001;CC4001;7431.59;Lancamento Contabil - 4.05.001 - Ref 09/2024
DOC-101793;2024-09-04;202409;4.05.001;CC4001;34567.01;Lancamento Contabil - 4.05.001 - Ref 09/2024
DOC-101794;2024-09-09;202409;4.05.001;CC4001;18921.91;Lancamento Contabil - 4.05.001 - Ref 09/2024
DOC-101795;2024-09-10;202409;4.05.001;CC4001;22104.03;Lancamento Contabil - 4.05.001 - Ref 09/2024
DOC-101796;2024-09-11;202409;4.05.001;CC4001;35109.98;Lancamento Contabil - 4.05.001 - Ref 09/2024
DOC-101797;2024-09-13;202409;4.05.001;CC4001;11069.03;Lancamento Contabil - 4.05.001 - Ref 09/2024
DOC-101798;2024-09-18;202409;4.05.001;CC4001;54148.59;Lancamento Contabil - 4.05.001 - Ref 09/2024
DOC-101799;2024-09-22;202409;4.05.001;CC4001;16719.69;Lancamento Contabil - 4.05.001 - Ref 09/2024
DOC-101800;2024-09-26;202409;4.05.001;CC4001;3774.81;Lancamento Contabil - 4.05.001 - Ref 09/2024
DOC-101801;2024-09-03;202409;4.06.001;CC3001;3101.91;Lancamento Contabil - 4.06.001 - Ref 09/2024
DOC-101802;2024-09-05;202409;4.06.001;CC3001;15848.37;Lancamento Contabil - 4.06.001 - Ref 09/2024
DOC-101803;2024-09-11;202409;4.06.001;CC3001;19267.13;Lancamento Contabil - 4.06.001 - Ref 09/2024
DOC-101804;2024-09-12;202409;4.06.001;CC3001;2640.2;Lancamento Contabil - 4.06.001 - Ref 09/2024
DOC-101805;2024-09-19;202409;4.06.001;CC3001;33434.26;Lancamento Contabil - 4.06.001 - Ref 09/2024
DOC-101806;2024-09-22;202409;4.06.001;CC3001;1234.95;Lancamento Contabil - 4.06.001 - Ref 09/2024
DOC-101807;2024-09-03;202409;4.06.001;CC1005;3029.72;Lancamento Contabil - 4.06.001 - Ref 09/2024
DOC-101808;2024-09-05;202409;4.06.001;CC1005;2733.69;Lancamento Contabil - 4.06.001 - Ref 09/2024
DOC-101809;2024-09-13;202409;4.06.001;CC1005;30130.16;Lancamento Contabil - 4.06.001 - Ref 09/2024
DOC-101810;2024-09-20;202409;4.06.001;CC1005;14260.25;Lancamento Contabil - 4.06.001 - Ref 09/2024
DOC-101811;2024-09-21;202409;4.06.001;CC1005;2215.21;Lancamento Contabil - 4.06.001 - Ref 09/2024
DOC-101812;2024-09-22;202409;4.06.001;CC1005;7792.21;Lancamento Contabil - 4.06.001 - Ref 09/2024
DOC-101813;2024-09-23;202409;4.06.001;CC1005;12825.37;Lancamento Contabil - 4.06.001 - Ref 09/2024
DOC-101814;2024-09-29;202409;4.06.001;CC1005;1170.1;Lancamento Contabil - 4.06.001 - Ref 09/2024
DOC-101815;2024-09-05;202409;5.01.001;CC3001;34704.92;Lancamento Contabil - 5.01.001 - Ref 09/2024
DOC-101816;2024-09-11;202409;5.01.001;CC3001;168445.02;Lancamento Contabil - 5.01.001 - Ref 09/2024
DOC-101817;2024-09-13;202409;5.01.001;CC3001;26677.93;Lancamento Contabil - 5.01.001 - Ref 09/2024
DOC-101818;2024-09-18;202409;5.01.001;CC3001;204303.04;Lancamento Contabil - 5.01.001 - Ref 09/2024
DOC-101819;2024-09-21;202409;5.01.001;CC3001;54373.45;Lancamento Contabil - 5.01.001 - Ref 09/2024
DOC-101820;2024-09-22;202409;5.01.001;CC3001;49666.9;Lancamento Contabil - 5.01.001 - Ref 09/2024
DOC-101821;2024-09-23;202409;5.01.001;CC3001;8950.67;Lancamento Contabil - 5.01.001 - Ref 09/2024
DOC-101822;2024-09-26;202409;5.01.001;CC3001;105378.08;Lancamento Contabil - 5.01.001 - Ref 09/2024
DOC-101823;2024-09-01;202409;5.02.001;CC3001;19812.93;Lancamento Contabil - 5.02.001 - Ref 09/2024
DOC-101824;2024-09-03;202409;5.02.001;CC3001;6288.41;Lancamento Contabil - 5.02.001 - Ref 09/2024
DOC-101825;2024-09-06;202409;5.02.001;CC3001;450.72;Lancamento Contabil - 5.02.001 - Ref 09/2024
DOC-101826;2024-09-07;202409;5.02.001;CC3001;29145.26;Lancamento Contabil - 5.02.001 - Ref 09/2024
DOC-101827;2024-09-10;202409;5.02.001;CC3001;26625.85;Lancamento Contabil - 5.02.001 - Ref 09/2024
DOC-101828;2024-09-11;202409;5.02.001;CC3001;45139.65;Lancamento Contabil - 5.02.001 - Ref 09/2024
DOC-101829;2024-09-12;202409;5.02.001;CC3001;78495.94;Lancamento Contabil - 5.02.001 - Ref 09/2024
DOC-101830;2024-09-14;202409;5.02.001;CC3001;2939.19;Lancamento Contabil - 5.02.001 - Ref 09/2024
DOC-101831;2024-09-17;202409;5.02.001;CC3001;46710.95;Lancamento Contabil - 5.02.001 - Ref 09/2024
DOC-101832;2024-09-21;202409;5.02.001;CC3001;7372.45;Lancamento Contabil - 5.02.001 - Ref 09/2024
DOC-101833;2024-09-22;202409;5.02.001;CC3001;69385.74;Lancamento Contabil - 5.02.001 - Ref 09/2024
DOC-101834;2024-09-25;202409;5.02.001;CC3001;60733.14;Lancamento Contabil - 5.02.001 - Ref 09/2024
DOC-101835;2024-09-02;202409;5.03.001;CC3001;4764.64;Lancamento Contabil - 5.03.001 - Ref 09/2024
DOC-101836;2024-09-03;202409;5.03.001;CC3001;8043.38;Lancamento Contabil - 5.03.001 - Ref 09/2024
DOC-101837;2024-09-04;202409;5.03.001;CC3001;21765.17;Lancamento Contabil - 5.03.001 - Ref 09/2024
DOC-101838;2024-09-05;202409;5.03.001;CC3001;7762.36;Lancamento Contabil - 5.03.001 - Ref 09/2024
DOC-101839;2024-09-07;202409;5.03.001;CC3001;5591.15;Lancamento Contabil - 5.03.001 - Ref 09/2024
DOC-101840;2024-09-08;202409;5.03.001;CC3001;8605.89;Lancamento Contabil - 5.03.001 - Ref 09/2024
DOC-101841;2024-09-10;202409;5.03.001;CC3001;22242.12;Lancamento Contabil - 5.03.001 - Ref 09/2024
DOC-101842;2024-09-17;202409;5.03.001;CC3001;5154.67;Lancamento Contabil - 5.03.001 - Ref 09/2024
DOC-101843;2024-09-18;202409;5.03.001;CC3001;2409.81;Lancamento Contabil - 5.03.001 - Ref 09/2024
DOC-101844;2024-09-23;202409;5.03.001;CC3001;15716.52;Lancamento Contabil - 5.03.001 - Ref 09/2024
DOC-101845;2024-09-28;202409;5.03.001;CC3001;22076.27;Lancamento Contabil - 5.03.001 - Ref 09/2024
DOC-101846;2024-09-05;202409;6.01.001;CC3001;25566.79;Lancamento Contabil - 6.01.001 - Ref 09/2024
DOC-101847;2024-09-06;202409;6.01.001;CC3001;66110.09;Lancamento Contabil - 6.01.001 - Ref 09/2024
DOC-101848;2024-09-13;202409;6.01.001;CC3001;36907.55;Lancamento Contabil - 6.01.001 - Ref 09/2024
DOC-101849;2024-09-20;202409;6.01.001;CC3001;103073.35;Lancamento Contabil - 6.01.001 - Ref 09/2024
DOC-101850;2024-09-23;202409;6.01.001;CC3001;144255.96;Lancamento Contabil - 6.01.001 - Ref 09/2024
DOC-101851;2024-09-25;202409;6.01.001;CC3001;333022.2;Lancamento Contabil - 6.01.001 - Ref 09/2024
DOC-101852;2024-09-27;202409;6.01.001;CC3001;253839.8;Lancamento Contabil - 6.01.001 - Ref 09/2024
DOC-101853;2024-09-28;202409;6.01.001;CC3001;233815.31;Lancamento Contabil - 6.01.001 - Ref 09/2024
DOC-101854;2024-09-29;202409;6.01.001;CC3001;104717.84;Lancamento Contabil - 6.01.001 - Ref 09/2024
DOC-101855;2024-10-02;202410;1.01.001;CC4001;17443606.35;Lancamento Contabil - 1.01.001 - Ref 10/2024
DOC-101856;2024-10-12;202410;1.01.001;CC4001;4534288.52;Lancamento Contabil - 1.01.001 - Ref 10/2024
DOC-101857;2024-10-14;202410;1.01.001;CC4001;608674.52;Lancamento Contabil - 1.01.001 - Ref 10/2024
DOC-101858;2024-10-15;202410;1.01.001;CC4001;5084663.7;Lancamento Contabil - 1.01.001 - Ref 10/2024
DOC-101859;2024-10-22;202410;1.01.001;CC4001;1773096.84;Lancamento Contabil - 1.01.001 - Ref 10/2024
DOC-101860;2024-10-24;202410;1.01.001;CC4001;5228266.45;Lancamento Contabil - 1.01.001 - Ref 10/2024
DOC-101861;2024-10-10;202410;1.01.002;CC4001;53841.28;Lancamento Contabil - 1.01.002 - Ref 10/2024
DOC-101862;2024-10-15;202410;1.01.002;CC4001;143379.17;Lancamento Contabil - 1.01.002 - Ref 10/2024
DOC-101863;2024-10-20;202410;1.01.002;CC4001;1444112.58;Lancamento Contabil - 1.01.002 - Ref 10/2024
DOC-101864;2024-10-24;202410;1.01.002;CC4001;192219.66;Lancamento Contabil - 1.01.002 - Ref 10/2024
DOC-101865;2024-10-25;202410;1.01.002;CC4001;1353218.41;Lancamento Contabil - 1.01.002 - Ref 10/2024
DOC-101866;2024-10-26;202410;1.01.002;CC4001;244275.08;Lancamento Contabil - 1.01.002 - Ref 10/2024
DOC-101867;2024-10-31;202410;1.01.002;CC4001;768024.31;Lancamento Contabil - 1.01.002 - Ref 10/2024
DOC-101868;2024-10-07;202410;1.02.001;CC1004;55389.8;Lancamento Contabil - 1.02.001 - Ref 10/2024
DOC-101869;2024-10-08;202410;1.02.001;CC1004;36351.01;Lancamento Contabil - 1.02.001 - Ref 10/2024
DOC-101870;2024-10-10;202410;1.02.001;CC1004;5132.03;Lancamento Contabil - 1.02.001 - Ref 10/2024
DOC-101871;2024-10-16;202410;1.02.001;CC1004;55091.49;Lancamento Contabil - 1.02.001 - Ref 10/2024
DOC-101872;2024-10-18;202410;1.02.001;CC1004;161004.03;Lancamento Contabil - 1.02.001 - Ref 10/2024
DOC-101873;2024-10-26;202410;1.02.001;CC1004;423538.38;Lancamento Contabil - 1.02.001 - Ref 10/2024
DOC-101874;2024-10-28;202410;1.02.001;CC1004;311627.68;Lancamento Contabil - 1.02.001 - Ref 10/2024
DOC-101875;2024-10-10;202410;2.01.001;CC3001;490604.68;Lancamento Contabil - 2.01.001 - Ref 10/2024
DOC-101876;2024-10-13;202410;2.01.001;CC3001;524568.95;Lancamento Contabil - 2.01.001 - Ref 10/2024
DOC-101877;2024-10-15;202410;2.01.001;CC3001;369320.05;Lancamento Contabil - 2.01.001 - Ref 10/2024
DOC-101878;2024-10-17;202410;2.01.001;CC3001;101819.14;Lancamento Contabil - 2.01.001 - Ref 10/2024
DOC-101879;2024-10-19;202410;2.01.001;CC3001;802838.59;Lancamento Contabil - 2.01.001 - Ref 10/2024
DOC-101880;2024-10-22;202410;2.01.001;CC3001;375164.08;Lancamento Contabil - 2.01.001 - Ref 10/2024
DOC-101881;2024-10-25;202410;2.01.001;CC3001;277597.16;Lancamento Contabil - 2.01.001 - Ref 10/2024
DOC-101882;2024-10-27;202410;2.01.001;CC3001;39731.08;Lancamento Contabil - 2.01.001 - Ref 10/2024
DOC-101883;2024-10-29;202410;2.01.001;CC3001;200096.34;Lancamento Contabil - 2.01.001 - Ref 10/2024
DOC-101884;2024-10-02;202410;2.02.001;CC4001;8808.0;Lancamento Contabil - 2.02.001 - Ref 10/2024
DOC-101885;2024-10-05;202410;2.02.001;CC4001;5329.67;Lancamento Contabil - 2.02.001 - Ref 10/2024
DOC-101886;2024-10-06;202410;2.02.001;CC4001;41904.29;Lancamento Contabil - 2.02.001 - Ref 10/2024
DOC-101887;2024-10-07;202410;2.02.001;CC4001;1306.51;Lancamento Contabil - 2.02.001 - Ref 10/2024
DOC-101888;2024-10-09;202410;2.02.001;CC4001;6114.05;Lancamento Contabil - 2.02.001 - Ref 10/2024
DOC-101889;2024-10-12;202410;2.02.001;CC4001;478.02;Lancamento Contabil - 2.02.001 - Ref 10/2024
DOC-101890;2024-10-14;202410;2.02.001;CC4001;14994.28;Lancamento Contabil - 2.02.001 - Ref 10/2024
DOC-101891;2024-10-16;202410;2.02.001;CC4001;27857.05;Lancamento Contabil - 2.02.001 - Ref 10/2024
DOC-101892;2024-10-20;202410;2.02.001;CC4001;3658.16;Lancamento Contabil - 2.02.001 - Ref 10/2024
DOC-101893;2024-10-21;202410;2.02.001;CC4001;21759.68;Lancamento Contabil - 2.02.001 - Ref 10/2024
DOC-101894;2024-10-26;202410;2.02.001;CC4001;3848.14;Lancamento Contabil - 2.02.001 - Ref 10/2024
DOC-101895;2024-10-27;202410;2.02.001;CC4001;26905.87;Lancamento Contabil - 2.02.001 - Ref 10/2024
DOC-101896;2024-10-03;202410;3.01.001;CC1001;720957.96;Lancamento Contabil - 3.01.001 - Ref 10/2024
DOC-101897;2024-10-04;202410;3.01.001;CC1001;840242.25;Lancamento Contabil - 3.01.001 - Ref 10/2024
DOC-101898;2024-10-06;202410;3.01.001;CC1001;9342.2;Lancamento Contabil - 3.01.001 - Ref 10/2024
DOC-101899;2024-10-09;202410;3.01.001;CC1001;1692396.75;Lancamento Contabil - 3.01.001 - Ref 10/2024
DOC-101900;2024-10-10;202410;3.01.001;CC1001;666876.0;Lancamento Contabil - 3.01.001 - Ref 10/2024
DOC-101901;2024-10-15;202410;3.01.001;CC1001;186881.18;Lancamento Contabil - 3.01.001 - Ref 10/2024
DOC-101902;2024-10-17;202410;3.01.001;CC1001;909200.63;Lancamento Contabil - 3.01.001 - Ref 10/2024
DOC-101903;2024-10-23;202410;3.01.001;CC1001;169983.42;Lancamento Contabil - 3.01.001 - Ref 10/2024
DOC-101904;2024-10-27;202410;3.01.001;CC1001;1059960.66;Lancamento Contabil - 3.01.001 - Ref 10/2024
DOC-101905;2024-10-28;202410;3.01.001;CC1001;61407.13;Lancamento Contabil - 3.01.001 - Ref 10/2024
DOC-101906;2024-10-30;202410;3.01.001;CC1001;625362.77;Lancamento Contabil - 3.01.001 - Ref 10/2024
DOC-101907;2024-10-31;202410;3.01.001;CC1001;400023.25;Lancamento Contabil - 3.01.001 - Ref 10/2024
DOC-101908;2024-10-03;202410;3.02.001;CC1002;2632.42;Lancamento Contabil - 3.02.001 - Ref 10/2024
DOC-101909;2024-10-08;202410;3.02.001;CC1002;133408.74;Lancamento Contabil - 3.02.001 - Ref 10/2024
DOC-101910;2024-10-14;202410;3.02.001;CC1002;75605.77;Lancamento Contabil - 3.02.001 - Ref 10/2024
DOC-101911;2024-10-15;202410;3.02.001;CC1002;192385.22;Lancamento Contabil - 3.02.001 - Ref 10/2024
DOC-101912;2024-10-27;202410;3.02.001;CC1002;74393.62;Lancamento Contabil - 3.02.001 - Ref 10/2024
DOC-101913;2024-10-31;202410;3.02.001;CC1002;75199.84;Lancamento Contabil - 3.02.001 - Ref 10/2024
DOC-101914;2024-10-01;202410;3.02.001;CC1003;73446.63;Lancamento Contabil - 3.02.001 - Ref 10/2024
DOC-101915;2024-10-02;202410;3.02.001;CC1003;2665.73;Lancamento Contabil - 3.02.001 - Ref 10/2024
DOC-101916;2024-10-08;202410;3.02.001;CC1003;125990.03;Lancamento Contabil - 3.02.001 - Ref 10/2024
DOC-101917;2024-10-12;202410;3.02.001;CC1003;103318.22;Lancamento Contabil - 3.02.001 - Ref 10/2024
DOC-101918;2024-10-13;202410;3.02.001;CC1003;59540.01;Lancamento Contabil - 3.02.001 - Ref 10/2024
DOC-101919;2024-10-14;202410;3.02.001;CC1003;48596.99;Lancamento Contabil - 3.02.001 - Ref 10/2024
DOC-101920;2024-10-17;202410;3.02.001;CC1003;120396.38;Lancamento Contabil - 3.02.001 - Ref 10/2024
DOC-101921;2024-10-27;202410;3.02.001;CC1003;11074.14;Lancamento Contabil - 3.02.001 - Ref 10/2024
DOC-101922;2024-10-30;202410;3.02.001;CC1003;4444.4;Lancamento Contabil - 3.02.001 - Ref 10/2024
DOC-101923;2024-10-01;202410;3.03.001;CC1002;662.58;Lancamento Contabil - 3.03.001 - Ref 10/2024
DOC-101924;2024-10-08;202410;3.03.001;CC1002;16415.44;Lancamento Contabil - 3.03.001 - Ref 10/2024
DOC-101925;2024-10-11;202410;3.03.001;CC1002;101208.88;Lancamento Contabil - 3.03.001 - Ref 10/2024
DOC-101926;2024-10-12;202410;3.03.001;CC1002;36350.21;Lancamento Contabil - 3.03.001 - Ref 10/2024
DOC-101927;2024-10-30;202410;3.03.001;CC1002;13838.78;Lancamento Contabil - 3.03.001 - Ref 10/2024
DOC-101928;2024-10-11;202410;3.03.001;CC1003;3427.27;Lancamento Contabil - 3.03.001 - Ref 10/2024
DOC-101929;2024-10-21;202410;3.03.001;CC1003;92778.69;Lancamento Contabil - 3.03.001 - Ref 10/2024
DOC-101930;2024-10-23;202410;3.03.001;CC1003;47624.91;Lancamento Contabil - 3.03.001 - Ref 10/2024
DOC-101931;2024-10-26;202410;3.03.001;CC1003;6363.53;Lancamento Contabil - 3.03.001 - Ref 10/2024
DOC-101932;2024-10-27;202410;3.03.001;CC1003;5136.95;Lancamento Contabil - 3.03.001 - Ref 10/2024
DOC-101933;2024-10-02;202410;3.03.001;CC1005;45301.7;Lancamento Contabil - 3.03.001 - Ref 10/2024
DOC-101934;2024-10-05;202410;3.03.001;CC1005;54117.72;Lancamento Contabil - 3.03.001 - Ref 10/2024
DOC-101935;2024-10-10;202410;3.03.001;CC1005;21733.81;Lancamento Contabil - 3.03.001 - Ref 10/2024
DOC-101936;2024-10-16;202410;3.03.001;CC1005;18673.06;Lancamento Contabil - 3.03.001 - Ref 10/2024
DOC-101937;2024-10-23;202410;3.03.001;CC1005;14424.34;Lancamento Contabil - 3.03.001 - Ref 10/2024
DOC-101938;2024-10-27;202410;3.03.001;CC1005;9768.35;Lancamento Contabil - 3.03.001 - Ref 10/2024
DOC-101939;2024-10-01;202410;3.04.001;CC1004;29154.01;Lancamento Contabil - 3.04.001 - Ref 10/2024
DOC-101940;2024-10-15;202410;3.04.001;CC1004;76011.56;Lancamento Contabil - 3.04.001 - Ref 10/2024
DOC-101941;2024-10-16;202410;3.04.001;CC1004;47094.67;Lancamento Contabil - 3.04.001 - Ref 10/2024
DOC-101942;2024-10-20;202410;3.04.001;CC1004;114040.31;Lancamento Contabil - 3.04.001 - Ref 10/2024
DOC-101943;2024-10-23;202410;3.04.001;CC1004;29954.56;Lancamento Contabil - 3.04.001 - Ref 10/2024
DOC-101944;2024-10-25;202410;3.04.001;CC1004;47762.54;Lancamento Contabil - 3.04.001 - Ref 10/2024
DOC-101945;2024-10-01;202410;3.05.001;CC1005;113756.94;Lancamento Contabil - 3.05.001 - Ref 10/2024
DOC-101946;2024-10-05;202410;3.05.001;CC1005;25425.31;Lancamento Contabil - 3.05.001 - Ref 10/2024
DOC-101947;2024-10-07;202410;3.05.001;CC1005;67364.13;Lancamento Contabil - 3.05.001 - Ref 10/2024
DOC-101948;2024-10-09;202410;3.05.001;CC1005;10323.91;Lancamento Contabil - 3.05.001 - Ref 10/2024
DOC-101949;2024-10-27;202410;3.05.001;CC1005;45523.64;Lancamento Contabil - 3.05.001 - Ref 10/2024
DOC-101950;2024-10-18;202410;3.06.001;CC1002;202495.48;Lancamento Contabil - 3.06.001 - Ref 10/2024
DOC-101951;2024-10-31;202410;3.06.001;CC1003;188181.73;Lancamento Contabil - 3.06.001 - Ref 10/2024
DOC-101952;2024-10-02;202410;4.01.001;CC2001;112630.75;Lancamento Contabil - 4.01.001 - Ref 10/2024
DOC-101953;2024-10-04;202410;4.01.001;CC2001;58405.97;Lancamento Contabil - 4.01.001 - Ref 10/2024
DOC-101954;2024-10-08;202410;4.01.001;CC2001;83203.71;Lancamento Contabil - 4.01.001 - Ref 10/2024
DOC-101955;2024-10-10;202410;4.01.001;CC2001;6088.68;Lancamento Contabil - 4.01.001 - Ref 10/2024
DOC-101956;2024-10-14;202410;4.01.001;CC2001;24293.51;Lancamento Contabil - 4.01.001 - Ref 10/2024
DOC-101957;2024-10-20;202410;4.01.001;CC2001;37173.04;Lancamento Contabil - 4.01.001 - Ref 10/2024
DOC-101958;2024-10-21;202410;4.01.001;CC2001;52930.43;Lancamento Contabil - 4.01.001 - Ref 10/2024
DOC-101959;2024-10-25;202410;4.01.001;CC2001;3866.66;Lancamento Contabil - 4.01.001 - Ref 10/2024
DOC-101960;2024-10-27;202410;4.01.001;CC2001;12483.87;Lancamento Contabil - 4.01.001 - Ref 10/2024
DOC-101961;2024-10-28;202410;4.01.001;CC2001;26820.43;Lancamento Contabil - 4.01.001 - Ref 10/2024
DOC-101962;2024-10-30;202410;4.01.001;CC2001;294529.62;Lancamento Contabil - 4.01.001 - Ref 10/2024
DOC-101963;2024-10-31;202410;4.01.001;CC2001;33308.59;Lancamento Contabil - 4.01.001 - Ref 10/2024
DOC-101964;2024-10-01;202410;4.02.001;CC3001;51874.3;Lancamento Contabil - 4.02.001 - Ref 10/2024
DOC-101965;2024-10-03;202410;4.02.001;CC3001;18111.46;Lancamento Contabil - 4.02.001 - Ref 10/2024
DOC-101966;2024-10-04;202410;4.02.001;CC3001;12749.78;Lancamento Contabil - 4.02.001 - Ref 10/2024
DOC-101967;2024-10-08;202410;4.02.001;CC3001;39958.27;Lancamento Contabil - 4.02.001 - Ref 10/2024
DOC-101968;2024-10-16;202410;4.02.001;CC3001;303.51;Lancamento Contabil - 4.02.001 - Ref 10/2024
DOC-101969;2024-10-17;202410;4.02.001;CC3001;422.95;Lancamento Contabil - 4.02.001 - Ref 10/2024
DOC-101970;2024-10-18;202410;4.02.001;CC3001;13593.39;Lancamento Contabil - 4.02.001 - Ref 10/2024
DOC-101971;2024-10-19;202410;4.02.001;CC3001;2056.73;Lancamento Contabil - 4.02.001 - Ref 10/2024
DOC-101972;2024-10-20;202410;4.02.001;CC3001;6284.55;Lancamento Contabil - 4.02.001 - Ref 10/2024
DOC-101973;2024-10-21;202410;4.02.001;CC3001;22747.83;Lancamento Contabil - 4.02.001 - Ref 10/2024
DOC-101974;2024-10-27;202410;4.02.001;CC3001;89193.01;Lancamento Contabil - 4.02.001 - Ref 10/2024
DOC-101975;2024-10-01;202410;4.02.001;CC3003;45589.41;Lancamento Contabil - 4.02.001 - Ref 10/2024
DOC-101976;2024-10-08;202410;4.02.001;CC3003;38610.01;Lancamento Contabil - 4.02.001 - Ref 10/2024
DOC-101977;2024-10-10;202410;4.02.001;CC3003;18661.07;Lancamento Contabil - 4.02.001 - Ref 10/2024
DOC-101978;2024-10-12;202410;4.02.001;CC3003;144201.96;Lancamento Contabil - 4.02.001 - Ref 10/2024
DOC-101979;2024-10-14;202410;4.02.001;CC3003;27171.85;Lancamento Contabil - 4.02.001 - Ref 10/2024
DOC-101980;2024-10-20;202410;4.02.001;CC3003;4894.46;Lancamento Contabil - 4.02.001 - Ref 10/2024
DOC-101981;2024-10-03;202410;4.03.001;CC3002;7802.03;Lancamento Contabil - 4.03.001 - Ref 10/2024
DOC-101982;2024-10-06;202410;4.03.001;CC3002;13046.01;Lancamento Contabil - 4.03.001 - Ref 10/2024
DOC-101983;2024-10-12;202410;4.03.001;CC3002;38198.3;Lancamento Contabil - 4.03.001 - Ref 10/2024
DOC-101984;2024-10-17;202410;4.03.001;CC3002;12534.57;Lancamento Contabil - 4.03.001 - Ref 10/2024
DOC-101985;2024-10-18;202410;4.03.001;CC3002;22321.77;Lancamento Contabil - 4.03.001 - Ref 10/2024
DOC-101986;2024-10-22;202410;4.03.001;CC3002;90943.32;Lancamento Contabil - 4.03.001 - Ref 10/2024
DOC-101987;2024-10-24;202410;4.03.001;CC3002;2597.39;Lancamento Contabil - 4.03.001 - Ref 10/2024
DOC-101988;2024-10-27;202410;4.03.001;CC3002;5918.18;Lancamento Contabil - 4.03.001 - Ref 10/2024
DOC-101989;2024-10-28;202410;4.03.001;CC3002;9245.87;Lancamento Contabil - 4.03.001 - Ref 10/2024
DOC-101990;2024-10-30;202410;4.03.001;CC3002;10094.46;Lancamento Contabil - 4.03.001 - Ref 10/2024
DOC-101991;2024-10-01;202410;4.04.001;CC1001;3685.77;Lancamento Contabil - 4.04.001 - Ref 10/2024
DOC-101992;2024-10-02;202410;4.04.001;CC1001;16583.24;Lancamento Contabil - 4.04.001 - Ref 10/2024
DOC-101993;2024-10-09;202410;4.04.001;CC1001;8716.37;Lancamento Contabil - 4.04.001 - Ref 10/2024
DOC-101994;2024-10-12;202410;4.04.001;CC1001;6518.78;Lancamento Contabil - 4.04.001 - Ref 10/2024
DOC-101995;2024-10-13;202410;4.04.001;CC1001;2577.25;Lancamento Contabil - 4.04.001 - Ref 10/2024
DOC-101996;2024-10-16;202410;4.04.001;CC1001;12087.7;Lancamento Contabil - 4.04.001 - Ref 10/2024
DOC-101997;2024-10-18;202410;4.04.001;CC1001;21601.14;Lancamento Contabil - 4.04.001 - Ref 10/2024
DOC-101998;2024-10-21;202410;4.04.001;CC1001;11986.02;Lancamento Contabil - 4.04.001 - Ref 10/2024
DOC-101999;2024-10-23;202410;4.04.001;CC1001;10.91;Lancamento Contabil - 4.04.001 - Ref 10/2024
DOC-102000;2024-10-28;202410;4.04.001;CC1001;7044.13;Lancamento Contabil - 4.04.001 - Ref 10/2024
DOC-102001;2024-10-29;202410;4.04.001;CC1001;365.46;Lancamento Contabil - 4.04.001 - Ref 10/2024
DOC-102002;2024-10-30;202410;4.04.001;CC1001;2074.01;Lancamento Contabil - 4.04.001 - Ref 10/2024
DOC-102003;2024-10-08;202410;4.04.001;CC3001;37878.53;Lancamento Contabil - 4.04.001 - Ref 10/2024
DOC-102004;2024-10-12;202410;4.04.001;CC3001;3969.52;Lancamento Contabil - 4.04.001 - Ref 10/2024
DOC-102005;2024-10-21;202410;4.04.001;CC3001;15809.24;Lancamento Contabil - 4.04.001 - Ref 10/2024
DOC-102006;2024-10-22;202410;4.04.001;CC3001;19889.93;Lancamento Contabil - 4.04.001 - Ref 10/2024
DOC-102007;2024-10-24;202410;4.04.001;CC3001;15035.07;Lancamento Contabil - 4.04.001 - Ref 10/2024
DOC-102008;2024-10-05;202410;4.05.001;CC4001;10853.21;Lancamento Contabil - 4.05.001 - Ref 10/2024
DOC-102009;2024-10-11;202410;4.05.001;CC4001;45677.67;Lancamento Contabil - 4.05.001 - Ref 10/2024
DOC-102010;2024-10-19;202410;4.05.001;CC4001;117032.12;Lancamento Contabil - 4.05.001 - Ref 10/2024
DOC-102011;2024-10-24;202410;4.05.001;CC4001;6196.88;Lancamento Contabil - 4.05.001 - Ref 10/2024
DOC-102012;2024-10-25;202410;4.05.001;CC4001;7031.71;Lancamento Contabil - 4.05.001 - Ref 10/2024
DOC-102013;2024-10-11;202410;4.06.001;CC3001;22628.49;Lancamento Contabil - 4.06.001 - Ref 10/2024
DOC-102014;2024-10-12;202410;4.06.001;CC3001;23262.46;Lancamento Contabil - 4.06.001 - Ref 10/2024
DOC-102015;2024-10-18;202410;4.06.001;CC3001;9206.16;Lancamento Contabil - 4.06.001 - Ref 10/2024
DOC-102016;2024-10-27;202410;4.06.001;CC3001;18452.97;Lancamento Contabil - 4.06.001 - Ref 10/2024
DOC-102017;2024-10-15;202410;4.06.001;CC1005;92.64;Lancamento Contabil - 4.06.001 - Ref 10/2024
DOC-102018;2024-10-16;202410;4.06.001;CC1005;9196.16;Lancamento Contabil - 4.06.001 - Ref 10/2024
DOC-102019;2024-10-22;202410;4.06.001;CC1005;22244.3;Lancamento Contabil - 4.06.001 - Ref 10/2024
DOC-102020;2024-10-23;202410;4.06.001;CC1005;8626.33;Lancamento Contabil - 4.06.001 - Ref 10/2024
DOC-102021;2024-10-25;202410;4.06.001;CC1005;18823.1;Lancamento Contabil - 4.06.001 - Ref 10/2024
DOC-102022;2024-10-27;202410;4.06.001;CC1005;11710.58;Lancamento Contabil - 4.06.001 - Ref 10/2024
DOC-102023;2024-10-03;202410;5.01.001;CC3001;27270.09;Lancamento Contabil - 5.01.001 - Ref 10/2024
DOC-102024;2024-10-05;202410;5.01.001;CC3001;2094.59;Lancamento Contabil - 5.01.001 - Ref 10/2024
DOC-102025;2024-10-15;202410;5.01.001;CC3001;97517.92;Lancamento Contabil - 5.01.001 - Ref 10/2024
DOC-102026;2024-10-23;202410;5.01.001;CC3001;62187.56;Lancamento Contabil - 5.01.001 - Ref 10/2024
DOC-102027;2024-10-25;202410;5.01.001;CC3001;118381.21;Lancamento Contabil - 5.01.001 - Ref 10/2024
DOC-102028;2024-10-26;202410;5.01.001;CC3001;153124.11;Lancamento Contabil - 5.01.001 - Ref 10/2024
DOC-102029;2024-10-02;202410;5.02.001;CC3001;11720.91;Lancamento Contabil - 5.02.001 - Ref 10/2024
DOC-102030;2024-10-07;202410;5.02.001;CC3001;34397.12;Lancamento Contabil - 5.02.001 - Ref 10/2024
DOC-102031;2024-10-10;202410;5.02.001;CC3001;214346.38;Lancamento Contabil - 5.02.001 - Ref 10/2024
DOC-102032;2024-10-26;202410;5.02.001;CC3001;110154.51;Lancamento Contabil - 5.02.001 - Ref 10/2024
DOC-102033;2024-10-02;202410;5.03.001;CC3001;31583.54;Lancamento Contabil - 5.03.001 - Ref 10/2024
DOC-102034;2024-10-10;202410;5.03.001;CC3001;19935.96;Lancamento Contabil - 5.03.001 - Ref 10/2024
DOC-102035;2024-10-11;202410;5.03.001;CC3001;9500.88;Lancamento Contabil - 5.03.001 - Ref 10/2024
DOC-102036;2024-10-13;202410;5.03.001;CC3001;18895.2;Lancamento Contabil - 5.03.001 - Ref 10/2024
DOC-102037;2024-10-17;202410;5.03.001;CC3001;5445.43;Lancamento Contabil - 5.03.001 - Ref 10/2024
DOC-102038;2024-10-18;202410;5.03.001;CC3001;6182.95;Lancamento Contabil - 5.03.001 - Ref 10/2024
DOC-102039;2024-10-29;202410;5.03.001;CC3001;26302.08;Lancamento Contabil - 5.03.001 - Ref 10/2024
DOC-102040;2024-10-02;202410;6.01.001;CC3001;63460.04;Lancamento Contabil - 6.01.001 - Ref 10/2024
DOC-102041;2024-10-07;202410;6.01.001;CC3001;171849.96;Lancamento Contabil - 6.01.001 - Ref 10/2024
DOC-102042;2024-10-09;202410;6.01.001;CC3001;185476.2;Lancamento Contabil - 6.01.001 - Ref 10/2024
DOC-102043;2024-10-10;202410;6.01.001;CC3001;209139.34;Lancamento Contabil - 6.01.001 - Ref 10/2024
DOC-102044;2024-10-11;202410;6.01.001;CC3001;266625.27;Lancamento Contabil - 6.01.001 - Ref 10/2024
DOC-102045;2024-10-12;202410;6.01.001;CC3001;60508.98;Lancamento Contabil - 6.01.001 - Ref 10/2024
DOC-102046;2024-10-21;202410;6.01.001;CC3001;41208.37;Lancamento Contabil - 6.01.001 - Ref 10/2024
DOC-102047;2024-10-25;202410;6.01.001;CC3001;93658.4;Lancamento Contabil - 6.01.001 - Ref 10/2024
DOC-102048;2024-10-28;202410;6.01.001;CC3001;49782.86;Lancamento Contabil - 6.01.001 - Ref 10/2024
DOC-102049;2024-10-30;202410;6.01.001;CC3001;98619.57;Lancamento Contabil - 6.01.001 - Ref 10/2024
DOC-102050;2024-10-31;202410;6.01.001;CC3001;131220.34;Lancamento Contabil - 6.01.001 - Ref 10/2024
DOC-102051;2024-11-12;202411;1.01.001;CC4001;1415262.57;Lancamento Contabil - 1.01.001 - Ref 11/2024
DOC-102052;2024-11-13;202411;1.01.001;CC4001;4365073.03;Lancamento Contabil - 1.01.001 - Ref 11/2024
DOC-102053;2024-11-14;202411;1.01.001;CC4001;1192686.63;Lancamento Contabil - 1.01.001 - Ref 11/2024
DOC-102054;2024-11-26;202411;1.01.001;CC4001;17118910.37;Lancamento Contabil - 1.01.001 - Ref 11/2024
DOC-102055;2024-11-29;202411;1.01.001;CC4001;3290663.26;Lancamento Contabil - 1.01.001 - Ref 11/2024
DOC-102056;2024-11-03;202411;1.01.002;CC4001;96807.37;Lancamento Contabil - 1.01.002 - Ref 11/2024
DOC-102057;2024-11-06;202411;1.01.002;CC4001;14873.2;Lancamento Contabil - 1.01.002 - Ref 11/2024
DOC-102058;2024-11-09;202411;1.01.002;CC4001;598892.36;Lancamento Contabil - 1.01.002 - Ref 11/2024
DOC-102059;2024-11-11;202411;1.01.002;CC4001;584540.63;Lancamento Contabil - 1.01.002 - Ref 11/2024
DOC-102060;2024-11-12;202411;1.01.002;CC4001;240277.35;Lancamento Contabil - 1.01.002 - Ref 11/2024
DOC-102061;2024-11-13;202411;1.01.002;CC4001;42935.75;Lancamento Contabil - 1.01.002 - Ref 11/2024
DOC-102062;2024-11-16;202411;1.01.002;CC4001;304076.87;Lancamento Contabil - 1.01.002 - Ref 11/2024
DOC-102063;2024-11-17;202411;1.01.002;CC4001;215119.63;Lancamento Contabil - 1.01.002 - Ref 11/2024
DOC-102064;2024-11-23;202411;1.01.002;CC4001;652275.49;Lancamento Contabil - 1.01.002 - Ref 11/2024
DOC-102065;2024-11-26;202411;1.01.002;CC4001;537089.34;Lancamento Contabil - 1.01.002 - Ref 11/2024
DOC-102066;2024-11-29;202411;1.01.002;CC4001;261660.33;Lancamento Contabil - 1.01.002 - Ref 11/2024
DOC-102067;2024-11-03;202411;1.02.001;CC1004;23945.16;Lancamento Contabil - 1.02.001 - Ref 11/2024
DOC-102068;2024-11-04;202411;1.02.001;CC1004;105087.31;Lancamento Contabil - 1.02.001 - Ref 11/2024
DOC-102069;2024-11-06;202411;1.02.001;CC1004;4414.32;Lancamento Contabil - 1.02.001 - Ref 11/2024
DOC-102070;2024-11-10;202411;1.02.001;CC1004;111313.38;Lancamento Contabil - 1.02.001 - Ref 11/2024
DOC-102071;2024-11-11;202411;1.02.001;CC1004;525602.48;Lancamento Contabil - 1.02.001 - Ref 11/2024
DOC-102072;2024-11-14;202411;1.02.001;CC1004;76648.61;Lancamento Contabil - 1.02.001 - Ref 11/2024
DOC-102073;2024-11-18;202411;1.02.001;CC1004;6288.27;Lancamento Contabil - 1.02.001 - Ref 11/2024
DOC-102074;2024-11-20;202411;1.02.001;CC1004;4971.12;Lancamento Contabil - 1.02.001 - Ref 11/2024
DOC-102075;2024-11-27;202411;1.02.001;CC1004;77622.04;Lancamento Contabil - 1.02.001 - Ref 11/2024
DOC-102076;2024-11-30;202411;1.02.001;CC1004;27568.09;Lancamento Contabil - 1.02.001 - Ref 11/2024
DOC-102077;2024-11-06;202411;2.01.001;CC3001;6247.49;Lancamento Contabil - 2.01.001 - Ref 11/2024
DOC-102078;2024-11-10;202411;2.01.001;CC3001;373188.44;Lancamento Contabil - 2.01.001 - Ref 11/2024
DOC-102079;2024-11-14;202411;2.01.001;CC3001;162196.4;Lancamento Contabil - 2.01.001 - Ref 11/2024
DOC-102080;2024-11-15;202411;2.01.001;CC3001;90272.78;Lancamento Contabil - 2.01.001 - Ref 11/2024
DOC-102081;2024-11-20;202411;2.01.001;CC3001;609019.69;Lancamento Contabil - 2.01.001 - Ref 11/2024
DOC-102082;2024-11-22;202411;2.01.001;CC3001;32641.41;Lancamento Contabil - 2.01.001 - Ref 11/2024
DOC-102083;2024-11-23;202411;2.01.001;CC3001;825378.24;Lancamento Contabil - 2.01.001 - Ref 11/2024
DOC-102084;2024-11-27;202411;2.01.001;CC3001;99633.0;Lancamento Contabil - 2.01.001 - Ref 11/2024
DOC-102085;2024-11-29;202411;2.01.001;CC3001;579790.42;Lancamento Contabil - 2.01.001 - Ref 11/2024
DOC-102086;2024-11-02;202411;2.02.001;CC4001;62209.05;Lancamento Contabil - 2.02.001 - Ref 11/2024
DOC-102087;2024-11-09;202411;2.02.001;CC4001;5117.62;Lancamento Contabil - 2.02.001 - Ref 11/2024
DOC-102088;2024-11-12;202411;2.02.001;CC4001;48847.97;Lancamento Contabil - 2.02.001 - Ref 11/2024
DOC-102089;2024-11-14;202411;2.02.001;CC4001;7421.9;Lancamento Contabil - 2.02.001 - Ref 11/2024
DOC-102090;2024-11-15;202411;2.02.001;CC4001;7324.41;Lancamento Contabil - 2.02.001 - Ref 11/2024
DOC-102091;2024-11-20;202411;2.02.001;CC4001;6258.56;Lancamento Contabil - 2.02.001 - Ref 11/2024
DOC-102092;2024-11-21;202411;2.02.001;CC4001;11725.8;Lancamento Contabil - 2.02.001 - Ref 11/2024
DOC-102093;2024-11-24;202411;2.02.001;CC4001;2517.96;Lancamento Contabil - 2.02.001 - Ref 11/2024
DOC-102094;2024-11-29;202411;2.02.001;CC4001;12134.85;Lancamento Contabil - 2.02.001 - Ref 11/2024
DOC-102095;2024-11-12;202411;3.01.001;CC1001;952861.11;Lancamento Contabil - 3.01.001 - Ref 11/2024
DOC-102096;2024-11-13;202411;3.01.001;CC1001;1752564.98;Lancamento Contabil - 3.01.001 - Ref 11/2024
DOC-102097;2024-11-17;202411;3.01.001;CC1001;2190487.47;Lancamento Contabil - 3.01.001 - Ref 11/2024
DOC-102098;2024-11-21;202411;3.01.001;CC1001;709059.39;Lancamento Contabil - 3.01.001 - Ref 11/2024
DOC-102099;2024-11-22;202411;3.01.001;CC1001;439662.53;Lancamento Contabil - 3.01.001 - Ref 11/2024
DOC-102100;2024-11-01;202411;3.02.001;CC1002;4680.3;Lancamento Contabil - 3.02.001 - Ref 11/2024
DOC-102101;2024-11-05;202411;3.02.001;CC1002;33045.84;Lancamento Contabil - 3.02.001 - Ref 11/2024
DOC-102102;2024-11-15;202411;3.02.001;CC1002;24833.77;Lancamento Contabil - 3.02.001 - Ref 11/2024
DOC-102103;2024-11-20;202411;3.02.001;CC1002;267511.48;Lancamento Contabil - 3.02.001 - Ref 11/2024
DOC-102104;2024-11-22;202411;3.02.001;CC1002;64304.25;Lancamento Contabil - 3.02.001 - Ref 11/2024
DOC-102105;2024-11-28;202411;3.02.001;CC1002;33626.87;Lancamento Contabil - 3.02.001 - Ref 11/2024
DOC-102106;2024-11-03;202411;3.02.001;CC1003;145035.3;Lancamento Contabil - 3.02.001 - Ref 11/2024
DOC-102107;2024-11-05;202411;3.02.001;CC1003;25027.48;Lancamento Contabil - 3.02.001 - Ref 11/2024
DOC-102108;2024-11-08;202411;3.02.001;CC1003;98024.2;Lancamento Contabil - 3.02.001 - Ref 11/2024
DOC-102109;2024-11-25;202411;3.02.001;CC1003;164322.65;Lancamento Contabil - 3.02.001 - Ref 11/2024
DOC-102110;2024-11-02;202411;3.03.001;CC1002;49043.65;Lancamento Contabil - 3.03.001 - Ref 11/2024
DOC-102111;2024-11-05;202411;3.03.001;CC1002;20450.49;Lancamento Contabil - 3.03.001 - Ref 11/2024
DOC-102112;2024-11-12;202411;3.03.001;CC1002;9407.78;Lancamento Contabil - 3.03.001 - Ref 11/2024
DOC-102113;2024-11-13;202411;3.03.001;CC1002;8116.3;Lancamento Contabil - 3.03.001 - Ref 11/2024
DOC-102114;2024-11-15;202411;3.03.001;CC1002;9337.81;Lancamento Contabil - 3.03.001 - Ref 11/2024
DOC-102115;2024-11-19;202411;3.03.001;CC1002;2165.43;Lancamento Contabil - 3.03.001 - Ref 11/2024
DOC-102116;2024-11-20;202411;3.03.001;CC1002;4843.2;Lancamento Contabil - 3.03.001 - Ref 11/2024
DOC-102117;2024-11-22;202411;3.03.001;CC1002;387.83;Lancamento Contabil - 3.03.001 - Ref 11/2024
DOC-102118;2024-11-30;202411;3.03.001;CC1002;6217.32;Lancamento Contabil - 3.03.001 - Ref 11/2024
DOC-102119;2024-11-03;202411;3.03.001;CC1003;7923.67;Lancamento Contabil - 3.03.001 - Ref 11/2024
DOC-102120;2024-11-05;202411;3.03.001;CC1003;2614.96;Lancamento Contabil - 3.03.001 - Ref 11/2024
DOC-102121;2024-11-11;202411;3.03.001;CC1003;33642.74;Lancamento Contabil - 3.03.001 - Ref 11/2024
DOC-102122;2024-11-12;202411;3.03.001;CC1003;24302.47;Lancamento Contabil - 3.03.001 - Ref 11/2024
DOC-102123;2024-11-13;202411;3.03.001;CC1003;12957.61;Lancamento Contabil - 3.03.001 - Ref 11/2024
DOC-102124;2024-11-15;202411;3.03.001;CC1003;7712.49;Lancamento Contabil - 3.03.001 - Ref 11/2024
DOC-102125;2024-11-17;202411;3.03.001;CC1003;20640.56;Lancamento Contabil - 3.03.001 - Ref 11/2024
DOC-102126;2024-11-19;202411;3.03.001;CC1003;1416.64;Lancamento Contabil - 3.03.001 - Ref 11/2024
DOC-102127;2024-11-25;202411;3.03.001;CC1003;15815.23;Lancamento Contabil - 3.03.001 - Ref 11/2024
DOC-102128;2024-11-01;202411;3.03.001;CC1005;3334.47;Lancamento Contabil - 3.03.001 - Ref 11/2024
DOC-102129;2024-11-04;202411;3.03.001;CC1005;21665.03;Lancamento Contabil - 3.03.001 - Ref 11/2024
DOC-102130;2024-11-06;202411;3.03.001;CC1005;29796.99;Lancamento Contabil - 3.03.001 - Ref 11/2024
DOC-102131;2024-11-08;202411;3.03.001;CC1005;1664.98;Lancamento Contabil - 3.03.001 - Ref 11/2024
DOC-102132;2024-11-13;202411;3.03.001;CC1005;6419.53;Lancamento Contabil - 3.03.001 - Ref 11/2024
DOC-102133;2024-11-16;202411;3.03.001;CC1005;40953.43;Lancamento Contabil - 3.03.001 - Ref 11/2024
DOC-102134;2024-11-17;202411;3.03.001;CC1005;6826.18;Lancamento Contabil - 3.03.001 - Ref 11/2024
DOC-102135;2024-11-24;202411;3.03.001;CC1005;20584.75;Lancamento Contabil - 3.03.001 - Ref 11/2024
DOC-102136;2024-11-04;202411;3.04.001;CC1004;18351.16;Lancamento Contabil - 3.04.001 - Ref 11/2024
DOC-102137;2024-11-07;202411;3.04.001;CC1004;9718.31;Lancamento Contabil - 3.04.001 - Ref 11/2024
DOC-102138;2024-11-09;202411;3.04.001;CC1004;6951.46;Lancamento Contabil - 3.04.001 - Ref 11/2024
DOC-102139;2024-11-10;202411;3.04.001;CC1004;4692.16;Lancamento Contabil - 3.04.001 - Ref 11/2024
DOC-102140;2024-11-15;202411;3.04.001;CC1004;29630.83;Lancamento Contabil - 3.04.001 - Ref 11/2024
DOC-102141;2024-11-16;202411;3.04.001;CC1004;10092.34;Lancamento Contabil - 3.04.001 - Ref 11/2024
DOC-102142;2024-11-20;202411;3.04.001;CC1004;14787.28;Lancamento Contabil - 3.04.001 - Ref 11/2024
DOC-102143;2024-11-23;202411;3.04.001;CC1004;14001.57;Lancamento Contabil - 3.04.001 - Ref 11/2024
DOC-102144;2024-11-24;202411;3.04.001;CC1004;17783.88;Lancamento Contabil - 3.04.001 - Ref 11/2024
DOC-102145;2024-11-25;202411;3.04.001;CC1004;41447.49;Lancamento Contabil - 3.04.001 - Ref 11/2024
DOC-102146;2024-11-29;202411;3.04.001;CC1004;81576.46;Lancamento Contabil - 3.04.001 - Ref 11/2024
DOC-102147;2024-11-30;202411;3.04.001;CC1004;10813.27;Lancamento Contabil - 3.04.001 - Ref 11/2024
DOC-102148;2024-11-03;202411;3.05.001;CC1005;25227.47;Lancamento Contabil - 3.05.001 - Ref 11/2024
DOC-102149;2024-11-06;202411;3.05.001;CC1005;92496.72;Lancamento Contabil - 3.05.001 - Ref 11/2024
DOC-102150;2024-11-15;202411;3.05.001;CC1005;6623.14;Lancamento Contabil - 3.05.001 - Ref 11/2024
DOC-102151;2024-11-23;202411;3.05.001;CC1005;3425.22;Lancamento Contabil - 3.05.001 - Ref 11/2024
DOC-102152;2024-11-28;202411;3.05.001;CC1005;56951.68;Lancamento Contabil - 3.05.001 - Ref 11/2024
DOC-102153;2024-11-30;202411;3.05.001;CC1005;17119.1;Lancamento Contabil - 3.05.001 - Ref 11/2024
DOC-102154;2024-11-03;202411;3.06.001;CC1002;152454.66;Lancamento Contabil - 3.06.001 - Ref 11/2024
DOC-102155;2024-11-26;202411;3.06.001;CC1003;145711.4;Lancamento Contabil - 3.06.001 - Ref 11/2024
DOC-102156;2024-11-03;202411;4.01.001;CC2001;73585.47;Lancamento Contabil - 4.01.001 - Ref 11/2024
DOC-102157;2024-11-06;202411;4.01.001;CC2001;194881.87;Lancamento Contabil - 4.01.001 - Ref 11/2024
DOC-102158;2024-11-10;202411;4.01.001;CC2001;1441.79;Lancamento Contabil - 4.01.001 - Ref 11/2024
DOC-102159;2024-11-12;202411;4.01.001;CC2001;48395.98;Lancamento Contabil - 4.01.001 - Ref 11/2024
DOC-102160;2024-11-18;202411;4.01.001;CC2001;86940.01;Lancamento Contabil - 4.01.001 - Ref 11/2024
DOC-102161;2024-11-22;202411;4.01.001;CC2001;95815.73;Lancamento Contabil - 4.01.001 - Ref 11/2024
DOC-102162;2024-11-23;202411;4.01.001;CC2001;88099.65;Lancamento Contabil - 4.01.001 - Ref 11/2024
DOC-102163;2024-11-24;202411;4.01.001;CC2001;10784.6;Lancamento Contabil - 4.01.001 - Ref 11/2024
DOC-102164;2024-11-26;202411;4.01.001;CC2001;26579.01;Lancamento Contabil - 4.01.001 - Ref 11/2024
DOC-102165;2024-11-04;202411;4.02.001;CC3001;8904.37;Lancamento Contabil - 4.02.001 - Ref 11/2024
DOC-102166;2024-11-07;202411;4.02.001;CC3001;6447.42;Lancamento Contabil - 4.02.001 - Ref 11/2024
DOC-102167;2024-11-08;202411;4.02.001;CC3001;86024.45;Lancamento Contabil - 4.02.001 - Ref 11/2024
DOC-102168;2024-11-12;202411;4.02.001;CC3001;242.59;Lancamento Contabil - 4.02.001 - Ref 11/2024
DOC-102169;2024-11-17;202411;4.02.001;CC3001;167001.51;Lancamento Contabil - 4.02.001 - Ref 11/2024
DOC-102170;2024-11-26;202411;4.02.001;CC3001;30778.59;Lancamento Contabil - 4.02.001 - Ref 11/2024
DOC-102171;2024-11-01;202411;4.02.001;CC3003;72464.83;Lancamento Contabil - 4.02.001 - Ref 11/2024
DOC-102172;2024-11-08;202411;4.02.001;CC3003;14345.78;Lancamento Contabil - 4.02.001 - Ref 11/2024
DOC-102173;2024-11-12;202411;4.02.001;CC3003;592.66;Lancamento Contabil - 4.02.001 - Ref 11/2024
DOC-102174;2024-11-16;202411;4.02.001;CC3003;55033.74;Lancamento Contabil - 4.02.001 - Ref 11/2024
DOC-102175;2024-11-18;202411;4.02.001;CC3003;73847.79;Lancamento Contabil - 4.02.001 - Ref 11/2024
DOC-102176;2024-11-26;202411;4.02.001;CC3003;55444.51;Lancamento Contabil - 4.02.001 - Ref 11/2024
DOC-102177;2024-11-03;202411;4.03.001;CC3002;41188.11;Lancamento Contabil - 4.03.001 - Ref 11/2024
DOC-102178;2024-11-05;202411;4.03.001;CC3002;30209.97;Lancamento Contabil - 4.03.001 - Ref 11/2024
DOC-102179;2024-11-10;202411;4.03.001;CC3002;40848.66;Lancamento Contabil - 4.03.001 - Ref 11/2024
DOC-102180;2024-11-13;202411;4.03.001;CC3002;52582.69;Lancamento Contabil - 4.03.001 - Ref 11/2024
DOC-102181;2024-11-15;202411;4.03.001;CC3002;26734.05;Lancamento Contabil - 4.03.001 - Ref 11/2024
DOC-102182;2024-11-18;202411;4.03.001;CC3002;2608.44;Lancamento Contabil - 4.03.001 - Ref 11/2024
DOC-102183;2024-11-20;202411;4.03.001;CC3002;18800.4;Lancamento Contabil - 4.03.001 - Ref 11/2024
DOC-102184;2024-11-25;202411;4.03.001;CC3002;2272.5;Lancamento Contabil - 4.03.001 - Ref 11/2024
DOC-102185;2024-11-26;202411;4.03.001;CC3002;14717.39;Lancamento Contabil - 4.03.001 - Ref 11/2024
DOC-102186;2024-11-03;202411;4.04.001;CC1001;4588.1;Lancamento Contabil - 4.04.001 - Ref 11/2024
DOC-102187;2024-11-05;202411;4.04.001;CC1001;599.38;Lancamento Contabil - 4.04.001 - Ref 11/2024
DOC-102188;2024-11-11;202411;4.04.001;CC1001;3765.08;Lancamento Contabil - 4.04.001 - Ref 11/2024
DOC-102189;2024-11-14;202411;4.04.001;CC1001;1032.67;Lancamento Contabil - 4.04.001 - Ref 11/2024
DOC-102190;2024-11-15;202411;4.04.001;CC1001;14495.12;Lancamento Contabil - 4.04.001 - Ref 11/2024
DOC-102191;2024-11-17;202411;4.04.001;CC1001;25896.86;Lancamento Contabil - 4.04.001 - Ref 11/2024
DOC-102192;2024-11-19;202411;4.04.001;CC1001;658.84;Lancamento Contabil - 4.04.001 - Ref 11/2024
DOC-102193;2024-11-21;202411;4.04.001;CC1001;27240.85;Lancamento Contabil - 4.04.001 - Ref 11/2024
DOC-102194;2024-11-25;202411;4.04.001;CC1001;6489.3;Lancamento Contabil - 4.04.001 - Ref 11/2024
DOC-102195;2024-11-28;202411;4.04.001;CC1001;3125.1;Lancamento Contabil - 4.04.001 - Ref 11/2024
DOC-102196;2024-11-29;202411;4.04.001;CC1001;701.96;Lancamento Contabil - 4.04.001 - Ref 11/2024
DOC-102197;2024-11-05;202411;4.04.001;CC3001;12266.89;Lancamento Contabil - 4.04.001 - Ref 11/2024
DOC-102198;2024-11-06;202411;4.04.001;CC3001;514.81;Lancamento Contabil - 4.04.001 - Ref 11/2024
DOC-102199;2024-11-12;202411;4.04.001;CC3001;756.23;Lancamento Contabil - 4.04.001 - Ref 11/2024
DOC-102200;2024-11-14;202411;4.04.001;CC3001;5151.27;Lancamento Contabil - 4.04.001 - Ref 11/2024
DOC-102201;2024-11-17;202411;4.04.001;CC3001;3496.31;Lancamento Contabil - 4.04.001 - Ref 11/2024
DOC-102202;2024-11-18;202411;4.04.001;CC3001;2642.1;Lancamento Contabil - 4.04.001 - Ref 11/2024
DOC-102203;2024-11-19;202411;4.04.001;CC3001;3295.81;Lancamento Contabil - 4.04.001 - Ref 11/2024
DOC-102204;2024-11-21;202411;4.04.001;CC3001;16254.29;Lancamento Contabil - 4.04.001 - Ref 11/2024
DOC-102205;2024-11-22;202411;4.04.001;CC3001;26457.28;Lancamento Contabil - 4.04.001 - Ref 11/2024
DOC-102206;2024-11-25;202411;4.04.001;CC3001;5188.63;Lancamento Contabil - 4.04.001 - Ref 11/2024
DOC-102207;2024-11-27;202411;4.04.001;CC3001;23633.51;Lancamento Contabil - 4.04.001 - Ref 11/2024
DOC-102208;2024-11-02;202411;4.05.001;CC4001;6157.22;Lancamento Contabil - 4.05.001 - Ref 11/2024
DOC-102209;2024-11-04;202411;4.05.001;CC4001;10272.47;Lancamento Contabil - 4.05.001 - Ref 11/2024
DOC-102210;2024-11-05;202411;4.05.001;CC4001;4067.42;Lancamento Contabil - 4.05.001 - Ref 11/2024
DOC-102211;2024-11-06;202411;4.05.001;CC4001;16239.38;Lancamento Contabil - 4.05.001 - Ref 11/2024
DOC-102212;2024-11-08;202411;4.05.001;CC4001;61313.28;Lancamento Contabil - 4.05.001 - Ref 11/2024
DOC-102213;2024-11-10;202411;4.05.001;CC4001;14685.05;Lancamento Contabil - 4.05.001 - Ref 11/2024
DOC-102214;2024-11-11;202411;4.05.001;CC4001;7030.53;Lancamento Contabil - 4.05.001 - Ref 11/2024
DOC-102215;2024-11-17;202411;4.05.001;CC4001;16566.9;Lancamento Contabil - 4.05.001 - Ref 11/2024
DOC-102216;2024-11-22;202411;4.05.001;CC4001;2082.09;Lancamento Contabil - 4.05.001 - Ref 11/2024
DOC-102217;2024-11-27;202411;4.05.001;CC4001;34847.42;Lancamento Contabil - 4.05.001 - Ref 11/2024
DOC-102218;2024-11-28;202411;4.05.001;CC4001;11101.7;Lancamento Contabil - 4.05.001 - Ref 11/2024
DOC-102219;2024-11-30;202411;4.05.001;CC4001;9471.71;Lancamento Contabil - 4.05.001 - Ref 11/2024
DOC-102220;2024-11-03;202411;4.06.001;CC3001;753.84;Lancamento Contabil - 4.06.001 - Ref 11/2024
DOC-102221;2024-11-07;202411;4.06.001;CC3001;11615.51;Lancamento Contabil - 4.06.001 - Ref 11/2024
DOC-102222;2024-11-09;202411;4.06.001;CC3001;2803.37;Lancamento Contabil - 4.06.001 - Ref 11/2024
DOC-102223;2024-11-10;202411;4.06.001;CC3001;12667.61;Lancamento Contabil - 4.06.001 - Ref 11/2024
DOC-102224;2024-11-17;202411;4.06.001;CC3001;17499.28;Lancamento Contabil - 4.06.001 - Ref 11/2024
DOC-102225;2024-11-18;202411;4.06.001;CC3001;16491.7;Lancamento Contabil - 4.06.001 - Ref 11/2024
DOC-102226;2024-11-21;202411;4.06.001;CC3001;8138.23;Lancamento Contabil - 4.06.001 - Ref 11/2024
DOC-102227;2024-11-26;202411;4.06.001;CC3001;7432.2;Lancamento Contabil - 4.06.001 - Ref 11/2024
DOC-102228;2024-11-29;202411;4.06.001;CC3001;1560.4;Lancamento Contabil - 4.06.001 - Ref 11/2024
DOC-102229;2024-11-03;202411;4.06.001;CC1005;28829.64;Lancamento Contabil - 4.06.001 - Ref 11/2024
DOC-102230;2024-11-10;202411;4.06.001;CC1005;6113.54;Lancamento Contabil - 4.06.001 - Ref 11/2024
DOC-102231;2024-11-17;202411;4.06.001;CC1005;13255.65;Lancamento Contabil - 4.06.001 - Ref 11/2024
DOC-102232;2024-11-18;202411;4.06.001;CC1005;6457.5;Lancamento Contabil - 4.06.001 - Ref 11/2024
DOC-102233;2024-11-20;202411;4.06.001;CC1005;2773.93;Lancamento Contabil - 4.06.001 - Ref 11/2024
DOC-102234;2024-11-21;202411;4.06.001;CC1005;19173.31;Lancamento Contabil - 4.06.001 - Ref 11/2024
DOC-102235;2024-11-05;202411;5.01.001;CC3001;38294.47;Lancamento Contabil - 5.01.001 - Ref 11/2024
DOC-102236;2024-11-06;202411;5.01.001;CC3001;145441.93;Lancamento Contabil - 5.01.001 - Ref 11/2024
DOC-102237;2024-11-19;202411;5.01.001;CC3001;7670.88;Lancamento Contabil - 5.01.001 - Ref 11/2024
DOC-102238;2024-11-20;202411;5.01.001;CC3001;216646.5;Lancamento Contabil - 5.01.001 - Ref 11/2024
DOC-102239;2024-11-22;202411;5.01.001;CC3001;453.47;Lancamento Contabil - 5.01.001 - Ref 11/2024
DOC-102240;2024-11-30;202411;5.01.001;CC3001;33585.61;Lancamento Contabil - 5.01.001 - Ref 11/2024
DOC-102241;2024-11-01;202411;5.02.001;CC3001;60883.72;Lancamento Contabil - 5.02.001 - Ref 11/2024
DOC-102242;2024-11-02;202411;5.02.001;CC3001;17139.25;Lancamento Contabil - 5.02.001 - Ref 11/2024
DOC-102243;2024-11-03;202411;5.02.001;CC3001;4844.59;Lancamento Contabil - 5.02.001 - Ref 11/2024
DOC-102244;2024-11-19;202411;5.02.001;CC3001;20135.31;Lancamento Contabil - 5.02.001 - Ref 11/2024
DOC-102245;2024-11-21;202411;5.02.001;CC3001;14211.6;Lancamento Contabil - 5.02.001 - Ref 11/2024
DOC-102246;2024-11-27;202411;5.02.001;CC3001;83384.25;Lancamento Contabil - 5.02.001 - Ref 11/2024
DOC-102247;2024-11-28;202411;5.02.001;CC3001;16946.99;Lancamento Contabil - 5.02.001 - Ref 11/2024
DOC-102248;2024-11-29;202411;5.02.001;CC3001;70126.13;Lancamento Contabil - 5.02.001 - Ref 11/2024
DOC-102249;2024-11-30;202411;5.02.001;CC3001;100278.81;Lancamento Contabil - 5.02.001 - Ref 11/2024
DOC-102250;2024-11-01;202411;5.03.001;CC3001;6608.76;Lancamento Contabil - 5.03.001 - Ref 11/2024
DOC-102251;2024-11-07;202411;5.03.001;CC3001;46406.17;Lancamento Contabil - 5.03.001 - Ref 11/2024
DOC-102252;2024-11-14;202411;5.03.001;CC3001;1304.82;Lancamento Contabil - 5.03.001 - Ref 11/2024
DOC-102253;2024-11-19;202411;5.03.001;CC3001;16205.44;Lancamento Contabil - 5.03.001 - Ref 11/2024
DOC-102254;2024-11-20;202411;5.03.001;CC3001;9498.42;Lancamento Contabil - 5.03.001 - Ref 11/2024
DOC-102255;2024-11-21;202411;5.03.001;CC3001;6842.16;Lancamento Contabil - 5.03.001 - Ref 11/2024
DOC-102256;2024-11-25;202411;5.03.001;CC3001;13973.24;Lancamento Contabil - 5.03.001 - Ref 11/2024
DOC-102257;2024-11-30;202411;5.03.001;CC3001;16976.91;Lancamento Contabil - 5.03.001 - Ref 11/2024
DOC-102258;2024-11-08;202411;6.01.001;CC3001;407.87;Lancamento Contabil - 6.01.001 - Ref 11/2024
DOC-102259;2024-11-10;202411;6.01.001;CC3001;17037.91;Lancamento Contabil - 6.01.001 - Ref 11/2024
DOC-102260;2024-11-13;202411;6.01.001;CC3001;116446.3;Lancamento Contabil - 6.01.001 - Ref 11/2024
DOC-102261;2024-11-16;202411;6.01.001;CC3001;102393.22;Lancamento Contabil - 6.01.001 - Ref 11/2024
DOC-102262;2024-11-18;202411;6.01.001;CC3001;315526.4;Lancamento Contabil - 6.01.001 - Ref 11/2024
DOC-102263;2024-11-21;202411;6.01.001;CC3001;133516.96;Lancamento Contabil - 6.01.001 - Ref 11/2024
DOC-102264;2024-11-22;202411;6.01.001;CC3001;280876.45;Lancamento Contabil - 6.01.001 - Ref 11/2024
DOC-102265;2024-11-25;202411;6.01.001;CC3001;113092.52;Lancamento Contabil - 6.01.001 - Ref 11/2024
DOC-102266;2024-11-27;202411;6.01.001;CC3001;33009.29;Lancamento Contabil - 6.01.001 - Ref 11/2024
DOC-102267;2024-11-29;202411;6.01.001;CC3001;10385.06;Lancamento Contabil - 6.01.001 - Ref 11/2024
DOC-102268;2024-11-30;202411;6.01.001;CC3001;142005.14;Lancamento Contabil - 6.01.001 - Ref 11/2024
DOC-102269;2024-12-02;202412;1.01.001;CC4001;1166621.37;Lancamento Contabil - 1.01.001 - Ref 12/2024
DOC-102270;2024-12-03;202412;1.01.001;CC4001;8211692.37;Lancamento Contabil - 1.01.001 - Ref 12/2024
DOC-102271;2024-12-06;202412;1.01.001;CC4001;1813706.09;Lancamento Contabil - 1.01.001 - Ref 12/2024
DOC-102272;2024-12-07;202412;1.01.001;CC4001;1481696.97;Lancamento Contabil - 1.01.001 - Ref 12/2024
DOC-102273;2024-12-11;202412;1.01.001;CC4001;1599352.87;Lancamento Contabil - 1.01.001 - Ref 12/2024
DOC-102274;2024-12-14;202412;1.01.001;CC4001;612389.79;Lancamento Contabil - 1.01.001 - Ref 12/2024
DOC-102275;2024-12-15;202412;1.01.001;CC4001;1202217.25;Lancamento Contabil - 1.01.001 - Ref 12/2024
DOC-102276;2024-12-16;202412;1.01.001;CC4001;1206800.54;Lancamento Contabil - 1.01.001 - Ref 12/2024
DOC-102277;2024-12-20;202412;1.01.001;CC4001;140547.15;Lancamento Contabil - 1.01.001 - Ref 12/2024
DOC-102278;2024-12-23;202412;1.01.001;CC4001;3813647.75;Lancamento Contabil - 1.01.001 - Ref 12/2024
DOC-102279;2024-12-27;202412;1.01.001;CC4001;1407993.62;Lancamento Contabil - 1.01.001 - Ref 12/2024
DOC-102280;2024-12-11;202412;1.01.002;CC4001;590733.28;Lancamento Contabil - 1.01.002 - Ref 12/2024
DOC-102281;2024-12-12;202412;1.01.002;CC4001;649725.05;Lancamento Contabil - 1.01.002 - Ref 12/2024
DOC-102282;2024-12-23;202412;1.01.002;CC4001;81495.88;Lancamento Contabil - 1.01.002 - Ref 12/2024
DOC-102283;2024-12-24;202412;1.01.002;CC4001;366366.34;Lancamento Contabil - 1.01.002 - Ref 12/2024
DOC-102284;2024-12-28;202412;1.01.002;CC4001;218642.88;Lancamento Contabil - 1.01.002 - Ref 12/2024
DOC-102285;2024-12-31;202412;1.01.002;CC4001;725706.3;Lancamento Contabil - 1.01.002 - Ref 12/2024
DOC-102286;2024-12-04;202412;1.02.001;CC1004;93486.29;Lancamento Contabil - 1.02.001 - Ref 12/2024
DOC-102287;2024-12-05;202412;1.02.001;CC1004;34961.18;Lancamento Contabil - 1.02.001 - Ref 12/2024
DOC-102288;2024-12-08;202412;1.02.001;CC1004;14672.15;Lancamento Contabil - 1.02.001 - Ref 12/2024
DOC-102289;2024-12-11;202412;1.02.001;CC1004;105339.31;Lancamento Contabil - 1.02.001 - Ref 12/2024
DOC-102290;2024-12-12;202412;1.02.001;CC1004;134026.23;Lancamento Contabil - 1.02.001 - Ref 12/2024
DOC-102291;2024-12-15;202412;1.02.001;CC1004;37884.81;Lancamento Contabil - 1.02.001 - Ref 12/2024
DOC-102292;2024-12-17;202412;1.02.001;CC1004;103406.17;Lancamento Contabil - 1.02.001 - Ref 12/2024
DOC-102293;2024-12-18;202412;1.02.001;CC1004;50220.69;Lancamento Contabil - 1.02.001 - Ref 12/2024
DOC-102294;2024-12-25;202412;1.02.001;CC1004;124766.17;Lancamento Contabil - 1.02.001 - Ref 12/2024
DOC-102295;2024-12-26;202412;1.02.001;CC1004;22192.61;Lancamento Contabil - 1.02.001 - Ref 12/2024
DOC-102296;2024-12-02;202412;2.01.001;CC3001;981004.14;Lancamento Contabil - 2.01.001 - Ref 12/2024
DOC-102297;2024-12-04;202412;2.01.001;CC3001;150464.9;Lancamento Contabil - 2.01.001 - Ref 12/2024
DOC-102298;2024-12-05;202412;2.01.001;CC3001;203608.0;Lancamento Contabil - 2.01.001 - Ref 12/2024
DOC-102299;2024-12-08;202412;2.01.001;CC3001;26575.2;Lancamento Contabil - 2.01.001 - Ref 12/2024
DOC-102300;2024-12-10;202412;2.01.001;CC3001;52501.7;Lancamento Contabil - 2.01.001 - Ref 12/2024
DOC-102301;2024-12-13;202412;2.01.001;CC3001;322105.59;Lancamento Contabil - 2.01.001 - Ref 12/2024
DOC-102302;2024-12-15;202412;2.01.001;CC3001;138284.66;Lancamento Contabil - 2.01.001 - Ref 12/2024
DOC-102303;2024-12-20;202412;2.01.001;CC3001;801383.79;Lancamento Contabil - 2.01.001 - Ref 12/2024
DOC-102304;2024-12-06;202412;2.02.001;CC4001;11337.15;Lancamento Contabil - 2.02.001 - Ref 12/2024
DOC-102305;2024-12-07;202412;2.02.001;CC4001;8649.26;Lancamento Contabil - 2.02.001 - Ref 12/2024
DOC-102306;2024-12-08;202412;2.02.001;CC4001;12640.25;Lancamento Contabil - 2.02.001 - Ref 12/2024
DOC-102307;2024-12-11;202412;2.02.001;CC4001;15097.67;Lancamento Contabil - 2.02.001 - Ref 12/2024
DOC-102308;2024-12-19;202412;2.02.001;CC4001;166.53;Lancamento Contabil - 2.02.001 - Ref 12/2024
DOC-102309;2024-12-24;202412;2.02.001;CC4001;10415.81;Lancamento Contabil - 2.02.001 - Ref 12/2024
DOC-102310;2024-12-26;202412;2.02.001;CC4001;55275.41;Lancamento Contabil - 2.02.001 - Ref 12/2024
DOC-102311;2024-12-27;202412;2.02.001;CC4001;12221.74;Lancamento Contabil - 2.02.001 - Ref 12/2024
DOC-102312;2024-12-28;202412;2.02.001;CC4001;18897.82;Lancamento Contabil - 2.02.001 - Ref 12/2024
DOC-102313;2024-12-29;202412;2.02.001;CC4001;6240.96;Lancamento Contabil - 2.02.001 - Ref 12/2024
DOC-102314;2024-12-10;202412;3.01.001;CC1001;818765.48;Lancamento Contabil - 3.01.001 - Ref 12/2024
DOC-102315;2024-12-15;202412;3.01.001;CC1001;816165.41;Lancamento Contabil - 3.01.001 - Ref 12/2024
DOC-102316;2024-12-16;202412;3.01.001;CC1001;405573.97;Lancamento Contabil - 3.01.001 - Ref 12/2024
DOC-102317;2024-12-17;202412;3.01.001;CC1001;2053697.7;Lancamento Contabil - 3.01.001 - Ref 12/2024
DOC-102318;2024-12-28;202412;3.01.001;CC1001;73861.77;Lancamento Contabil - 3.01.001 - Ref 12/2024
DOC-102319;2024-12-31;202412;3.01.001;CC1001;9410.48;Lancamento Contabil - 3.01.001 - Ref 12/2024
DOC-102320;2024-12-03;202412;3.02.001;CC1002;55904.8;Lancamento Contabil - 3.02.001 - Ref 12/2024
DOC-102321;2024-12-13;202412;3.02.001;CC1002;134744.56;Lancamento Contabil - 3.02.001 - Ref 12/2024
DOC-102322;2024-12-17;202412;3.02.001;CC1002;7730.02;Lancamento Contabil - 3.02.001 - Ref 12/2024
DOC-102323;2024-12-31;202412;3.02.001;CC1002;151543.27;Lancamento Contabil - 3.02.001 - Ref 12/2024
DOC-102324;2024-12-02;202412;3.02.001;CC1003;41837.25;Lancamento Contabil - 3.02.001 - Ref 12/2024
DOC-102325;2024-12-07;202412;3.02.001;CC1003;20580.58;Lancamento Contabil - 3.02.001 - Ref 12/2024
DOC-102326;2024-12-08;202412;3.02.001;CC1003;12066.88;Lancamento Contabil - 3.02.001 - Ref 12/2024
DOC-102327;2024-12-10;202412;3.02.001;CC1003;13108.77;Lancamento Contabil - 3.02.001 - Ref 12/2024
DOC-102328;2024-12-12;202412;3.02.001;CC1003;38.2;Lancamento Contabil - 3.02.001 - Ref 12/2024
DOC-102329;2024-12-16;202412;3.02.001;CC1003;10051.28;Lancamento Contabil - 3.02.001 - Ref 12/2024
DOC-102330;2024-12-19;202412;3.02.001;CC1003;29324.25;Lancamento Contabil - 3.02.001 - Ref 12/2024
DOC-102331;2024-12-20;202412;3.02.001;CC1003;103143.18;Lancamento Contabil - 3.02.001 - Ref 12/2024
DOC-102332;2024-12-21;202412;3.02.001;CC1003;52957.27;Lancamento Contabil - 3.02.001 - Ref 12/2024
DOC-102333;2024-12-26;202412;3.02.001;CC1003;673.43;Lancamento Contabil - 3.02.001 - Ref 12/2024
DOC-102334;2024-12-31;202412;3.02.001;CC1003;64536.84;Lancamento Contabil - 3.02.001 - Ref 12/2024
DOC-102335;2024-12-01;202412;3.03.001;CC1002;7715.29;Lancamento Contabil - 3.03.001 - Ref 12/2024
DOC-102336;2024-12-04;202412;3.03.001;CC1002;6392.94;Lancamento Contabil - 3.03.001 - Ref 12/2024
DOC-102337;2024-12-05;202412;3.03.001;CC1002;4545.53;Lancamento Contabil - 3.03.001 - Ref 12/2024
DOC-102338;2024-12-09;202412;3.03.001;CC1002;855.98;Lancamento Contabil - 3.03.001 - Ref 12/2024
DOC-102339;2024-12-10;202412;3.03.001;CC1002;3263.52;Lancamento Contabil - 3.03.001 - Ref 12/2024
DOC-102340;2024-12-12;202412;3.03.001;CC1002;3566.95;Lancamento Contabil - 3.03.001 - Ref 12/2024
DOC-102341;2024-12-13;202412;3.03.001;CC1002;8336.51;Lancamento Contabil - 3.03.001 - Ref 12/2024
DOC-102342;2024-12-14;202412;3.03.001;CC1002;17334.71;Lancamento Contabil - 3.03.001 - Ref 12/2024
DOC-102343;2024-12-18;202412;3.03.001;CC1002;8088.29;Lancamento Contabil - 3.03.001 - Ref 12/2024
DOC-102344;2024-12-23;202412;3.03.001;CC1002;750.58;Lancamento Contabil - 3.03.001 - Ref 12/2024
DOC-102345;2024-12-28;202412;3.03.001;CC1002;39869.95;Lancamento Contabil - 3.03.001 - Ref 12/2024
DOC-102346;2024-12-02;202412;3.03.001;CC1003;29013.52;Lancamento Contabil - 3.03.001 - Ref 12/2024
DOC-102347;2024-12-13;202412;3.03.001;CC1003;15603.03;Lancamento Contabil - 3.03.001 - Ref 12/2024
DOC-102348;2024-12-18;202412;3.03.001;CC1003;48164.93;Lancamento Contabil - 3.03.001 - Ref 12/2024
DOC-102349;2024-12-19;202412;3.03.001;CC1003;7977.24;Lancamento Contabil - 3.03.001 - Ref 12/2024
DOC-102350;2024-12-03;202412;3.03.001;CC1005;3521.36;Lancamento Contabil - 3.03.001 - Ref 12/2024
DOC-102351;2024-12-10;202412;3.03.001;CC1005;2451.91;Lancamento Contabil - 3.03.001 - Ref 12/2024
DOC-102352;2024-12-12;202412;3.03.001;CC1005;15736.04;Lancamento Contabil - 3.03.001 - Ref 12/2024
DOC-102353;2024-12-13;202412;3.03.001;CC1005;24560.87;Lancamento Contabil - 3.03.001 - Ref 12/2024
DOC-102354;2024-12-15;202412;3.03.001;CC1005;13950.73;Lancamento Contabil - 3.03.001 - Ref 12/2024
DOC-102355;2024-12-17;202412;3.03.001;CC1005;2568.16;Lancamento Contabil - 3.03.001 - Ref 12/2024
DOC-102356;2024-12-18;202412;3.03.001;CC1005;26927.99;Lancamento Contabil - 3.03.001 - Ref 12/2024
DOC-102357;2024-12-04;202412;3.04.001;CC1004;18478.22;Lancamento Contabil - 3.04.001 - Ref 12/2024
DOC-102358;2024-12-05;202412;3.04.001;CC1004;8984.11;Lancamento Contabil - 3.04.001 - Ref 12/2024
DOC-102359;2024-12-09;202412;3.04.001;CC1004;20504.03;Lancamento Contabil - 3.04.001 - Ref 12/2024
DOC-102360;2024-12-11;202412;3.04.001;CC1004;5503.85;Lancamento Contabil - 3.04.001 - Ref 12/2024
DOC-102361;2024-12-12;202412;3.04.001;CC1004;7742.81;Lancamento Contabil - 3.04.001 - Ref 12/2024
DOC-102362;2024-12-13;202412;3.04.001;CC1004;45621.23;Lancamento Contabil - 3.04.001 - Ref 12/2024
DOC-102363;2024-12-18;202412;3.04.001;CC1004;6275.99;Lancamento Contabil - 3.04.001 - Ref 12/2024
DOC-102364;2024-12-20;202412;3.04.001;CC1004;11609.38;Lancamento Contabil - 3.04.001 - Ref 12/2024
DOC-102365;2024-12-22;202412;3.04.001;CC1004;40387.11;Lancamento Contabil - 3.04.001 - Ref 12/2024
DOC-102366;2024-12-26;202412;3.04.001;CC1004;22493.43;Lancamento Contabil - 3.04.001 - Ref 12/2024
DOC-102367;2024-12-27;202412;3.04.001;CC1004;1174.4;Lancamento Contabil - 3.04.001 - Ref 12/2024
DOC-102368;2024-12-29;202412;3.04.001;CC1004;2913.99;Lancamento Contabil - 3.04.001 - Ref 12/2024
DOC-102369;2024-12-02;202412;3.05.001;CC1005;50105.05;Lancamento Contabil - 3.05.001 - Ref 12/2024
DOC-102370;2024-12-05;202412;3.05.001;CC1005;11928.03;Lancamento Contabil - 3.05.001 - Ref 12/2024
DOC-102371;2024-12-07;202412;3.05.001;CC1005;4379.22;Lancamento Contabil - 3.05.001 - Ref 12/2024
DOC-102372;2024-12-13;202412;3.05.001;CC1005;10980.12;Lancamento Contabil - 3.05.001 - Ref 12/2024
DOC-102373;2024-12-17;202412;3.05.001;CC1005;17999.58;Lancamento Contabil - 3.05.001 - Ref 12/2024
DOC-102374;2024-12-20;202412;3.05.001;CC1005;1254.04;Lancamento Contabil - 3.05.001 - Ref 12/2024
DOC-102375;2024-12-24;202412;3.05.001;CC1005;5078.87;Lancamento Contabil - 3.05.001 - Ref 12/2024
DOC-102376;2024-12-25;202412;3.05.001;CC1005;26011.25;Lancamento Contabil - 3.05.001 - Ref 12/2024
DOC-102377;2024-12-27;202412;3.05.001;CC1005;9734.19;Lancamento Contabil - 3.05.001 - Ref 12/2024
DOC-102378;2024-12-02;202412;3.06.001;CC1002;109150.28;Lancamento Contabil - 3.06.001 - Ref 12/2024
DOC-102379;2024-12-05;202412;3.06.001;CC1003;106507.22;Lancamento Contabil - 3.06.001 - Ref 12/2024
DOC-102380;2024-12-05;202412;4.01.001;CC2001;18986.5;Lancamento Contabil - 4.01.001 - Ref 12/2024
DOC-102381;2024-12-11;202412;4.01.001;CC2001;7555.53;Lancamento Contabil - 4.01.001 - Ref 12/2024
DOC-102382;2024-12-15;202412;4.01.001;CC2001;1650.6;Lancamento Contabil - 4.01.001 - Ref 12/2024
DOC-102383;2024-12-16;202412;4.01.001;CC2001;59739.91;Lancamento Contabil - 4.01.001 - Ref 12/2024
DOC-102384;2024-12-17;202412;4.01.001;CC2001;127920.58;Lancamento Contabil - 4.01.001 - Ref 12/2024
DOC-102385;2024-12-20;202412;4.01.001;CC2001;50728.03;Lancamento Contabil - 4.01.001 - Ref 12/2024
DOC-102386;2024-12-26;202412;4.01.001;CC2001;61897.53;Lancamento Contabil - 4.01.001 - Ref 12/2024
DOC-102387;2024-12-27;202412;4.01.001;CC2001;8918.92;Lancamento Contabil - 4.01.001 - Ref 12/2024
DOC-102388;2024-12-29;202412;4.01.001;CC2001;104135.22;Lancamento Contabil - 4.01.001 - Ref 12/2024
DOC-102389;2024-12-06;202412;4.02.001;CC3001;7707.51;Lancamento Contabil - 4.02.001 - Ref 12/2024
DOC-102390;2024-12-10;202412;4.02.001;CC3001;14735.2;Lancamento Contabil - 4.02.001 - Ref 12/2024
DOC-102391;2024-12-11;202412;4.02.001;CC3001;23093.38;Lancamento Contabil - 4.02.001 - Ref 12/2024
DOC-102392;2024-12-13;202412;4.02.001;CC3001;1946.58;Lancamento Contabil - 4.02.001 - Ref 12/2024
DOC-102393;2024-12-17;202412;4.02.001;CC3001;24977.34;Lancamento Contabil - 4.02.001 - Ref 12/2024
DOC-102394;2024-12-19;202412;4.02.001;CC3001;101900.89;Lancamento Contabil - 4.02.001 - Ref 12/2024
DOC-102395;2024-12-20;202412;4.02.001;CC3001;5408.44;Lancamento Contabil - 4.02.001 - Ref 12/2024
DOC-102396;2024-12-24;202412;4.02.001;CC3001;40349.81;Lancamento Contabil - 4.02.001 - Ref 12/2024
DOC-102397;2024-12-27;202412;4.02.001;CC3001;61172.21;Lancamento Contabil - 4.02.001 - Ref 12/2024
DOC-102398;2024-12-01;202412;4.02.001;CC3003;49229.96;Lancamento Contabil - 4.02.001 - Ref 12/2024
DOC-102399;2024-12-04;202412;4.02.001;CC3003;55136.39;Lancamento Contabil - 4.02.001 - Ref 12/2024
DOC-102400;2024-12-10;202412;4.02.001;CC3003;12611.08;Lancamento Contabil - 4.02.001 - Ref 12/2024
DOC-102401;2024-12-11;202412;4.02.001;CC3003;64777.9;Lancamento Contabil - 4.02.001 - Ref 12/2024
DOC-102402;2024-12-12;202412;4.02.001;CC3003;24228.73;Lancamento Contabil - 4.02.001 - Ref 12/2024
DOC-102403;2024-12-14;202412;4.02.001;CC3003;3017.45;Lancamento Contabil - 4.02.001 - Ref 12/2024
DOC-102404;2024-12-16;202412;4.02.001;CC3003;11087.65;Lancamento Contabil - 4.02.001 - Ref 12/2024
DOC-102405;2024-12-18;202412;4.02.001;CC3003;21680.08;Lancamento Contabil - 4.02.001 - Ref 12/2024
DOC-102406;2024-12-19;202412;4.02.001;CC3003;4861.96;Lancamento Contabil - 4.02.001 - Ref 12/2024
DOC-102407;2024-12-22;202412;4.02.001;CC3003;17510.77;Lancamento Contabil - 4.02.001 - Ref 12/2024
DOC-102408;2024-12-23;202412;4.02.001;CC3003;18794.99;Lancamento Contabil - 4.02.001 - Ref 12/2024
DOC-102409;2024-12-30;202412;4.02.001;CC3003;3038.45;Lancamento Contabil - 4.02.001 - Ref 12/2024
DOC-102410;2024-12-01;202412;4.03.001;CC3002;31946.37;Lancamento Contabil - 4.03.001 - Ref 12/2024
DOC-102411;2024-12-20;202412;4.03.001;CC3002;563.01;Lancamento Contabil - 4.03.001 - Ref 12/2024
DOC-102412;2024-12-21;202412;4.03.001;CC3002;419.8;Lancamento Contabil - 4.03.001 - Ref 12/2024
DOC-102413;2024-12-23;202412;4.03.001;CC3002;20420.43;Lancamento Contabil - 4.03.001 - Ref 12/2024
DOC-102414;2024-12-24;202412;4.03.001;CC3002;120505.73;Lancamento Contabil - 4.03.001 - Ref 12/2024
DOC-102415;2024-12-26;202412;4.03.001;CC3002;12005.08;Lancamento Contabil - 4.03.001 - Ref 12/2024
DOC-102416;2024-12-28;202412;4.03.001;CC3002;46518.82;Lancamento Contabil - 4.03.001 - Ref 12/2024
DOC-102417;2024-12-29;202412;4.03.001;CC3002;11611.08;Lancamento Contabil - 4.03.001 - Ref 12/2024
DOC-102418;2024-12-02;202412;4.04.001;CC1001;5209.04;Lancamento Contabil - 4.04.001 - Ref 12/2024
DOC-102419;2024-12-08;202412;4.04.001;CC1001;25287.51;Lancamento Contabil - 4.04.001 - Ref 12/2024
DOC-102420;2024-12-09;202412;4.04.001;CC1001;17516.3;Lancamento Contabil - 4.04.001 - Ref 12/2024
DOC-102421;2024-12-16;202412;4.04.001;CC1001;1345.63;Lancamento Contabil - 4.04.001 - Ref 12/2024
DOC-102422;2024-12-19;202412;4.04.001;CC1001;7513.76;Lancamento Contabil - 4.04.001 - Ref 12/2024
DOC-102423;2024-12-21;202412;4.04.001;CC1001;397.32;Lancamento Contabil - 4.04.001 - Ref 12/2024
DOC-102424;2024-12-24;202412;4.04.001;CC1001;8799.45;Lancamento Contabil - 4.04.001 - Ref 12/2024
DOC-102425;2024-12-25;202412;4.04.001;CC1001;14575.31;Lancamento Contabil - 4.04.001 - Ref 12/2024
DOC-102426;2024-12-26;202412;4.04.001;CC1001;1692.86;Lancamento Contabil - 4.04.001 - Ref 12/2024
DOC-102427;2024-12-27;202412;4.04.001;CC1001;4575.56;Lancamento Contabil - 4.04.001 - Ref 12/2024
DOC-102428;2024-12-29;202412;4.04.001;CC1001;6807.57;Lancamento Contabil - 4.04.001 - Ref 12/2024
DOC-102429;2024-12-13;202412;4.04.001;CC3001;12137.64;Lancamento Contabil - 4.04.001 - Ref 12/2024
DOC-102430;2024-12-17;202412;4.04.001;CC3001;21674.34;Lancamento Contabil - 4.04.001 - Ref 12/2024
DOC-102431;2024-12-20;202412;4.04.001;CC3001;26069.56;Lancamento Contabil - 4.04.001 - Ref 12/2024
DOC-102432;2024-12-21;202412;4.04.001;CC3001;7443.2;Lancamento Contabil - 4.04.001 - Ref 12/2024
DOC-102433;2024-12-24;202412;4.04.001;CC3001;3820.73;Lancamento Contabil - 4.04.001 - Ref 12/2024
DOC-102434;2024-12-25;202412;4.04.001;CC3001;13396.31;Lancamento Contabil - 4.04.001 - Ref 12/2024
DOC-102435;2024-12-02;202412;4.05.001;CC4001;16259.54;Lancamento Contabil - 4.05.001 - Ref 12/2024
DOC-102436;2024-12-08;202412;4.05.001;CC4001;46709.92;Lancamento Contabil - 4.05.001 - Ref 12/2024
DOC-102437;2024-12-19;202412;4.05.001;CC4001;24982.33;Lancamento Contabil - 4.05.001 - Ref 12/2024
DOC-102438;2024-12-22;202412;4.05.001;CC4001;60136.82;Lancamento Contabil - 4.05.001 - Ref 12/2024
DOC-102439;2024-12-23;202412;4.05.001;CC4001;15468.76;Lancamento Contabil - 4.05.001 - Ref 12/2024
DOC-102440;2024-12-27;202412;4.05.001;CC4001;11965.46;Lancamento Contabil - 4.05.001 - Ref 12/2024
DOC-102441;2024-12-01;202412;4.06.001;CC3001;986.22;Lancamento Contabil - 4.06.001 - Ref 12/2024
DOC-102442;2024-12-07;202412;4.06.001;CC3001;911.1;Lancamento Contabil - 4.06.001 - Ref 12/2024
DOC-102443;2024-12-11;202412;4.06.001;CC3001;4784.58;Lancamento Contabil - 4.06.001 - Ref 12/2024
DOC-102444;2024-12-14;202412;4.06.001;CC3001;50063.11;Lancamento Contabil - 4.06.001 - Ref 12/2024
DOC-102445;2024-12-15;202412;4.06.001;CC3001;8244.65;Lancamento Contabil - 4.06.001 - Ref 12/2024
DOC-102446;2024-12-07;202412;4.06.001;CC1005;28788.78;Lancamento Contabil - 4.06.001 - Ref 12/2024
DOC-102447;2024-12-14;202412;4.06.001;CC1005;8348.1;Lancamento Contabil - 4.06.001 - Ref 12/2024
DOC-102448;2024-12-17;202412;4.06.001;CC1005;5497.16;Lancamento Contabil - 4.06.001 - Ref 12/2024
DOC-102449;2024-12-23;202412;4.06.001;CC1005;8313.05;Lancamento Contabil - 4.06.001 - Ref 12/2024
DOC-102450;2024-12-25;202412;4.06.001;CC1005;6966.07;Lancamento Contabil - 4.06.001 - Ref 12/2024
DOC-102451;2024-12-31;202412;4.06.001;CC1005;13623.66;Lancamento Contabil - 4.06.001 - Ref 12/2024
DOC-102452;2024-12-02;202412;5.01.001;CC3001;77897.42;Lancamento Contabil - 5.01.001 - Ref 12/2024
DOC-102453;2024-12-05;202412;5.01.001;CC3001;101561.31;Lancamento Contabil - 5.01.001 - Ref 12/2024
DOC-102454;2024-12-07;202412;5.01.001;CC3001;77397.81;Lancamento Contabil - 5.01.001 - Ref 12/2024
DOC-102455;2024-12-11;202412;5.01.001;CC3001;18866.3;Lancamento Contabil - 5.01.001 - Ref 12/2024
DOC-102456;2024-12-17;202412;5.01.001;CC3001;52590.35;Lancamento Contabil - 5.01.001 - Ref 12/2024
DOC-102457;2024-12-18;202412;5.01.001;CC3001;22444.35;Lancamento Contabil - 5.01.001 - Ref 12/2024
DOC-102458;2024-12-23;202412;5.01.001;CC3001;23878.45;Lancamento Contabil - 5.01.001 - Ref 12/2024
DOC-102459;2024-12-24;202412;5.01.001;CC3001;7945.53;Lancamento Contabil - 5.01.001 - Ref 12/2024
DOC-102460;2024-12-28;202412;5.01.001;CC3001;31029.77;Lancamento Contabil - 5.01.001 - Ref 12/2024
DOC-102461;2024-12-29;202412;5.01.001;CC3001;7145.85;Lancamento Contabil - 5.01.001 - Ref 12/2024
DOC-102462;2024-12-31;202412;5.01.001;CC3001;13975.69;Lancamento Contabil - 5.01.001 - Ref 12/2024
DOC-102463;2024-12-06;202412;5.02.001;CC3001;60376.6;Lancamento Contabil - 5.02.001 - Ref 12/2024
DOC-102464;2024-12-11;202412;5.02.001;CC3001;7253.95;Lancamento Contabil - 5.02.001 - Ref 12/2024
DOC-102465;2024-12-12;202412;5.02.001;CC3001;2307.76;Lancamento Contabil - 5.02.001 - Ref 12/2024
DOC-102466;2024-12-13;202412;5.02.001;CC3001;2235.46;Lancamento Contabil - 5.02.001 - Ref 12/2024
DOC-102467;2024-12-15;202412;5.02.001;CC3001;88367.96;Lancamento Contabil - 5.02.001 - Ref 12/2024
DOC-102468;2024-12-17;202412;5.02.001;CC3001;22105.8;Lancamento Contabil - 5.02.001 - Ref 12/2024
DOC-102469;2024-12-18;202412;5.02.001;CC3001;16464.4;Lancamento Contabil - 5.02.001 - Ref 12/2024
DOC-102470;2024-12-21;202412;5.02.001;CC3001;52064.83;Lancamento Contabil - 5.02.001 - Ref 12/2024
DOC-102471;2024-12-22;202412;5.02.001;CC3001;56487.39;Lancamento Contabil - 5.02.001 - Ref 12/2024
DOC-102472;2024-12-26;202412;5.02.001;CC3001;12622.65;Lancamento Contabil - 5.02.001 - Ref 12/2024
DOC-102473;2024-12-29;202412;5.02.001;CC3001;36982.06;Lancamento Contabil - 5.02.001 - Ref 12/2024
DOC-102474;2024-12-07;202412;5.03.001;CC3001;3464.7;Lancamento Contabil - 5.03.001 - Ref 12/2024
DOC-102475;2024-12-08;202412;5.03.001;CC3001;43973.97;Lancamento Contabil - 5.03.001 - Ref 12/2024
DOC-102476;2024-12-09;202412;5.03.001;CC3001;16324.02;Lancamento Contabil - 5.03.001 - Ref 12/2024
DOC-102477;2024-12-10;202412;5.03.001;CC3001;6995.77;Lancamento Contabil - 5.03.001 - Ref 12/2024
DOC-102478;2024-12-16;202412;5.03.001;CC3001;11671.04;Lancamento Contabil - 5.03.001 - Ref 12/2024
DOC-102479;2024-12-18;202412;5.03.001;CC3001;807.07;Lancamento Contabil - 5.03.001 - Ref 12/2024
DOC-102480;2024-12-20;202412;5.03.001;CC3001;2883.36;Lancamento Contabil - 5.03.001 - Ref 12/2024
DOC-102481;2024-12-28;202412;5.03.001;CC3001;30569.49;Lancamento Contabil - 5.03.001 - Ref 12/2024
DOC-102482;2024-12-07;202412;6.01.001;CC3001;2.68;Lancamento Contabil - 6.01.001 - Ref 12/2024
DOC-102483;2024-12-10;202412;6.01.001;CC3001;123969.79;Lancamento Contabil - 6.01.001 - Ref 12/2024
DOC-102484;2024-12-11;202412;6.01.001;CC3001;170074.22;Lancamento Contabil - 6.01.001 - Ref 12/2024
DOC-102485;2024-12-16;202412;6.01.001;CC3001;12926.43;Lancamento Contabil - 6.01.001 - Ref 12/2024
DOC-102486;2024-12-23;202412;6.01.001;CC3001;831678.75;Lancamento Contabil - 6.01.001 - Ref 12/2024
DOC-102487;2024-12-25;202412;6.01.001;CC3001;58978.63;Lancamento Contabil - 6.01.001 - Ref 12/2024
DOC-102488;2024-12-27;202412;6.01.001;CC3001;83446.13;Lancamento Contabil - 6.01.001 - Ref 12/2024
DOC-102489;2024-12-29;202412;6.01.001;CC3001;83361.43;Lancamento Contabil - 6.01.001 - Ref 12/2024
DOC-102490;2025-01-04;202501;1.01.001;CC4001;1773882.68;Lancamento Contabil - 1.01.001 - Ref 01/2025
DOC-102491;2025-01-09;202501;1.01.001;CC4001;2471027.05;Lancamento Contabil - 1.01.001 - Ref 01/2025
DOC-102492;2025-01-10;202501;1.01.001;CC4001;719393.04;Lancamento Contabil - 1.01.001 - Ref 01/2025
DOC-102493;2025-01-12;202501;1.01.001;CC4001;472641.19;Lancamento Contabil - 1.01.001 - Ref 01/2025
DOC-102494;2025-01-13;202501;1.01.001;CC4001;515350.22;Lancamento Contabil - 1.01.001 - Ref 01/2025
DOC-102495;2025-01-18;202501;1.01.001;CC4001;1633166.68;Lancamento Contabil - 1.01.001 - Ref 01/2025
DOC-102496;2025-01-19;202501;1.01.001;CC4001;2222686.98;Lancamento Contabil - 1.01.001 - Ref 01/2025
DOC-102497;2025-01-22;202501;1.01.001;CC4001;262496.43;Lancamento Contabil - 1.01.001 - Ref 01/2025
DOC-102498;2025-01-24;202501;1.01.001;CC4001;607096.83;Lancamento Contabil - 1.01.001 - Ref 01/2025
DOC-102499;2025-01-26;202501;1.01.001;CC4001;3041412.68;Lancamento Contabil - 1.01.001 - Ref 01/2025
DOC-102500;2025-01-30;202501;1.01.001;CC4001;2152503.59;Lancamento Contabil - 1.01.001 - Ref 01/2025
DOC-102501;2025-01-02;202501;1.01.002;CC4001;563958.32;Lancamento Contabil - 1.01.002 - Ref 01/2025
DOC-102502;2025-01-03;202501;1.01.002;CC4001;188882.94;Lancamento Contabil - 1.01.002 - Ref 01/2025
DOC-102503;2025-01-05;202501;1.01.002;CC4001;67232.34;Lancamento Contabil - 1.01.002 - Ref 01/2025
DOC-102504;2025-01-10;202501;1.01.002;CC4001;120206.44;Lancamento Contabil - 1.01.002 - Ref 01/2025
DOC-102505;2025-01-12;202501;1.01.002;CC4001;145595.1;Lancamento Contabil - 1.01.002 - Ref 01/2025
DOC-102506;2025-01-23;202501;1.01.002;CC4001;10996.32;Lancamento Contabil - 1.01.002 - Ref 01/2025
DOC-102507;2025-01-25;202501;1.01.002;CC4001;105832.34;Lancamento Contabil - 1.01.002 - Ref 01/2025
DOC-102508;2025-01-26;202501;1.01.002;CC4001;166286.12;Lancamento Contabil - 1.01.002 - Ref 01/2025
DOC-102509;2025-01-27;202501;1.01.002;CC4001;24643.75;Lancamento Contabil - 1.01.002 - Ref 01/2025
DOC-102510;2025-01-28;202501;1.01.002;CC4001;204167.89;Lancamento Contabil - 1.01.002 - Ref 01/2025
DOC-102511;2025-01-07;202501;1.02.001;CC1004;3491.38;Lancamento Contabil - 1.02.001 - Ref 01/2025
DOC-102512;2025-01-09;202501;1.02.001;CC1004;24833.51;Lancamento Contabil - 1.02.001 - Ref 01/2025
DOC-102513;2025-01-15;202501;1.02.001;CC1004;74113.71;Lancamento Contabil - 1.02.001 - Ref 01/2025
DOC-102514;2025-01-16;202501;1.02.001;CC1004;28332.59;Lancamento Contabil - 1.02.001 - Ref 01/2025
DOC-102515;2025-01-18;202501;1.02.001;CC1004;100939.53;Lancamento Contabil - 1.02.001 - Ref 01/2025
DOC-102516;2025-01-21;202501;1.02.001;CC1004;114610.19;Lancamento Contabil - 1.02.001 - Ref 01/2025
DOC-102517;2025-01-24;202501;1.02.001;CC1004;8711.46;Lancamento Contabil - 1.02.001 - Ref 01/2025
DOC-102518;2025-01-25;202501;1.02.001;CC1004;58090.96;Lancamento Contabil - 1.02.001 - Ref 01/2025
DOC-102519;2025-01-30;202501;1.02.001;CC1004;57272.73;Lancamento Contabil - 1.02.001 - Ref 01/2025
DOC-102520;2025-01-04;202501;2.01.001;CC3001;118745.09;Lancamento Contabil - 2.01.001 - Ref 01/2025
DOC-102521;2025-01-05;202501;2.01.001;CC3001;696129.7;Lancamento Contabil - 2.01.001 - Ref 01/2025
DOC-102522;2025-01-09;202501;2.01.001;CC3001;452776.08;Lancamento Contabil - 2.01.001 - Ref 01/2025
DOC-102523;2025-01-18;202501;2.01.001;CC3001;307806.67;Lancamento Contabil - 2.01.001 - Ref 01/2025
DOC-102524;2025-01-20;202501;2.01.001;CC3001;322799.4;Lancamento Contabil - 2.01.001 - Ref 01/2025
DOC-102525;2025-01-23;202501;2.01.001;CC3001;159574.61;Lancamento Contabil - 2.01.001 - Ref 01/2025
DOC-102526;2025-01-24;202501;2.01.001;CC3001;653952.98;Lancamento Contabil - 2.01.001 - Ref 01/2025
DOC-102527;2025-01-30;202501;2.01.001;CC3001;305592.03;Lancamento Contabil - 2.01.001 - Ref 01/2025
DOC-102528;2025-01-02;202501;2.02.001;CC4001;6077.77;Lancamento Contabil - 2.02.001 - Ref 01/2025
DOC-102529;2025-01-08;202501;2.02.001;CC4001;31222.1;Lancamento Contabil - 2.02.001 - Ref 01/2025
DOC-102530;2025-01-17;202501;2.02.001;CC4001;4121.6;Lancamento Contabil - 2.02.001 - Ref 01/2025
DOC-102531;2025-01-21;202501;2.02.001;CC4001;8038.62;Lancamento Contabil - 2.02.001 - Ref 01/2025
DOC-102532;2025-01-22;202501;2.02.001;CC4001;7758.63;Lancamento Contabil - 2.02.001 - Ref 01/2025
DOC-102533;2025-01-27;202501;2.02.001;CC4001;72880.88;Lancamento Contabil - 2.02.001 - Ref 01/2025
DOC-102534;2025-01-31;202501;2.02.001;CC4001;36843.39;Lancamento Contabil - 2.02.001 - Ref 01/2025
DOC-102535;2025-01-04;202501;3.01.001;CC1001;1226100.15;Lancamento Contabil - 3.01.001 - Ref 01/2025
DOC-102536;2025-01-11;202501;3.01.001;CC1001;1318078.43;Lancamento Contabil - 3.01.001 - Ref 01/2025
DOC-102537;2025-01-14;202501;3.01.001;CC1001;838157.84;Lancamento Contabil - 3.01.001 - Ref 01/2025
DOC-102538;2025-01-23;202501;3.01.001;CC1001;2983511.33;Lancamento Contabil - 3.01.001 - Ref 01/2025
DOC-102539;2025-01-01;202501;3.02.001;CC1002;6569.77;Lancamento Contabil - 3.02.001 - Ref 01/2025
DOC-102540;2025-01-04;202501;3.02.001;CC1002;56949.21;Lancamento Contabil - 3.02.001 - Ref 01/2025
DOC-102541;2025-01-05;202501;3.02.001;CC1002;48945.76;Lancamento Contabil - 3.02.001 - Ref 01/2025
DOC-102542;2025-01-06;202501;3.02.001;CC1002;17906.57;Lancamento Contabil - 3.02.001 - Ref 01/2025
DOC-102543;2025-01-14;202501;3.02.001;CC1002;941.91;Lancamento Contabil - 3.02.001 - Ref 01/2025
DOC-102544;2025-01-16;202501;3.02.001;CC1002;67417.87;Lancamento Contabil - 3.02.001 - Ref 01/2025
DOC-102545;2025-01-18;202501;3.02.001;CC1002;423.91;Lancamento Contabil - 3.02.001 - Ref 01/2025
DOC-102546;2025-01-21;202501;3.02.001;CC1002;44901.91;Lancamento Contabil - 3.02.001 - Ref 01/2025
DOC-102547;2025-01-22;202501;3.02.001;CC1002;129759.9;Lancamento Contabil - 3.02.001 - Ref 01/2025
DOC-102548;2025-01-25;202501;3.02.001;CC1002;21249.76;Lancamento Contabil - 3.02.001 - Ref 01/2025
DOC-102549;2025-01-30;202501;3.02.001;CC1002;9887.3;Lancamento Contabil - 3.02.001 - Ref 01/2025
DOC-102550;2025-01-02;202501;3.02.001;CC1003;62603.41;Lancamento Contabil - 3.02.001 - Ref 01/2025
DOC-102551;2025-01-10;202501;3.02.001;CC1003;87156.9;Lancamento Contabil - 3.02.001 - Ref 01/2025
DOC-102552;2025-01-11;202501;3.02.001;CC1003;40557.99;Lancamento Contabil - 3.02.001 - Ref 01/2025
DOC-102553;2025-01-21;202501;3.02.001;CC1003;175051.38;Lancamento Contabil - 3.02.001 - Ref 01/2025
DOC-102554;2025-01-25;202501;3.02.001;CC1003;2721.53;Lancamento Contabil - 3.02.001 - Ref 01/2025
DOC-102555;2025-01-30;202501;3.02.001;CC1003;36052.75;Lancamento Contabil - 3.02.001 - Ref 01/2025
DOC-102556;2025-01-31;202501;3.02.001;CC1003;65020.48;Lancamento Contabil - 3.02.001 - Ref 01/2025
DOC-102557;2025-01-08;202501;3.03.001;CC1002;42503.95;Lancamento Contabil - 3.03.001 - Ref 01/2025
DOC-102558;2025-01-18;202501;3.03.001;CC1002;21247.06;Lancamento Contabil - 3.03.001 - Ref 01/2025
DOC-102559;2025-01-19;202501;3.03.001;CC1002;13339.09;Lancamento Contabil - 3.03.001 - Ref 01/2025
DOC-102560;2025-01-21;202501;3.03.001;CC1002;3729.87;Lancamento Contabil - 3.03.001 - Ref 01/2025
DOC-102561;2025-01-24;202501;3.03.001;CC1002;52941.24;Lancamento Contabil - 3.03.001 - Ref 01/2025
DOC-102562;2025-01-06;202501;3.03.001;CC1003;8032.64;Lancamento Contabil - 3.03.001 - Ref 01/2025
DOC-102563;2025-01-14;202501;3.03.001;CC1003;17404.64;Lancamento Contabil - 3.03.001 - Ref 01/2025
DOC-102564;2025-01-29;202501;3.03.001;CC1003;16080.75;Lancamento Contabil - 3.03.001 - Ref 01/2025
DOC-102565;2025-01-30;202501;3.03.001;CC1003;96288.78;Lancamento Contabil - 3.03.001 - Ref 01/2025
DOC-102566;2025-01-02;202501;3.03.001;CC1005;6612.9;Lancamento Contabil - 3.03.001 - Ref 01/2025
DOC-102567;2025-01-13;202501;3.03.001;CC1005;22489.65;Lancamento Contabil - 3.03.001 - Ref 01/2025
DOC-102568;2025-01-26;202501;3.03.001;CC1005;19451.53;Lancamento Contabil - 3.03.001 - Ref 01/2025
DOC-102569;2025-01-27;202501;3.03.001;CC1005;41028.6;Lancamento Contabil - 3.03.001 - Ref 01/2025
DOC-102570;2025-01-30;202501;3.03.001;CC1005;54255.06;Lancamento Contabil - 3.03.001 - Ref 01/2025
DOC-102571;2025-01-31;202501;3.03.001;CC1005;280.55;Lancamento Contabil - 3.03.001 - Ref 01/2025
DOC-102572;2025-01-01;202501;3.04.001;CC1004;50563.15;Lancamento Contabil - 3.04.001 - Ref 01/2025
DOC-102573;2025-01-02;202501;3.04.001;CC1004;2401.02;Lancamento Contabil - 3.04.001 - Ref 01/2025
DOC-102574;2025-01-04;202501;3.04.001;CC1004;35905.34;Lancamento Contabil - 3.04.001 - Ref 01/2025
DOC-102575;2025-01-06;202501;3.04.001;CC1004;15299.13;Lancamento Contabil - 3.04.001 - Ref 01/2025
DOC-102576;2025-01-10;202501;3.04.001;CC1004;16527.95;Lancamento Contabil - 3.04.001 - Ref 01/2025
DOC-102577;2025-01-19;202501;3.04.001;CC1004;19637.82;Lancamento Contabil - 3.04.001 - Ref 01/2025
DOC-102578;2025-01-20;202501;3.04.001;CC1004;43800.1;Lancamento Contabil - 3.04.001 - Ref 01/2025
DOC-102579;2025-01-24;202501;3.04.001;CC1004;18338.5;Lancamento Contabil - 3.04.001 - Ref 01/2025
DOC-102580;2025-01-27;202501;3.04.001;CC1004;59515.46;Lancamento Contabil - 3.04.001 - Ref 01/2025
DOC-102581;2025-01-28;202501;3.04.001;CC1004;23384.32;Lancamento Contabil - 3.04.001 - Ref 01/2025
DOC-102582;2025-01-30;202501;3.04.001;CC1004;3193.76;Lancamento Contabil - 3.04.001 - Ref 01/2025
DOC-102583;2025-01-05;202501;3.05.001;CC1005;12869.0;Lancamento Contabil - 3.05.001 - Ref 01/2025
DOC-102584;2025-01-10;202501;3.05.001;CC1005;26251.48;Lancamento Contabil - 3.05.001 - Ref 01/2025
DOC-102585;2025-01-15;202501;3.05.001;CC1005;9173.1;Lancamento Contabil - 3.05.001 - Ref 01/2025
DOC-102586;2025-01-16;202501;3.05.001;CC1005;1322.11;Lancamento Contabil - 3.05.001 - Ref 01/2025
DOC-102587;2025-01-17;202501;3.05.001;CC1005;10628.64;Lancamento Contabil - 3.05.001 - Ref 01/2025
DOC-102588;2025-01-18;202501;3.05.001;CC1005;65605.19;Lancamento Contabil - 3.05.001 - Ref 01/2025
DOC-102589;2025-01-21;202501;3.05.001;CC1005;23298.29;Lancamento Contabil - 3.05.001 - Ref 01/2025
DOC-102590;2025-01-27;202501;3.05.001;CC1005;25265.56;Lancamento Contabil - 3.05.001 - Ref 01/2025
DOC-102591;2025-01-30;202501;3.05.001;CC1005;22707.23;Lancamento Contabil - 3.05.001 - Ref 01/2025
DOC-102592;2025-01-09;202501;3.06.001;CC1002;162678.92;Lancamento Contabil - 3.06.001 - Ref 01/2025
DOC-102593;2025-01-07;202501;3.06.001;CC1003;168016.52;Lancamento Contabil - 3.06.001 - Ref 01/2025
DOC-102594;2025-01-06;202501;4.01.001;CC2001;37645.37;Lancamento Contabil - 4.01.001 - Ref 01/2025
DOC-102595;2025-01-11;202501;4.01.001;CC2001;37400.03;Lancamento Contabil - 4.01.001 - Ref 01/2025
DOC-102596;2025-01-15;202501;4.01.001;CC2001;65416.39;Lancamento Contabil - 4.01.001 - Ref 01/2025
DOC-102597;2025-01-21;202501;4.01.001;CC2001;454556.63;Lancamento Contabil - 4.01.001 - Ref 01/2025
DOC-102598;2025-01-24;202501;4.01.001;CC2001;8082.27;Lancamento Contabil - 4.01.001 - Ref 01/2025
DOC-102599;2025-01-01;202501;4.02.001;CC3001;116769.72;Lancamento Contabil - 4.02.001 - Ref 01/2025
DOC-102600;2025-01-06;202501;4.02.001;CC3001;3978.58;Lancamento Contabil - 4.02.001 - Ref 01/2025
DOC-102601;2025-01-10;202501;4.02.001;CC3001;17099.92;Lancamento Contabil - 4.02.001 - Ref 01/2025
DOC-102602;2025-01-11;202501;4.02.001;CC3001;44300.11;Lancamento Contabil - 4.02.001 - Ref 01/2025
DOC-102603;2025-01-19;202501;4.02.001;CC3001;40339.78;Lancamento Contabil - 4.02.001 - Ref 01/2025
DOC-102604;2025-01-23;202501;4.02.001;CC3001;18178.41;Lancamento Contabil - 4.02.001 - Ref 01/2025
DOC-102605;2025-01-24;202501;4.02.001;CC3001;14076.08;Lancamento Contabil - 4.02.001 - Ref 01/2025
DOC-102606;2025-01-26;202501;4.02.001;CC3001;16769.36;Lancamento Contabil - 4.02.001 - Ref 01/2025
DOC-102607;2025-01-06;202501;4.02.001;CC3003;14240.26;Lancamento Contabil - 4.02.001 - Ref 01/2025
DOC-102608;2025-01-13;202501;4.02.001;CC3003;10664.26;Lancamento Contabil - 4.02.001 - Ref 01/2025
DOC-102609;2025-01-14;202501;4.02.001;CC3003;30614.38;Lancamento Contabil - 4.02.001 - Ref 01/2025
DOC-102610;2025-01-17;202501;4.02.001;CC3003;14509.55;Lancamento Contabil - 4.02.001 - Ref 01/2025
DOC-102611;2025-01-20;202501;4.02.001;CC3003;15726.04;Lancamento Contabil - 4.02.001 - Ref 01/2025
DOC-102612;2025-01-21;202501;4.02.001;CC3003;49616.43;Lancamento Contabil - 4.02.001 - Ref 01/2025
DOC-102613;2025-01-28;202501;4.02.001;CC3003;160496.3;Lancamento Contabil - 4.02.001 - Ref 01/2025
DOC-102614;2025-01-03;202501;4.03.001;CC3002;2601.62;Lancamento Contabil - 4.03.001 - Ref 01/2025
DOC-102615;2025-01-04;202501;4.03.001;CC3002;100122.44;Lancamento Contabil - 4.03.001 - Ref 01/2025
DOC-102616;2025-01-05;202501;4.03.001;CC3002;11679.0;Lancamento Contabil - 4.03.001 - Ref 01/2025
DOC-102617;2025-01-06;202501;4.03.001;CC3002;3197.2;Lancamento Contabil - 4.03.001 - Ref 01/2025
DOC-102618;2025-01-08;202501;4.03.001;CC3002;30252.63;Lancamento Contabil - 4.03.001 - Ref 01/2025
DOC-102619;2025-01-11;202501;4.03.001;CC3002;32348.93;Lancamento Contabil - 4.03.001 - Ref 01/2025
DOC-102620;2025-01-13;202501;4.03.001;CC3002;34610.73;Lancamento Contabil - 4.03.001 - Ref 01/2025
DOC-102621;2025-01-16;202501;4.03.001;CC3002;10300.14;Lancamento Contabil - 4.03.001 - Ref 01/2025
DOC-102622;2025-01-22;202501;4.03.001;CC3002;504.02;Lancamento Contabil - 4.03.001 - Ref 01/2025
DOC-102623;2025-01-08;202501;4.04.001;CC1001;54467.91;Lancamento Contabil - 4.04.001 - Ref 01/2025
DOC-102624;2025-01-09;202501;4.04.001;CC1001;4692.83;Lancamento Contabil - 4.04.001 - Ref 01/2025
DOC-102625;2025-01-13;202501;4.04.001;CC1001;18309.93;Lancamento Contabil - 4.04.001 - Ref 01/2025
DOC-102626;2025-01-15;202501;4.04.001;CC1001;19921.91;Lancamento Contabil - 4.04.001 - Ref 01/2025
DOC-102627;2025-01-01;202501;4.04.001;CC3001;2589.66;Lancamento Contabil - 4.04.001 - Ref 01/2025
DOC-102628;2025-01-09;202501;4.04.001;CC3001;7456.44;Lancamento Contabil - 4.04.001 - Ref 01/2025
DOC-102629;2025-01-10;202501;4.04.001;CC3001;16466.21;Lancamento Contabil - 4.04.001 - Ref 01/2025
DOC-102630;2025-01-11;202501;4.04.001;CC3001;24015.55;Lancamento Contabil - 4.04.001 - Ref 01/2025
DOC-102631;2025-01-19;202501;4.04.001;CC3001;916.78;Lancamento Contabil - 4.04.001 - Ref 01/2025
DOC-102632;2025-01-24;202501;4.04.001;CC3001;1377.62;Lancamento Contabil - 4.04.001 - Ref 01/2025
DOC-102633;2025-01-28;202501;4.04.001;CC3001;23714.06;Lancamento Contabil - 4.04.001 - Ref 01/2025
DOC-102634;2025-01-31;202501;4.04.001;CC3001;10923.55;Lancamento Contabil - 4.04.001 - Ref 01/2025
DOC-102635;2025-01-02;202501;4.05.001;CC4001;62965.29;Lancamento Contabil - 4.05.001 - Ref 01/2025
DOC-102636;2025-01-04;202501;4.05.001;CC4001;6645.38;Lancamento Contabil - 4.05.001 - Ref 01/2025
DOC-102637;2025-01-06;202501;4.05.001;CC4001;25993.63;Lancamento Contabil - 4.05.001 - Ref 01/2025
DOC-102638;2025-01-08;202501;4.05.001;CC4001;35444.94;Lancamento Contabil - 4.05.001 - Ref 01/2025
DOC-102639;2025-01-10;202501;4.05.001;CC4001;33449.49;Lancamento Contabil - 4.05.001 - Ref 01/2025
DOC-102640;2025-01-13;202501;4.05.001;CC4001;15392.76;Lancamento Contabil - 4.05.001 - Ref 01/2025
DOC-102641;2025-01-15;202501;4.05.001;CC4001;455.31;Lancamento Contabil - 4.05.001 - Ref 01/2025
DOC-102642;2025-01-22;202501;4.05.001;CC4001;25663.9;Lancamento Contabil - 4.05.001 - Ref 01/2025
DOC-102643;2025-01-23;202501;4.05.001;CC4001;8564.28;Lancamento Contabil - 4.05.001 - Ref 01/2025
DOC-102644;2025-01-04;202501;4.06.001;CC3001;3124.74;Lancamento Contabil - 4.06.001 - Ref 01/2025
DOC-102645;2025-01-10;202501;4.06.001;CC3001;11237.74;Lancamento Contabil - 4.06.001 - Ref 01/2025
DOC-102646;2025-01-12;202501;4.06.001;CC3001;1282.01;Lancamento Contabil - 4.06.001 - Ref 01/2025
DOC-102647;2025-01-20;202501;4.06.001;CC3001;6849.06;Lancamento Contabil - 4.06.001 - Ref 01/2025
DOC-102648;2025-01-21;202501;4.06.001;CC3001;23149.74;Lancamento Contabil - 4.06.001 - Ref 01/2025
DOC-102649;2025-01-23;202501;4.06.001;CC3001;659.45;Lancamento Contabil - 4.06.001 - Ref 01/2025
DOC-102650;2025-01-25;202501;4.06.001;CC3001;51.27;Lancamento Contabil - 4.06.001 - Ref 01/2025
DOC-102651;2025-01-26;202501;4.06.001;CC3001;3488.05;Lancamento Contabil - 4.06.001 - Ref 01/2025
DOC-102652;2025-01-28;202501;4.06.001;CC3001;596.45;Lancamento Contabil - 4.06.001 - Ref 01/2025
DOC-102653;2025-01-29;202501;4.06.001;CC3001;8467.25;Lancamento Contabil - 4.06.001 - Ref 01/2025
DOC-102654;2025-01-30;202501;4.06.001;CC3001;15094.22;Lancamento Contabil - 4.06.001 - Ref 01/2025
DOC-102655;2025-01-31;202501;4.06.001;CC3001;3492.8;Lancamento Contabil - 4.06.001 - Ref 01/2025
DOC-102656;2025-01-05;202501;4.06.001;CC1005;4455.08;Lancamento Contabil - 4.06.001 - Ref 01/2025
DOC-102657;2025-01-08;202501;4.06.001;CC1005;8480.71;Lancamento Contabil - 4.06.001 - Ref 01/2025
DOC-102658;2025-01-15;202501;4.06.001;CC1005;19128.31;Lancamento Contabil - 4.06.001 - Ref 01/2025
DOC-102659;2025-01-16;202501;4.06.001;CC1005;135.36;Lancamento Contabil - 4.06.001 - Ref 01/2025
DOC-102660;2025-01-20;202501;4.06.001;CC1005;13248.71;Lancamento Contabil - 4.06.001 - Ref 01/2025
DOC-102661;2025-01-24;202501;4.06.001;CC1005;14138.9;Lancamento Contabil - 4.06.001 - Ref 01/2025
DOC-102662;2025-01-30;202501;4.06.001;CC1005;15108.68;Lancamento Contabil - 4.06.001 - Ref 01/2025
DOC-102663;2025-01-07;202501;5.01.001;CC3001;9873.27;Lancamento Contabil - 5.01.001 - Ref 01/2025
DOC-102664;2025-01-08;202501;5.01.001;CC3001;22893.72;Lancamento Contabil - 5.01.001 - Ref 01/2025
DOC-102665;2025-01-14;202501;5.01.001;CC3001;216274.37;Lancamento Contabil - 5.01.001 - Ref 01/2025
DOC-102666;2025-01-16;202501;5.01.001;CC3001;138267.13;Lancamento Contabil - 5.01.001 - Ref 01/2025
DOC-102667;2025-01-18;202501;5.01.001;CC3001;1425.85;Lancamento Contabil - 5.01.001 - Ref 01/2025
DOC-102668;2025-01-22;202501;5.01.001;CC3001;29413.42;Lancamento Contabil - 5.01.001 - Ref 01/2025
DOC-102669;2025-01-23;202501;5.01.001;CC3001;24859.68;Lancamento Contabil - 5.01.001 - Ref 01/2025
DOC-102670;2025-01-25;202501;5.01.001;CC3001;32534.48;Lancamento Contabil - 5.01.001 - Ref 01/2025
DOC-102671;2025-01-29;202501;5.01.001;CC3001;29301.58;Lancamento Contabil - 5.01.001 - Ref 01/2025
DOC-102672;2025-01-03;202501;5.02.001;CC3001;6118.33;Lancamento Contabil - 5.02.001 - Ref 01/2025
DOC-102673;2025-01-12;202501;5.02.001;CC3001;58204.12;Lancamento Contabil - 5.02.001 - Ref 01/2025
DOC-102674;2025-01-15;202501;5.02.001;CC3001;125036.8;Lancamento Contabil - 5.02.001 - Ref 01/2025
DOC-102675;2025-01-17;202501;5.02.001;CC3001;88436.12;Lancamento Contabil - 5.02.001 - Ref 01/2025
DOC-102676;2025-01-23;202501;5.02.001;CC3001;105885.2;Lancamento Contabil - 5.02.001 - Ref 01/2025
DOC-102677;2025-01-02;202501;5.03.001;CC3001;32644.56;Lancamento Contabil - 5.03.001 - Ref 01/2025
DOC-102678;2025-01-17;202501;5.03.001;CC3001;50880.07;Lancamento Contabil - 5.03.001 - Ref 01/2025
DOC-102679;2025-01-18;202501;5.03.001;CC3001;14815.2;Lancamento Contabil - 5.03.001 - Ref 01/2025
DOC-102680;2025-01-27;202501;5.03.001;CC3001;4213.61;Lancamento Contabil - 5.03.001 - Ref 01/2025
DOC-102681;2025-01-29;202501;5.03.001;CC3001;18083.14;Lancamento Contabil - 5.03.001 - Ref 01/2025
DOC-102682;2025-01-05;202501;6.01.001;CC3001;252855.97;Lancamento Contabil - 6.01.001 - Ref 01/2025
DOC-102683;2025-01-06;202501;6.01.001;CC3001;249295.95;Lancamento Contabil - 6.01.001 - Ref 01/2025
DOC-102684;2025-01-11;202501;6.01.001;CC3001;137204.0;Lancamento Contabil - 6.01.001 - Ref 01/2025
DOC-102685;2025-01-15;202501;6.01.001;CC3001;13202.02;Lancamento Contabil - 6.01.001 - Ref 01/2025
DOC-102686;2025-01-17;202501;6.01.001;CC3001;86345.11;Lancamento Contabil - 6.01.001 - Ref 01/2025
DOC-102687;2025-01-18;202501;6.01.001;CC3001;472000.94;Lancamento Contabil - 6.01.001 - Ref 01/2025
DOC-102688;2025-01-19;202501;6.01.001;CC3001;163482.86;Lancamento Contabil - 6.01.001 - Ref 01/2025
DOC-102689;2025-02-07;202502;1.01.001;CC4001;1267648.57;Lancamento Contabil - 1.01.001 - Ref 02/2025
DOC-102690;2025-02-16;202502;1.01.001;CC4001;6225743.48;Lancamento Contabil - 1.01.001 - Ref 02/2025
DOC-102691;2025-02-19;202502;1.01.001;CC4001;3028615.09;Lancamento Contabil - 1.01.001 - Ref 02/2025
DOC-102692;2025-02-22;202502;1.01.001;CC4001;4270621.77;Lancamento Contabil - 1.01.001 - Ref 02/2025
DOC-102693;2025-02-23;202502;1.01.001;CC4001;1670891.51;Lancamento Contabil - 1.01.001 - Ref 02/2025
DOC-102694;2025-02-02;202502;1.01.002;CC4001;570674.41;Lancamento Contabil - 1.01.002 - Ref 02/2025
DOC-102695;2025-02-05;202502;1.01.002;CC4001;163776.08;Lancamento Contabil - 1.01.002 - Ref 02/2025
DOC-102696;2025-02-15;202502;1.01.002;CC4001;701121.26;Lancamento Contabil - 1.01.002 - Ref 02/2025
DOC-102697;2025-02-17;202502;1.01.002;CC4001;320015.89;Lancamento Contabil - 1.01.002 - Ref 02/2025
DOC-102698;2025-02-26;202502;1.01.002;CC4001;335190.07;Lancamento Contabil - 1.01.002 - Ref 02/2025
DOC-102699;2025-02-01;202502;1.02.001;CC1004;4270.44;Lancamento Contabil - 1.02.001 - Ref 02/2025
DOC-102700;2025-02-02;202502;1.02.001;CC1004;112431.84;Lancamento Contabil - 1.02.001 - Ref 02/2025
DOC-102701;2025-02-09;202502;1.02.001;CC1004;22328.31;Lancamento Contabil - 1.02.001 - Ref 02/2025
DOC-102702;2025-02-10;202502;1.02.001;CC1004;37886.66;Lancamento Contabil - 1.02.001 - Ref 02/2025
DOC-102703;2025-02-13;202502;1.02.001;CC1004;1430.46;Lancamento Contabil - 1.02.001 - Ref 02/2025
DOC-102704;2025-02-14;202502;1.02.001;CC1004;23123.57;Lancamento Contabil - 1.02.001 - Ref 02/2025
DOC-102705;2025-02-15;202502;1.02.001;CC1004;45090.38;Lancamento Contabil - 1.02.001 - Ref 02/2025
DOC-102706;2025-02-18;202502;1.02.001;CC1004;3732.59;Lancamento Contabil - 1.02.001 - Ref 02/2025
DOC-102707;2025-02-19;202502;1.02.001;CC1004;43610.13;Lancamento Contabil - 1.02.001 - Ref 02/2025
DOC-102708;2025-02-20;202502;1.02.001;CC1004;169071.12;Lancamento Contabil - 1.02.001 - Ref 02/2025
DOC-102709;2025-02-22;202502;1.02.001;CC1004;7190.14;Lancamento Contabil - 1.02.001 - Ref 02/2025
DOC-102710;2025-02-27;202502;1.02.001;CC1004;93340.7;Lancamento Contabil - 1.02.001 - Ref 02/2025
DOC-102711;2025-02-02;202502;2.01.001;CC3001;633934.81;Lancamento Contabil - 2.01.001 - Ref 02/2025
DOC-102712;2025-02-03;202502;2.01.001;CC3001;1280575.12;Lancamento Contabil - 2.01.001 - Ref 02/2025
DOC-102713;2025-02-12;202502;2.01.001;CC3001;362535.86;Lancamento Contabil - 2.01.001 - Ref 02/2025
DOC-102714;2025-02-14;202502;2.01.001;CC3001;208975.08;Lancamento Contabil - 2.01.001 - Ref 02/2025
DOC-102715;2025-02-19;202502;2.01.001;CC3001;210364.43;Lancamento Contabil - 2.01.001 - Ref 02/2025
DOC-102716;2025-02-23;202502;2.01.001;CC3001;87920.09;Lancamento Contabil - 2.01.001 - Ref 02/2025
DOC-102717;2025-02-27;202502;2.01.001;CC3001;246995.94;Lancamento Contabil - 2.01.001 - Ref 02/2025
DOC-102718;2025-02-02;202502;2.02.001;CC4001;29332.06;Lancamento Contabil - 2.02.001 - Ref 02/2025
DOC-102719;2025-02-03;202502;2.02.001;CC4001;20144.23;Lancamento Contabil - 2.02.001 - Ref 02/2025
DOC-102720;2025-02-05;202502;2.02.001;CC4001;2039.84;Lancamento Contabil - 2.02.001 - Ref 02/2025
DOC-102721;2025-02-06;202502;2.02.001;CC4001;5950.25;Lancamento Contabil - 2.02.001 - Ref 02/2025
DOC-102722;2025-02-10;202502;2.02.001;CC4001;6463.39;Lancamento Contabil - 2.02.001 - Ref 02/2025
DOC-102723;2025-02-12;202502;2.02.001;CC4001;5013.79;Lancamento Contabil - 2.02.001 - Ref 02/2025
DOC-102724;2025-02-13;202502;2.02.001;CC4001;12613.89;Lancamento Contabil - 2.02.001 - Ref 02/2025
DOC-102725;2025-02-14;202502;2.02.001;CC4001;13368.54;Lancamento Contabil - 2.02.001 - Ref 02/2025
DOC-102726;2025-02-15;202502;2.02.001;CC4001;7694.93;Lancamento Contabil - 2.02.001 - Ref 02/2025
DOC-102727;2025-02-16;202502;2.02.001;CC4001;7611.19;Lancamento Contabil - 2.02.001 - Ref 02/2025
DOC-102728;2025-02-23;202502;2.02.001;CC4001;30740.74;Lancamento Contabil - 2.02.001 - Ref 02/2025
DOC-102729;2025-02-28;202502;2.02.001;CC4001;27146.15;Lancamento Contabil - 2.02.001 - Ref 02/2025
DOC-102730;2025-02-03;202502;3.01.001;CC1001;270203.26;Lancamento Contabil - 3.01.001 - Ref 02/2025
DOC-102731;2025-02-04;202502;3.01.001;CC1001;1800220.63;Lancamento Contabil - 3.01.001 - Ref 02/2025
DOC-102732;2025-02-05;202502;3.01.001;CC1001;2242924.03;Lancamento Contabil - 3.01.001 - Ref 02/2025
DOC-102733;2025-02-06;202502;3.01.001;CC1001;290587.91;Lancamento Contabil - 3.01.001 - Ref 02/2025
DOC-102734;2025-02-12;202502;3.01.001;CC1001;321426.82;Lancamento Contabil - 3.01.001 - Ref 02/2025
DOC-102735;2025-02-13;202502;3.01.001;CC1001;517439.32;Lancamento Contabil - 3.01.001 - Ref 02/2025
DOC-102736;2025-02-18;202502;3.01.001;CC1001;2080297.19;Lancamento Contabil - 3.01.001 - Ref 02/2025
DOC-102737;2025-02-21;202502;3.01.001;CC1001;1535141.53;Lancamento Contabil - 3.01.001 - Ref 02/2025
DOC-102738;2025-02-22;202502;3.01.001;CC1001;79485.91;Lancamento Contabil - 3.01.001 - Ref 02/2025
DOC-102739;2025-02-26;202502;3.01.001;CC1001;366355.52;Lancamento Contabil - 3.01.001 - Ref 02/2025
DOC-102740;2025-02-01;202502;3.02.001;CC1002;12158.95;Lancamento Contabil - 3.02.001 - Ref 02/2025
DOC-102741;2025-02-05;202502;3.02.001;CC1002;110456.39;Lancamento Contabil - 3.02.001 - Ref 02/2025
DOC-102742;2025-02-08;202502;3.02.001;CC1002;63751.88;Lancamento Contabil - 3.02.001 - Ref 02/2025
DOC-102743;2025-02-10;202502;3.02.001;CC1002;102664.38;Lancamento Contabil - 3.02.001 - Ref 02/2025
DOC-102744;2025-02-13;202502;3.02.001;CC1002;110435.41;Lancamento Contabil - 3.02.001 - Ref 02/2025
DOC-102745;2025-02-14;202502;3.02.001;CC1002;77847.1;Lancamento Contabil - 3.02.001 - Ref 02/2025
DOC-102746;2025-02-15;202502;3.02.001;CC1002;32634.81;Lancamento Contabil - 3.02.001 - Ref 02/2025
DOC-102747;2025-02-17;202502;3.02.001;CC1002;53206.22;Lancamento Contabil - 3.02.001 - Ref 02/2025
DOC-102748;2025-02-18;202502;3.02.001;CC1002;9861.85;Lancamento Contabil - 3.02.001 - Ref 02/2025
DOC-102749;2025-02-23;202502;3.02.001;CC1002;63179.26;Lancamento Contabil - 3.02.001 - Ref 02/2025
DOC-102750;2025-02-24;202502;3.02.001;CC1002;11145.56;Lancamento Contabil - 3.02.001 - Ref 02/2025
DOC-102751;2025-02-28;202502;3.02.001;CC1002;66803.48;Lancamento Contabil - 3.02.001 - Ref 02/2025
DOC-102752;2025-02-04;202502;3.02.001;CC1003;55883.04;Lancamento Contabil - 3.02.001 - Ref 02/2025
DOC-102753;2025-02-05;202502;3.02.001;CC1003;26791.71;Lancamento Contabil - 3.02.001 - Ref 02/2025
DOC-102754;2025-02-07;202502;3.02.001;CC1003;38705.54;Lancamento Contabil - 3.02.001 - Ref 02/2025
DOC-102755;2025-02-08;202502;3.02.001;CC1003;427.22;Lancamento Contabil - 3.02.001 - Ref 02/2025
DOC-102756;2025-02-09;202502;3.02.001;CC1003;271758.08;Lancamento Contabil - 3.02.001 - Ref 02/2025
DOC-102757;2025-02-12;202502;3.02.001;CC1003;282425.41;Lancamento Contabil - 3.02.001 - Ref 02/2025
DOC-102758;2025-02-15;202502;3.02.001;CC1003;154996.06;Lancamento Contabil - 3.02.001 - Ref 02/2025
DOC-102759;2025-02-14;202502;3.03.001;CC1002;57114.51;Lancamento Contabil - 3.03.001 - Ref 02/2025
DOC-102760;2025-02-20;202502;3.03.001;CC1002;14536.36;Lancamento Contabil - 3.03.001 - Ref 02/2025
DOC-102761;2025-02-22;202502;3.03.001;CC1002;32841.12;Lancamento Contabil - 3.03.001 - Ref 02/2025
DOC-102762;2025-02-26;202502;3.03.001;CC1002;95634.21;Lancamento Contabil - 3.03.001 - Ref 02/2025
DOC-102763;2025-02-03;202502;3.03.001;CC1003;110106.43;Lancamento Contabil - 3.03.001 - Ref 02/2025
DOC-102764;2025-02-04;202502;3.03.001;CC1003;33119.64;Lancamento Contabil - 3.03.001 - Ref 02/2025
DOC-102765;2025-02-07;202502;3.03.001;CC1003;6996.28;Lancamento Contabil - 3.03.001 - Ref 02/2025
DOC-102766;2025-02-08;202502;3.03.001;CC1003;58354.5;Lancamento Contabil - 3.03.001 - Ref 02/2025
DOC-102767;2025-02-15;202502;3.03.001;CC1005;113299.06;Lancamento Contabil - 3.03.001 - Ref 02/2025
DOC-102768;2025-02-20;202502;3.03.001;CC1005;33752.23;Lancamento Contabil - 3.03.001 - Ref 02/2025
DOC-102769;2025-02-22;202502;3.03.001;CC1005;28678.82;Lancamento Contabil - 3.03.001 - Ref 02/2025
DOC-102770;2025-02-23;202502;3.03.001;CC1005;18938.17;Lancamento Contabil - 3.03.001 - Ref 02/2025
DOC-102771;2025-02-02;202502;3.04.001;CC1004;59967.84;Lancamento Contabil - 3.04.001 - Ref 02/2025
DOC-102772;2025-02-08;202502;3.04.001;CC1004;83325.84;Lancamento Contabil - 3.04.001 - Ref 02/2025
DOC-102773;2025-02-13;202502;3.04.001;CC1004;127599.88;Lancamento Contabil - 3.04.001 - Ref 02/2025
DOC-102774;2025-02-24;202502;3.04.001;CC1004;129634.57;Lancamento Contabil - 3.04.001 - Ref 02/2025
DOC-102775;2025-02-02;202502;3.05.001;CC1005;21878.44;Lancamento Contabil - 3.05.001 - Ref 02/2025
DOC-102776;2025-02-05;202502;3.05.001;CC1005;84236.03;Lancamento Contabil - 3.05.001 - Ref 02/2025
DOC-102777;2025-02-07;202502;3.05.001;CC1005;41127.15;Lancamento Contabil - 3.05.001 - Ref 02/2025
DOC-102778;2025-02-08;202502;3.05.001;CC1005;31331.33;Lancamento Contabil - 3.05.001 - Ref 02/2025
DOC-102779;2025-02-10;202502;3.05.001;CC1005;5052.38;Lancamento Contabil - 3.05.001 - Ref 02/2025
DOC-102780;2025-02-11;202502;3.05.001;CC1005;38341.29;Lancamento Contabil - 3.05.001 - Ref 02/2025
DOC-102781;2025-02-17;202502;3.05.001;CC1005;5136.74;Lancamento Contabil - 3.05.001 - Ref 02/2025
DOC-102782;2025-02-18;202502;3.05.001;CC1005;16947.56;Lancamento Contabil - 3.05.001 - Ref 02/2025
DOC-102783;2025-02-19;202502;3.05.001;CC1005;6351.15;Lancamento Contabil - 3.05.001 - Ref 02/2025
DOC-102784;2025-02-25;202502;3.05.001;CC1005;48535.94;Lancamento Contabil - 3.05.001 - Ref 02/2025
DOC-102785;2025-02-28;202502;3.05.001;CC1005;9518.07;Lancamento Contabil - 3.05.001 - Ref 02/2025
DOC-102786;2025-02-19;202502;3.06.001;CC1002;213684.13;Lancamento Contabil - 3.06.001 - Ref 02/2025
DOC-102787;2025-02-20;202502;3.06.001;CC1003;229538.56;Lancamento Contabil - 3.06.001 - Ref 02/2025
DOC-102788;2025-02-05;202502;4.01.001;CC2001;83583.74;Lancamento Contabil - 4.01.001 - Ref 02/2025
DOC-102789;2025-02-08;202502;4.01.001;CC2001;2812.97;Lancamento Contabil - 4.01.001 - Ref 02/2025
DOC-102790;2025-02-09;202502;4.01.001;CC2001;242054.36;Lancamento Contabil - 4.01.001 - Ref 02/2025
DOC-102791;2025-02-10;202502;4.01.001;CC2001;11003.37;Lancamento Contabil - 4.01.001 - Ref 02/2025
DOC-102792;2025-02-14;202502;4.01.001;CC2001;98881.31;Lancamento Contabil - 4.01.001 - Ref 02/2025
DOC-102793;2025-02-17;202502;4.01.001;CC2001;126500.62;Lancamento Contabil - 4.01.001 - Ref 02/2025
DOC-102794;2025-02-22;202502;4.01.001;CC2001;152259.13;Lancamento Contabil - 4.01.001 - Ref 02/2025
DOC-102795;2025-02-27;202502;4.01.001;CC2001;179445.63;Lancamento Contabil - 4.01.001 - Ref 02/2025
DOC-102796;2025-02-28;202502;4.01.001;CC2001;44916.8;Lancamento Contabil - 4.01.001 - Ref 02/2025
DOC-102797;2025-02-06;202502;4.02.001;CC3001;117196.15;Lancamento Contabil - 4.02.001 - Ref 02/2025
DOC-102798;2025-02-18;202502;4.02.001;CC3001;126112.21;Lancamento Contabil - 4.02.001 - Ref 02/2025
DOC-102799;2025-02-19;202502;4.02.001;CC3001;45160.91;Lancamento Contabil - 4.02.001 - Ref 02/2025
DOC-102800;2025-02-24;202502;4.02.001;CC3001;27616.65;Lancamento Contabil - 4.02.001 - Ref 02/2025
DOC-102801;2025-02-02;202502;4.02.001;CC3003;40162.12;Lancamento Contabil - 4.02.001 - Ref 02/2025
DOC-102802;2025-02-11;202502;4.02.001;CC3003;15372.16;Lancamento Contabil - 4.02.001 - Ref 02/2025
DOC-102803;2025-02-12;202502;4.02.001;CC3003;5190.47;Lancamento Contabil - 4.02.001 - Ref 02/2025
DOC-102804;2025-02-13;202502;4.02.001;CC3003;49452.8;Lancamento Contabil - 4.02.001 - Ref 02/2025
DOC-102805;2025-02-14;202502;4.02.001;CC3003;54856.54;Lancamento Contabil - 4.02.001 - Ref 02/2025
DOC-102806;2025-02-16;202502;4.02.001;CC3003;16082.81;Lancamento Contabil - 4.02.001 - Ref 02/2025
DOC-102807;2025-02-17;202502;4.02.001;CC3003;2016.14;Lancamento Contabil - 4.02.001 - Ref 02/2025
DOC-102808;2025-02-18;202502;4.02.001;CC3003;12568.82;Lancamento Contabil - 4.02.001 - Ref 02/2025
DOC-102809;2025-02-21;202502;4.02.001;CC3003;41678.07;Lancamento Contabil - 4.02.001 - Ref 02/2025
DOC-102810;2025-02-22;202502;4.02.001;CC3003;59432.33;Lancamento Contabil - 4.02.001 - Ref 02/2025
DOC-102811;2025-02-05;202502;4.03.001;CC3002;12243.86;Lancamento Contabil - 4.03.001 - Ref 02/2025
DOC-102812;2025-02-06;202502;4.03.001;CC3002;54037.36;Lancamento Contabil - 4.03.001 - Ref 02/2025
DOC-102813;2025-02-08;202502;4.03.001;CC3002;1080.78;Lancamento Contabil - 4.03.001 - Ref 02/2025
DOC-102814;2025-02-10;202502;4.03.001;CC3002;16396.42;Lancamento Contabil - 4.03.001 - Ref 02/2025
DOC-102815;2025-02-13;202502;4.03.001;CC3002;1208.04;Lancamento Contabil - 4.03.001 - Ref 02/2025
DOC-102816;2025-02-16;202502;4.03.001;CC3002;7386.1;Lancamento Contabil - 4.03.001 - Ref 02/2025
DOC-102817;2025-02-18;202502;4.03.001;CC3002;25554.11;Lancamento Contabil - 4.03.001 - Ref 02/2025
DOC-102818;2025-02-22;202502;4.03.001;CC3002;8915.48;Lancamento Contabil - 4.03.001 - Ref 02/2025
DOC-102819;2025-02-27;202502;4.03.001;CC3002;92128.99;Lancamento Contabil - 4.03.001 - Ref 02/2025
DOC-102820;2025-02-28;202502;4.03.001;CC3002;12847.62;Lancamento Contabil - 4.03.001 - Ref 02/2025
DOC-102821;2025-02-02;202502;4.04.001;CC1001;6270.4;Lancamento Contabil - 4.04.001 - Ref 02/2025
DOC-102822;2025-02-05;202502;4.04.001;CC1001;4024.15;Lancamento Contabil - 4.04.001 - Ref 02/2025
DOC-102823;2025-02-07;202502;4.04.001;CC1001;6986.04;Lancamento Contabil - 4.04.001 - Ref 02/2025
DOC-102824;2025-02-08;202502;4.04.001;CC1001;7544.18;Lancamento Contabil - 4.04.001 - Ref 02/2025
DOC-102825;2025-02-09;202502;4.04.001;CC1001;1152.33;Lancamento Contabil - 4.04.001 - Ref 02/2025
DOC-102826;2025-02-13;202502;4.04.001;CC1001;7468.02;Lancamento Contabil - 4.04.001 - Ref 02/2025
DOC-102827;2025-02-14;202502;4.04.001;CC1001;10101.75;Lancamento Contabil - 4.04.001 - Ref 02/2025
DOC-102828;2025-02-17;202502;4.04.001;CC1001;20764.52;Lancamento Contabil - 4.04.001 - Ref 02/2025
DOC-102829;2025-02-18;202502;4.04.001;CC1001;17307.71;Lancamento Contabil - 4.04.001 - Ref 02/2025
DOC-102830;2025-02-26;202502;4.04.001;CC1001;19968.7;Lancamento Contabil - 4.04.001 - Ref 02/2025
DOC-102831;2025-02-27;202502;4.04.001;CC1001;135.95;Lancamento Contabil - 4.04.001 - Ref 02/2025
DOC-102832;2025-02-02;202502;4.04.001;CC3001;7791.36;Lancamento Contabil - 4.04.001 - Ref 02/2025
DOC-102833;2025-02-03;202502;4.04.001;CC3001;62.74;Lancamento Contabil - 4.04.001 - Ref 02/2025
DOC-102834;2025-02-07;202502;4.04.001;CC3001;19220.47;Lancamento Contabil - 4.04.001 - Ref 02/2025
DOC-102835;2025-02-09;202502;4.04.001;CC3001;17451.7;Lancamento Contabil - 4.04.001 - Ref 02/2025
DOC-102836;2025-02-12;202502;4.04.001;CC3001;9361.96;Lancamento Contabil - 4.04.001 - Ref 02/2025
DOC-102837;2025-02-15;202502;4.04.001;CC3001;809.9;Lancamento Contabil - 4.04.001 - Ref 02/2025
DOC-102838;2025-02-18;202502;4.04.001;CC3001;17129.87;Lancamento Contabil - 4.04.001 - Ref 02/2025
DOC-102839;2025-02-21;202502;4.04.001;CC3001;10320.31;Lancamento Contabil - 4.04.001 - Ref 02/2025
DOC-102840;2025-02-27;202502;4.04.001;CC3001;17935.81;Lancamento Contabil - 4.04.001 - Ref 02/2025
DOC-102841;2025-02-02;202502;4.05.001;CC4001;26588.57;Lancamento Contabil - 4.05.001 - Ref 02/2025
DOC-102842;2025-02-03;202502;4.05.001;CC4001;31001.63;Lancamento Contabil - 4.05.001 - Ref 02/2025
DOC-102843;2025-02-07;202502;4.05.001;CC4001;13927.36;Lancamento Contabil - 4.05.001 - Ref 02/2025
DOC-102844;2025-02-16;202502;4.05.001;CC4001;2885.37;Lancamento Contabil - 4.05.001 - Ref 02/2025
DOC-102845;2025-02-18;202502;4.05.001;CC4001;21223.74;Lancamento Contabil - 4.05.001 - Ref 02/2025
DOC-102846;2025-02-19;202502;4.05.001;CC4001;18488.28;Lancamento Contabil - 4.05.001 - Ref 02/2025
DOC-102847;2025-02-20;202502;4.05.001;CC4001;25872.4;Lancamento Contabil - 4.05.001 - Ref 02/2025
DOC-102848;2025-02-22;202502;4.05.001;CC4001;3553.01;Lancamento Contabil - 4.05.001 - Ref 02/2025
DOC-102849;2025-02-23;202502;4.05.001;CC4001;4138.78;Lancamento Contabil - 4.05.001 - Ref 02/2025
DOC-102850;2025-02-27;202502;4.05.001;CC4001;42192.76;Lancamento Contabil - 4.05.001 - Ref 02/2025
DOC-102851;2025-02-01;202502;4.06.001;CC3001;14266.93;Lancamento Contabil - 4.06.001 - Ref 02/2025
DOC-102852;2025-02-04;202502;4.06.001;CC3001;9123.47;Lancamento Contabil - 4.06.001 - Ref 02/2025
DOC-102853;2025-02-07;202502;4.06.001;CC3001;10653.71;Lancamento Contabil - 4.06.001 - Ref 02/2025
DOC-102854;2025-02-10;202502;4.06.001;CC3001;22069.82;Lancamento Contabil - 4.06.001 - Ref 02/2025
DOC-102855;2025-02-11;202502;4.06.001;CC3001;8676.53;Lancamento Contabil - 4.06.001 - Ref 02/2025
DOC-102856;2025-02-24;202502;4.06.001;CC3001;10041.96;Lancamento Contabil - 4.06.001 - Ref 02/2025
DOC-102857;2025-02-28;202502;4.06.001;CC3001;1707.56;Lancamento Contabil - 4.06.001 - Ref 02/2025
DOC-102858;2025-02-07;202502;4.06.001;CC1005;6780.99;Lancamento Contabil - 4.06.001 - Ref 02/2025
DOC-102859;2025-02-08;202502;4.06.001;CC1005;13304.09;Lancamento Contabil - 4.06.001 - Ref 02/2025
DOC-102860;2025-02-10;202502;4.06.001;CC1005;3336.14;Lancamento Contabil - 4.06.001 - Ref 02/2025
DOC-102861;2025-02-11;202502;4.06.001;CC1005;2385.58;Lancamento Contabil - 4.06.001 - Ref 02/2025
DOC-102862;2025-02-13;202502;4.06.001;CC1005;3976.14;Lancamento Contabil - 4.06.001 - Ref 02/2025
DOC-102863;2025-02-18;202502;4.06.001;CC1005;2918.18;Lancamento Contabil - 4.06.001 - Ref 02/2025
DOC-102864;2025-02-20;202502;4.06.001;CC1005;2554.45;Lancamento Contabil - 4.06.001 - Ref 02/2025
DOC-102865;2025-02-23;202502;4.06.001;CC1005;5839.51;Lancamento Contabil - 4.06.001 - Ref 02/2025
DOC-102866;2025-02-25;202502;4.06.001;CC1005;25170.83;Lancamento Contabil - 4.06.001 - Ref 02/2025
DOC-102867;2025-02-27;202502;4.06.001;CC1005;7467.88;Lancamento Contabil - 4.06.001 - Ref 02/2025
DOC-102868;2025-02-28;202502;4.06.001;CC1005;2197.57;Lancamento Contabil - 4.06.001 - Ref 02/2025
DOC-102869;2025-02-04;202502;5.01.001;CC3001;21046.84;Lancamento Contabil - 5.01.001 - Ref 02/2025
DOC-102870;2025-02-09;202502;5.01.001;CC3001;75236.79;Lancamento Contabil - 5.01.001 - Ref 02/2025
DOC-102871;2025-02-10;202502;5.01.001;CC3001;46989.53;Lancamento Contabil - 5.01.001 - Ref 02/2025
DOC-102872;2025-02-12;202502;5.01.001;CC3001;69383.53;Lancamento Contabil - 5.01.001 - Ref 02/2025
DOC-102873;2025-02-15;202502;5.01.001;CC3001;13842.52;Lancamento Contabil - 5.01.001 - Ref 02/2025
DOC-102874;2025-02-16;202502;5.01.001;CC3001;51414.25;Lancamento Contabil - 5.01.001 - Ref 02/2025
DOC-102875;2025-02-17;202502;5.01.001;CC3001;13372.76;Lancamento Contabil - 5.01.001 - Ref 02/2025
DOC-102876;2025-02-18;202502;5.01.001;CC3001;122034.86;Lancamento Contabil - 5.01.001 - Ref 02/2025
DOC-102877;2025-02-21;202502;5.01.001;CC3001;44122.21;Lancamento Contabil - 5.01.001 - Ref 02/2025
DOC-102878;2025-02-26;202502;5.01.001;CC3001;17111.0;Lancamento Contabil - 5.01.001 - Ref 02/2025
DOC-102879;2025-02-27;202502;5.01.001;CC3001;13696.94;Lancamento Contabil - 5.01.001 - Ref 02/2025
DOC-102880;2025-02-01;202502;5.02.001;CC3001;9783.85;Lancamento Contabil - 5.02.001 - Ref 02/2025
DOC-102881;2025-02-02;202502;5.02.001;CC3001;54781.22;Lancamento Contabil - 5.02.001 - Ref 02/2025
DOC-102882;2025-02-05;202502;5.02.001;CC3001;11397.84;Lancamento Contabil - 5.02.001 - Ref 02/2025
DOC-102883;2025-02-07;202502;5.02.001;CC3001;41774.78;Lancamento Contabil - 5.02.001 - Ref 02/2025
DOC-102884;2025-02-08;202502;5.02.001;CC3001;14195.04;Lancamento Contabil - 5.02.001 - Ref 02/2025
DOC-102885;2025-02-11;202502;5.02.001;CC3001;50087.1;Lancamento Contabil - 5.02.001 - Ref 02/2025
DOC-102886;2025-02-12;202502;5.02.001;CC3001;77908.23;Lancamento Contabil - 5.02.001 - Ref 02/2025
DOC-102887;2025-02-14;202502;5.02.001;CC3001;69509.0;Lancamento Contabil - 5.02.001 - Ref 02/2025
DOC-102888;2025-02-19;202502;5.02.001;CC3001;66067.62;Lancamento Contabil - 5.02.001 - Ref 02/2025
DOC-102889;2025-02-05;202502;5.03.001;CC3001;15068.55;Lancamento Contabil - 5.03.001 - Ref 02/2025
DOC-102890;2025-02-07;202502;5.03.001;CC3001;842.11;Lancamento Contabil - 5.03.001 - Ref 02/2025
DOC-102891;2025-02-10;202502;5.03.001;CC3001;7997.61;Lancamento Contabil - 5.03.001 - Ref 02/2025
DOC-102892;2025-02-14;202502;5.03.001;CC3001;911.61;Lancamento Contabil - 5.03.001 - Ref 02/2025
DOC-102893;2025-02-18;202502;5.03.001;CC3001;56243.29;Lancamento Contabil - 5.03.001 - Ref 02/2025
DOC-102894;2025-02-19;202502;5.03.001;CC3001;7422.36;Lancamento Contabil - 5.03.001 - Ref 02/2025
DOC-102895;2025-02-24;202502;5.03.001;CC3001;21686.9;Lancamento Contabil - 5.03.001 - Ref 02/2025
DOC-102896;2025-02-27;202502;5.03.001;CC3001;1058.05;Lancamento Contabil - 5.03.001 - Ref 02/2025
DOC-102897;2025-02-08;202502;6.01.001;CC3001;89454.97;Lancamento Contabil - 6.01.001 - Ref 02/2025
DOC-102898;2025-02-09;202502;6.01.001;CC3001;31750.37;Lancamento Contabil - 6.01.001 - Ref 02/2025
DOC-102899;2025-02-11;202502;6.01.001;CC3001;185720.35;Lancamento Contabil - 6.01.001 - Ref 02/2025
DOC-102900;2025-02-13;202502;6.01.001;CC3001;178259.09;Lancamento Contabil - 6.01.001 - Ref 02/2025
DOC-102901;2025-02-16;202502;6.01.001;CC3001;32022.91;Lancamento Contabil - 6.01.001 - Ref 02/2025
DOC-102902;2025-02-18;202502;6.01.001;CC3001;188182.26;Lancamento Contabil - 6.01.001 - Ref 02/2025
DOC-102903;2025-02-19;202502;6.01.001;CC3001;452638.46;Lancamento Contabil - 6.01.001 - Ref 02/2025
DOC-102904;2025-02-21;202502;6.01.001;CC3001;142045.52;Lancamento Contabil - 6.01.001 - Ref 02/2025
DOC-102905;2025-02-28;202502;6.01.001;CC3001;151661.44;Lancamento Contabil - 6.01.001 - Ref 02/2025
DOC-102906;2025-03-05;202503;1.01.001;CC4001;79468.42;Lancamento Contabil - 1.01.001 - Ref 03/2025
DOC-102907;2025-03-06;202503;1.01.001;CC4001;113830.18;Lancamento Contabil - 1.01.001 - Ref 03/2025
DOC-102908;2025-03-12;202503;1.01.001;CC4001;7767998.98;Lancamento Contabil - 1.01.001 - Ref 03/2025
DOC-102909;2025-03-15;202503;1.01.001;CC4001;451389.13;Lancamento Contabil - 1.01.001 - Ref 03/2025
DOC-102910;2025-03-16;202503;1.01.001;CC4001;1574037.51;Lancamento Contabil - 1.01.001 - Ref 03/2025
DOC-102911;2025-03-21;202503;1.01.001;CC4001;1875677.5;Lancamento Contabil - 1.01.001 - Ref 03/2025
DOC-102912;2025-03-24;202503;1.01.001;CC4001;2228093.43;Lancamento Contabil - 1.01.001 - Ref 03/2025
DOC-102913;2025-03-25;202503;1.01.001;CC4001;6898713.7;Lancamento Contabil - 1.01.001 - Ref 03/2025
DOC-102914;2025-03-28;202503;1.01.001;CC4001;315488.44;Lancamento Contabil - 1.01.001 - Ref 03/2025
DOC-102915;2025-03-30;202503;1.01.001;CC4001;47010.9;Lancamento Contabil - 1.01.001 - Ref 03/2025
DOC-102916;2025-03-31;202503;1.01.001;CC4001;604540.77;Lancamento Contabil - 1.01.001 - Ref 03/2025
DOC-102917;2025-03-01;202503;1.01.002;CC4001;35565.7;Lancamento Contabil - 1.01.002 - Ref 03/2025
DOC-102918;2025-03-02;202503;1.01.002;CC4001;5788.62;Lancamento Contabil - 1.01.002 - Ref 03/2025
DOC-102919;2025-03-03;202503;1.01.002;CC4001;114070.27;Lancamento Contabil - 1.01.002 - Ref 03/2025
DOC-102920;2025-03-06;202503;1.01.002;CC4001;390804.88;Lancamento Contabil - 1.01.002 - Ref 03/2025
DOC-102921;2025-03-16;202503;1.01.002;CC4001;213138.55;Lancamento Contabil - 1.01.002 - Ref 03/2025
DOC-102922;2025-03-17;202503;1.01.002;CC4001;95731.31;Lancamento Contabil - 1.01.002 - Ref 03/2025
DOC-102923;2025-03-18;202503;1.01.002;CC4001;271118.28;Lancamento Contabil - 1.01.002 - Ref 03/2025
DOC-102924;2025-03-21;202503;1.01.002;CC4001;67374.51;Lancamento Contabil - 1.01.002 - Ref 03/2025
DOC-102925;2025-03-22;202503;1.01.002;CC4001;3697.04;Lancamento Contabil - 1.01.002 - Ref 03/2025
DOC-102926;2025-03-24;202503;1.01.002;CC4001;368896.09;Lancamento Contabil - 1.01.002 - Ref 03/2025
DOC-102927;2025-03-26;202503;1.01.002;CC4001;249470.18;Lancamento Contabil - 1.01.002 - Ref 03/2025
DOC-102928;2025-03-29;202503;1.01.002;CC4001;366684.63;Lancamento Contabil - 1.01.002 - Ref 03/2025
DOC-102929;2025-03-01;202503;1.02.001;CC1004;49580.08;Lancamento Contabil - 1.02.001 - Ref 03/2025
DOC-102930;2025-03-03;202503;1.02.001;CC1004;101117.96;Lancamento Contabil - 1.02.001 - Ref 03/2025
DOC-102931;2025-03-05;202503;1.02.001;CC1004;44740.15;Lancamento Contabil - 1.02.001 - Ref 03/2025
DOC-102932;2025-03-07;202503;1.02.001;CC1004;44012.09;Lancamento Contabil - 1.02.001 - Ref 03/2025
DOC-102933;2025-03-08;202503;1.02.001;CC1004;236590.78;Lancamento Contabil - 1.02.001 - Ref 03/2025
DOC-102934;2025-03-17;202503;1.02.001;CC1004;71530.49;Lancamento Contabil - 1.02.001 - Ref 03/2025
DOC-102935;2025-03-21;202503;1.02.001;CC1004;29547.8;Lancamento Contabil - 1.02.001 - Ref 03/2025
DOC-102936;2025-03-23;202503;1.02.001;CC1004;62187.02;Lancamento Contabil - 1.02.001 - Ref 03/2025
DOC-102937;2025-03-27;202503;1.02.001;CC1004;24948.69;Lancamento Contabil - 1.02.001 - Ref 03/2025
DOC-102938;2025-03-31;202503;1.02.001;CC1004;13151.79;Lancamento Contabil - 1.02.001 - Ref 03/2025
DOC-102939;2025-03-01;202503;2.01.001;CC3001;145599.48;Lancamento Contabil - 2.01.001 - Ref 03/2025
DOC-102940;2025-03-02;202503;2.01.001;CC3001;422096.31;Lancamento Contabil - 2.01.001 - Ref 03/2025
DOC-102941;2025-03-12;202503;2.01.001;CC3001;424247.3;Lancamento Contabil - 2.01.001 - Ref 03/2025
DOC-102942;2025-03-16;202503;2.01.001;CC3001;67058.91;Lancamento Contabil - 2.01.001 - Ref 03/2025
DOC-102943;2025-03-20;202503;2.01.001;CC3001;120219.08;Lancamento Contabil - 2.01.001 - Ref 03/2025
DOC-102944;2025-03-21;202503;2.01.001;CC3001;38111.97;Lancamento Contabil - 2.01.001 - Ref 03/2025
DOC-102945;2025-03-22;202503;2.01.001;CC3001;870798.31;Lancamento Contabil - 2.01.001 - Ref 03/2025
DOC-102946;2025-03-24;202503;2.01.001;CC3001;636207.11;Lancamento Contabil - 2.01.001 - Ref 03/2025
DOC-102947;2025-03-25;202503;2.01.001;CC3001;168032.59;Lancamento Contabil - 2.01.001 - Ref 03/2025
DOC-102948;2025-03-27;202503;2.01.001;CC3001;261525.02;Lancamento Contabil - 2.01.001 - Ref 03/2025
DOC-102949;2025-03-29;202503;2.01.001;CC3001;201240.59;Lancamento Contabil - 2.01.001 - Ref 03/2025
DOC-102950;2025-03-01;202503;2.02.001;CC4001;8585.54;Lancamento Contabil - 2.02.001 - Ref 03/2025
DOC-102951;2025-03-09;202503;2.02.001;CC4001;15899.94;Lancamento Contabil - 2.02.001 - Ref 03/2025
DOC-102952;2025-03-10;202503;2.02.001;CC4001;16019.94;Lancamento Contabil - 2.02.001 - Ref 03/2025
DOC-102953;2025-03-14;202503;2.02.001;CC4001;6610.45;Lancamento Contabil - 2.02.001 - Ref 03/2025
DOC-102954;2025-03-17;202503;2.02.001;CC4001;40228.76;Lancamento Contabil - 2.02.001 - Ref 03/2025
DOC-102955;2025-03-18;202503;2.02.001;CC4001;2592.5;Lancamento Contabil - 2.02.001 - Ref 03/2025
DOC-102956;2025-03-24;202503;2.02.001;CC4001;9821.69;Lancamento Contabil - 2.02.001 - Ref 03/2025
DOC-102957;2025-03-27;202503;2.02.001;CC4001;16618.53;Lancamento Contabil - 2.02.001 - Ref 03/2025
DOC-102958;2025-03-28;202503;2.02.001;CC4001;16907.75;Lancamento Contabil - 2.02.001 - Ref 03/2025
DOC-102959;2025-03-29;202503;2.02.001;CC4001;14805.31;Lancamento Contabil - 2.02.001 - Ref 03/2025
DOC-102960;2025-03-30;202503;2.02.001;CC4001;4557.65;Lancamento Contabil - 2.02.001 - Ref 03/2025
DOC-102961;2025-03-31;202503;2.02.001;CC4001;2404.19;Lancamento Contabil - 2.02.001 - Ref 03/2025
DOC-102962;2025-03-04;202503;3.01.001;CC1001;4691872.64;Lancamento Contabil - 3.01.001 - Ref 03/2025
DOC-102963;2025-03-05;202503;3.01.001;CC1001;4246616.59;Lancamento Contabil - 3.01.001 - Ref 03/2025
DOC-102964;2025-03-08;202503;3.01.001;CC1001;917843.22;Lancamento Contabil - 3.01.001 - Ref 03/2025
DOC-102965;2025-03-17;202503;3.01.001;CC1001;5670768.92;Lancamento Contabil - 3.01.001 - Ref 03/2025
DOC-102966;2025-03-30;202503;3.01.001;CC1001;2819872.04;Lancamento Contabil - 3.01.001 - Ref 03/2025
DOC-102967;2025-03-31;202503;3.01.001;CC1001;5116567.82;Lancamento Contabil - 3.01.001 - Ref 03/2025
DOC-102968;2025-03-09;202503;3.02.001;CC1002;3232.33;Lancamento Contabil - 3.02.001 - Ref 03/2025
DOC-102969;2025-03-12;202503;3.02.001;CC1002;252502.74;Lancamento Contabil - 3.02.001 - Ref 03/2025
DOC-102970;2025-03-13;202503;3.02.001;CC1002;157320.51;Lancamento Contabil - 3.02.001 - Ref 03/2025
DOC-102971;2025-03-17;202503;3.02.001;CC1002;201120.41;Lancamento Contabil - 3.02.001 - Ref 03/2025
DOC-102972;2025-03-20;202503;3.02.001;CC1002;304516.21;Lancamento Contabil - 3.02.001 - Ref 03/2025
DOC-102973;2025-03-27;202503;3.02.001;CC1002;271487.46;Lancamento Contabil - 3.02.001 - Ref 03/2025
DOC-102974;2025-03-29;202503;3.02.001;CC1002;542132.77;Lancamento Contabil - 3.02.001 - Ref 03/2025
DOC-102975;2025-03-12;202503;3.02.001;CC1003;466151.13;Lancamento Contabil - 3.02.001 - Ref 03/2025
DOC-102976;2025-03-13;202503;3.02.001;CC1003;407053.25;Lancamento Contabil - 3.02.001 - Ref 03/2025
DOC-102977;2025-03-15;202503;3.02.001;CC1003;312076.12;Lancamento Contabil - 3.02.001 - Ref 03/2025
DOC-102978;2025-03-19;202503;3.02.001;CC1003;101320.68;Lancamento Contabil - 3.02.001 - Ref 03/2025
DOC-102979;2025-03-31;202503;3.02.001;CC1003;516134.85;Lancamento Contabil - 3.02.001 - Ref 03/2025
DOC-102980;2025-03-03;202503;3.03.001;CC1002;155050.64;Lancamento Contabil - 3.03.001 - Ref 03/2025
DOC-102981;2025-03-08;202503;3.03.001;CC1002;159200.57;Lancamento Contabil - 3.03.001 - Ref 03/2025
DOC-102982;2025-03-10;202503;3.03.001;CC1002;77671.45;Lancamento Contabil - 3.03.001 - Ref 03/2025
DOC-102983;2025-03-21;202503;3.03.001;CC1002;9459.3;Lancamento Contabil - 3.03.001 - Ref 03/2025
DOC-102984;2025-03-22;202503;3.03.001;CC1002;5715.41;Lancamento Contabil - 3.03.001 - Ref 03/2025
DOC-102985;2025-03-23;202503;3.03.001;CC1002;97533.82;Lancamento Contabil - 3.03.001 - Ref 03/2025
DOC-102986;2025-03-27;202503;3.03.001;CC1002;15654.54;Lancamento Contabil - 3.03.001 - Ref 03/2025
DOC-102987;2025-03-03;202503;3.03.001;CC1003;74681.61;Lancamento Contabil - 3.03.001 - Ref 03/2025
DOC-102988;2025-03-13;202503;3.03.001;CC1003;170265.8;Lancamento Contabil - 3.03.001 - Ref 03/2025
DOC-102989;2025-03-16;202503;3.03.001;CC1003;171581.64;Lancamento Contabil - 3.03.001 - Ref 03/2025
DOC-102990;2025-03-18;202503;3.03.001;CC1003;86077.14;Lancamento Contabil - 3.03.001 - Ref 03/2025
DOC-102991;2025-03-01;202503;3.03.001;CC1005;278644.93;Lancamento Contabil - 3.03.001 - Ref 03/2025
DOC-102992;2025-03-06;202503;3.03.001;CC1005;28086.6;Lancamento Contabil - 3.03.001 - Ref 03/2025
DOC-102993;2025-03-21;202503;3.03.001;CC1005;171521.96;Lancamento Contabil - 3.03.001 - Ref 03/2025
DOC-102994;2025-03-23;202503;3.03.001;CC1005;43303.08;Lancamento Contabil - 3.03.001 - Ref 03/2025
DOC-102995;2025-03-14;202503;3.04.001;CC1004;153804.93;Lancamento Contabil - 3.04.001 - Ref 03/2025
DOC-102996;2025-03-16;202503;3.04.001;CC1004;558431.64;Lancamento Contabil - 3.04.001 - Ref 03/2025
DOC-102997;2025-03-21;202503;3.04.001;CC1004;2889.52;Lancamento Contabil - 3.04.001 - Ref 03/2025
DOC-102998;2025-03-26;202503;3.04.001;CC1004;215778.66;Lancamento Contabil - 3.04.001 - Ref 03/2025
DOC-102999;2025-03-28;202503;3.04.001;CC1004;92367.7;Lancamento Contabil - 3.04.001 - Ref 03/2025
DOC-103000;2025-03-02;202503;3.05.001;CC1005;114764.0;Lancamento Contabil - 3.05.001 - Ref 03/2025
DOC-103001;2025-03-04;202503;3.05.001;CC1005;3933.14;Lancamento Contabil - 3.05.001 - Ref 03/2025
DOC-103002;2025-03-07;202503;3.05.001;CC1005;24931.82;Lancamento Contabil - 3.05.001 - Ref 03/2025
DOC-103003;2025-03-08;202503;3.05.001;CC1005;4234.86;Lancamento Contabil - 3.05.001 - Ref 03/2025
DOC-103004;2025-03-17;202503;3.05.001;CC1005;226047.44;Lancamento Contabil - 3.05.001 - Ref 03/2025
DOC-103005;2025-03-19;202503;3.05.001;CC1005;103669.53;Lancamento Contabil - 3.05.001 - Ref 03/2025
DOC-103006;2025-03-23;202503;3.05.001;CC1005;116863.65;Lancamento Contabil - 3.05.001 - Ref 03/2025
DOC-103007;2025-03-28;202503;3.05.001;CC1005;169720.89;Lancamento Contabil - 3.05.001 - Ref 03/2025
DOC-103008;2025-03-31;202503;3.05.001;CC1005;5429.99;Lancamento Contabil - 3.05.001 - Ref 03/2025
DOC-103009;2025-03-16;202503;3.06.001;CC1002;593810.29;Lancamento Contabil - 3.06.001 - Ref 03/2025
DOC-103010;2025-03-09;202503;3.06.001;CC1003;572326.14;Lancamento Contabil - 3.06.001 - Ref 03/2025
DOC-103011;2025-03-03;202503;4.01.001;CC2001;55458.37;Lancamento Contabil - 4.01.001 - Ref 03/2025
DOC-103012;2025-03-09;202503;4.01.001;CC2001;95503.52;Lancamento Contabil - 4.01.001 - Ref 03/2025
DOC-103013;2025-03-22;202503;4.01.001;CC2001;83003.64;Lancamento Contabil - 4.01.001 - Ref 03/2025
DOC-103014;2025-03-30;202503;4.01.001;CC2001;1883260.05;Lancamento Contabil - 4.01.001 - Ref 03/2025
DOC-103015;2025-03-01;202503;4.02.001;CC3001;63076.49;Lancamento Contabil - 4.02.001 - Ref 03/2025
DOC-103016;2025-03-02;202503;4.02.001;CC3001;15559.0;Lancamento Contabil - 4.02.001 - Ref 03/2025
DOC-103017;2025-03-03;202503;4.02.001;CC3001;14018.18;Lancamento Contabil - 4.02.001 - Ref 03/2025
DOC-103018;2025-03-05;202503;4.02.001;CC3001;10426.12;Lancamento Contabil - 4.02.001 - Ref 03/2025
DOC-103019;2025-03-06;202503;4.02.001;CC3001;5472.34;Lancamento Contabil - 4.02.001 - Ref 03/2025
DOC-103020;2025-03-07;202503;4.02.001;CC3001;11675.57;Lancamento Contabil - 4.02.001 - Ref 03/2025
DOC-103021;2025-03-10;202503;4.02.001;CC3001;17296.48;Lancamento Contabil - 4.02.001 - Ref 03/2025
DOC-103022;2025-03-11;202503;4.02.001;CC3001;44160.72;Lancamento Contabil - 4.02.001 - Ref 03/2025
DOC-103023;2025-03-13;202503;4.02.001;CC3001;2545.52;Lancamento Contabil - 4.02.001 - Ref 03/2025
DOC-103024;2025-03-19;202503;4.02.001;CC3001;9312.67;Lancamento Contabil - 4.02.001 - Ref 03/2025
DOC-103025;2025-03-22;202503;4.02.001;CC3001;65230.29;Lancamento Contabil - 4.02.001 - Ref 03/2025
DOC-103026;2025-03-31;202503;4.02.001;CC3001;6260.77;Lancamento Contabil - 4.02.001 - Ref 03/2025
DOC-103027;2025-03-08;202503;4.02.001;CC3003;32512.38;Lancamento Contabil - 4.02.001 - Ref 03/2025
DOC-103028;2025-03-13;202503;4.02.001;CC3003;154990.49;Lancamento Contabil - 4.02.001 - Ref 03/2025
DOC-103029;2025-03-19;202503;4.02.001;CC3003;13045.07;Lancamento Contabil - 4.02.001 - Ref 03/2025
DOC-103030;2025-03-22;202503;4.02.001;CC3003;6692.7;Lancamento Contabil - 4.02.001 - Ref 03/2025
DOC-103031;2025-03-27;202503;4.02.001;CC3003;51356.55;Lancamento Contabil - 4.02.001 - Ref 03/2025
DOC-103032;2025-03-31;202503;4.02.001;CC3003;27909.53;Lancamento Contabil - 4.02.001 - Ref 03/2025
DOC-103033;2025-03-02;202503;4.03.001;CC3002;5602.3;Lancamento Contabil - 4.03.001 - Ref 03/2025
DOC-103034;2025-03-03;202503;4.03.001;CC3002;33009.56;Lancamento Contabil - 4.03.001 - Ref 03/2025
DOC-103035;2025-03-05;202503;4.03.001;CC3002;26745.38;Lancamento Contabil - 4.03.001 - Ref 03/2025
DOC-103036;2025-03-11;202503;4.03.001;CC3002;5908.57;Lancamento Contabil - 4.03.001 - Ref 03/2025
DOC-103037;2025-03-12;202503;4.03.001;CC3002;37149.05;Lancamento Contabil - 4.03.001 - Ref 03/2025
DOC-103038;2025-03-13;202503;4.03.001;CC3002;12142.08;Lancamento Contabil - 4.03.001 - Ref 03/2025
DOC-103039;2025-03-17;202503;4.03.001;CC3002;25411.63;Lancamento Contabil - 4.03.001 - Ref 03/2025
DOC-103040;2025-03-23;202503;4.03.001;CC3002;3260.62;Lancamento Contabil - 4.03.001 - Ref 03/2025
DOC-103041;2025-03-24;202503;4.03.001;CC3002;23372.53;Lancamento Contabil - 4.03.001 - Ref 03/2025
DOC-103042;2025-03-25;202503;4.03.001;CC3002;13898.25;Lancamento Contabil - 4.03.001 - Ref 03/2025
DOC-103043;2025-03-26;202503;4.03.001;CC3002;65631.09;Lancamento Contabil - 4.03.001 - Ref 03/2025
DOC-103044;2025-03-28;202503;4.03.001;CC3002;2228.06;Lancamento Contabil - 4.03.001 - Ref 03/2025
DOC-103045;2025-03-03;202503;4.04.001;CC1001;12075.54;Lancamento Contabil - 4.04.001 - Ref 03/2025
DOC-103046;2025-03-08;202503;4.04.001;CC1001;13655.47;Lancamento Contabil - 4.04.001 - Ref 03/2025
DOC-103047;2025-03-11;202503;4.04.001;CC1001;28745.66;Lancamento Contabil - 4.04.001 - Ref 03/2025
DOC-103048;2025-03-14;202503;4.04.001;CC1001;19015.05;Lancamento Contabil - 4.04.001 - Ref 03/2025
DOC-103049;2025-03-27;202503;4.04.001;CC1001;24498.28;Lancamento Contabil - 4.04.001 - Ref 03/2025
DOC-103050;2025-03-01;202503;4.04.001;CC3001;2845.49;Lancamento Contabil - 4.04.001 - Ref 03/2025
DOC-103051;2025-03-08;202503;4.04.001;CC3001;5833.35;Lancamento Contabil - 4.04.001 - Ref 03/2025
DOC-103052;2025-03-09;202503;4.04.001;CC3001;13848.08;Lancamento Contabil - 4.04.001 - Ref 03/2025
DOC-103053;2025-03-11;202503;4.04.001;CC3001;34382.97;Lancamento Contabil - 4.04.001 - Ref 03/2025
DOC-103054;2025-03-12;202503;4.04.001;CC3001;16640.41;Lancamento Contabil - 4.04.001 - Ref 03/2025
DOC-103055;2025-03-15;202503;4.04.001;CC3001;3507.74;Lancamento Contabil - 4.04.001 - Ref 03/2025
DOC-103056;2025-03-16;202503;4.04.001;CC3001;1640.08;Lancamento Contabil - 4.04.001 - Ref 03/2025
DOC-103057;2025-03-21;202503;4.04.001;CC3001;5077.33;Lancamento Contabil - 4.04.001 - Ref 03/2025
DOC-103058;2025-03-25;202503;4.04.001;CC3001;10223.38;Lancamento Contabil - 4.04.001 - Ref 03/2025
DOC-103059;2025-03-26;202503;4.04.001;CC3001;5124.47;Lancamento Contabil - 4.04.001 - Ref 03/2025
DOC-103060;2025-03-03;202503;4.05.001;CC4001;12007.43;Lancamento Contabil - 4.05.001 - Ref 03/2025
DOC-103061;2025-03-06;202503;4.05.001;CC4001;33137.05;Lancamento Contabil - 4.05.001 - Ref 03/2025
DOC-103062;2025-03-08;202503;4.05.001;CC4001;8158.51;Lancamento Contabil - 4.05.001 - Ref 03/2025
DOC-103063;2025-03-10;202503;4.05.001;CC4001;35739.6;Lancamento Contabil - 4.05.001 - Ref 03/2025
DOC-103064;2025-03-13;202503;4.05.001;CC4001;9500.1;Lancamento Contabil - 4.05.001 - Ref 03/2025
DOC-103065;2025-03-14;202503;4.05.001;CC4001;7237.32;Lancamento Contabil - 4.05.001 - Ref 03/2025
DOC-103066;2025-03-19;202503;4.05.001;CC4001;11007.91;Lancamento Contabil - 4.05.001 - Ref 03/2025
DOC-103067;2025-03-20;202503;4.05.001;CC4001;26147.61;Lancamento Contabil - 4.05.001 - Ref 03/2025
DOC-103068;2025-03-22;202503;4.05.001;CC4001;2449.96;Lancamento Contabil - 4.05.001 - Ref 03/2025
DOC-103069;2025-03-27;202503;4.05.001;CC4001;3978.04;Lancamento Contabil - 4.05.001 - Ref 03/2025
DOC-103070;2025-03-30;202503;4.05.001;CC4001;55029.84;Lancamento Contabil - 4.05.001 - Ref 03/2025
DOC-103071;2025-03-31;202503;4.05.001;CC4001;3510.35;Lancamento Contabil - 4.05.001 - Ref 03/2025
DOC-103072;2025-03-03;202503;4.06.001;CC3001;17314.12;Lancamento Contabil - 4.06.001 - Ref 03/2025
DOC-103073;2025-03-05;202503;4.06.001;CC3001;26640.65;Lancamento Contabil - 4.06.001 - Ref 03/2025
DOC-103074;2025-03-09;202503;4.06.001;CC3001;6722.19;Lancamento Contabil - 4.06.001 - Ref 03/2025
DOC-103075;2025-03-13;202503;4.06.001;CC3001;20707.73;Lancamento Contabil - 4.06.001 - Ref 03/2025
DOC-103076;2025-03-23;202503;4.06.001;CC3001;11982.55;Lancamento Contabil - 4.06.001 - Ref 03/2025
DOC-103077;2025-03-03;202503;4.06.001;CC1005;31121.67;Lancamento Contabil - 4.06.001 - Ref 03/2025
DOC-103078;2025-03-04;202503;4.06.001;CC1005;4372.11;Lancamento Contabil - 4.06.001 - Ref 03/2025
DOC-103079;2025-03-11;202503;4.06.001;CC1005;24295.2;Lancamento Contabil - 4.06.001 - Ref 03/2025
DOC-103080;2025-03-12;202503;4.06.001;CC1005;5884.14;Lancamento Contabil - 4.06.001 - Ref 03/2025
DOC-103081;2025-03-13;202503;4.06.001;CC1005;9379.68;Lancamento Contabil - 4.06.001 - Ref 03/2025
DOC-103082;2025-03-24;202503;4.06.001;CC1005;7087.68;Lancamento Contabil - 4.06.001 - Ref 03/2025
DOC-103083;2025-03-10;202503;5.01.001;CC3001;22770.8;Lancamento Contabil - 5.01.001 - Ref 03/2025
DOC-103084;2025-03-12;202503;5.01.001;CC3001;177245.63;Lancamento Contabil - 5.01.001 - Ref 03/2025
DOC-103085;2025-03-15;202503;5.01.001;CC3001;237147.83;Lancamento Contabil - 5.01.001 - Ref 03/2025
DOC-103086;2025-03-31;202503;5.01.001;CC3001;57316.05;Lancamento Contabil - 5.01.001 - Ref 03/2025
DOC-103087;2025-03-03;202503;5.02.001;CC3001;8696.75;Lancamento Contabil - 5.02.001 - Ref 03/2025
DOC-103088;2025-03-04;202503;5.02.001;CC3001;26446.71;Lancamento Contabil - 5.02.001 - Ref 03/2025
DOC-103089;2025-03-05;202503;5.02.001;CC3001;90065.76;Lancamento Contabil - 5.02.001 - Ref 03/2025
DOC-103090;2025-03-06;202503;5.02.001;CC3001;25805.45;Lancamento Contabil - 5.02.001 - Ref 03/2025
DOC-103091;2025-03-14;202503;5.02.001;CC3001;5130.53;Lancamento Contabil - 5.02.001 - Ref 03/2025
DOC-103092;2025-03-15;202503;5.02.001;CC3001;45856.72;Lancamento Contabil - 5.02.001 - Ref 03/2025
DOC-103093;2025-03-18;202503;5.02.001;CC3001;105109.78;Lancamento Contabil - 5.02.001 - Ref 03/2025
DOC-103094;2025-03-25;202503;5.02.001;CC3001;89564.84;Lancamento Contabil - 5.02.001 - Ref 03/2025
DOC-103095;2025-03-01;202503;5.03.001;CC3001;3045.34;Lancamento Contabil - 5.03.001 - Ref 03/2025
DOC-103096;2025-03-03;202503;5.03.001;CC3001;3009.37;Lancamento Contabil - 5.03.001 - Ref 03/2025
DOC-103097;2025-03-04;202503;5.03.001;CC3001;25330.65;Lancamento Contabil - 5.03.001 - Ref 03/2025
DOC-103098;2025-03-11;202503;5.03.001;CC3001;3511.51;Lancamento Contabil - 5.03.001 - Ref 03/2025
DOC-103099;2025-03-12;202503;5.03.001;CC3001;3734.76;Lancamento Contabil - 5.03.001 - Ref 03/2025
DOC-103100;2025-03-13;202503;5.03.001;CC3001;7.99;Lancamento Contabil - 5.03.001 - Ref 03/2025
DOC-103101;2025-03-14;202503;5.03.001;CC3001;25004.7;Lancamento Contabil - 5.03.001 - Ref 03/2025
DOC-103102;2025-03-18;202503;5.03.001;CC3001;19230.86;Lancamento Contabil - 5.03.001 - Ref 03/2025
DOC-103103;2025-03-20;202503;5.03.001;CC3001;12066.76;Lancamento Contabil - 5.03.001 - Ref 03/2025
DOC-103104;2025-03-24;202503;5.03.001;CC3001;16960.4;Lancamento Contabil - 5.03.001 - Ref 03/2025
DOC-103105;2025-03-28;202503;5.03.001;CC3001;2016.29;Lancamento Contabil - 5.03.001 - Ref 03/2025
DOC-103106;2025-03-29;202503;5.03.001;CC3001;7494.96;Lancamento Contabil - 5.03.001 - Ref 03/2025
DOC-103107;2025-03-03;202503;6.01.001;CC3001;118111.13;Lancamento Contabil - 6.01.001 - Ref 03/2025
DOC-103108;2025-03-08;202503;6.01.001;CC3001;26880.94;Lancamento Contabil - 6.01.001 - Ref 03/2025
DOC-103109;2025-03-13;202503;6.01.001;CC3001;181751.5;Lancamento Contabil - 6.01.001 - Ref 03/2025
DOC-103110;2025-03-14;202503;6.01.001;CC3001;692029.06;Lancamento Contabil - 6.01.001 - Ref 03/2025
DOC-103111;2025-03-18;202503;6.01.001;CC3001;11160.72;Lancamento Contabil - 6.01.001 - Ref 03/2025
DOC-103112;2025-03-19;202503;6.01.001;CC3001;94058.0;Lancamento Contabil - 6.01.001 - Ref 03/2025
DOC-103113;2025-03-24;202503;6.01.001;CC3001;63500.93;Lancamento Contabil - 6.01.001 - Ref 03/2025
DOC-103114;2025-03-25;202503;6.01.001;CC3001;74253.04;Lancamento Contabil - 6.01.001 - Ref 03/2025
DOC-103115;2025-04-03;202504;1.01.001;CC4001;1071161.57;Lancamento Contabil - 1.01.001 - Ref 04/2025
DOC-103116;2025-04-05;202504;1.01.001;CC4001;2438596.88;Lancamento Contabil - 1.01.001 - Ref 04/2025
DOC-103117;2025-04-06;202504;1.01.001;CC4001;286278.49;Lancamento Contabil - 1.01.001 - Ref 04/2025
DOC-103118;2025-04-09;202504;1.01.001;CC4001;1139527.64;Lancamento Contabil - 1.01.001 - Ref 04/2025
DOC-103119;2025-04-10;202504;1.01.001;CC4001;958867.55;Lancamento Contabil - 1.01.001 - Ref 04/2025
DOC-103120;2025-04-13;202504;1.01.001;CC4001;1549964.76;Lancamento Contabil - 1.01.001 - Ref 04/2025
DOC-103121;2025-04-16;202504;1.01.001;CC4001;13175474.78;Lancamento Contabil - 1.01.001 - Ref 04/2025
DOC-103122;2025-04-22;202504;1.01.001;CC4001;2503019.7;Lancamento Contabil - 1.01.001 - Ref 04/2025
DOC-103123;2025-04-25;202504;1.01.001;CC4001;865353.85;Lancamento Contabil - 1.01.001 - Ref 04/2025
DOC-103124;2025-04-26;202504;1.01.001;CC4001;2998380.37;Lancamento Contabil - 1.01.001 - Ref 04/2025
DOC-103125;2025-04-27;202504;1.01.001;CC4001;319313.87;Lancamento Contabil - 1.01.001 - Ref 04/2025
DOC-103126;2025-04-30;202504;1.01.001;CC4001;52775.65;Lancamento Contabil - 1.01.001 - Ref 04/2025
DOC-103127;2025-04-03;202504;1.01.002;CC4001;105668.7;Lancamento Contabil - 1.01.002 - Ref 04/2025
DOC-103128;2025-04-08;202504;1.01.002;CC4001;192256.82;Lancamento Contabil - 1.01.002 - Ref 04/2025
DOC-103129;2025-04-09;202504;1.01.002;CC4001;330116.41;Lancamento Contabil - 1.01.002 - Ref 04/2025
DOC-103130;2025-04-10;202504;1.01.002;CC4001;441140.67;Lancamento Contabil - 1.01.002 - Ref 04/2025
DOC-103131;2025-04-12;202504;1.01.002;CC4001;1115593.65;Lancamento Contabil - 1.01.002 - Ref 04/2025
DOC-103132;2025-04-14;202504;1.01.002;CC4001;329430.88;Lancamento Contabil - 1.01.002 - Ref 04/2025
DOC-103133;2025-04-16;202504;1.01.002;CC4001;321415.04;Lancamento Contabil - 1.01.002 - Ref 04/2025
DOC-103134;2025-04-21;202504;1.01.002;CC4001;23815.76;Lancamento Contabil - 1.01.002 - Ref 04/2025
DOC-103135;2025-04-26;202504;1.01.002;CC4001;16417.46;Lancamento Contabil - 1.01.002 - Ref 04/2025
DOC-103136;2025-04-30;202504;1.01.002;CC4001;370103.96;Lancamento Contabil - 1.01.002 - Ref 04/2025
DOC-103137;2025-04-01;202504;1.02.001;CC1004;34434.23;Lancamento Contabil - 1.02.001 - Ref 04/2025
DOC-103138;2025-04-04;202504;1.02.001;CC1004;4971.37;Lancamento Contabil - 1.02.001 - Ref 04/2025
DOC-103139;2025-04-05;202504;1.02.001;CC1004;117182.04;Lancamento Contabil - 1.02.001 - Ref 04/2025
DOC-103140;2025-04-07;202504;1.02.001;CC1004;53298.82;Lancamento Contabil - 1.02.001 - Ref 04/2025
DOC-103141;2025-04-10;202504;1.02.001;CC1004;10003.67;Lancamento Contabil - 1.02.001 - Ref 04/2025
DOC-103142;2025-04-11;202504;1.02.001;CC1004;253500.14;Lancamento Contabil - 1.02.001 - Ref 04/2025
DOC-103143;2025-04-13;202504;1.02.001;CC1004;23260.89;Lancamento Contabil - 1.02.001 - Ref 04/2025
DOC-103144;2025-04-15;202504;1.02.001;CC1004;184260.11;Lancamento Contabil - 1.02.001 - Ref 04/2025
DOC-103145;2025-04-20;202504;1.02.001;CC1004;64865.54;Lancamento Contabil - 1.02.001 - Ref 04/2025
DOC-103146;2025-04-29;202504;1.02.001;CC1004;37459.23;Lancamento Contabil - 1.02.001 - Ref 04/2025
DOC-103147;2025-04-30;202504;1.02.001;CC1004;93895.52;Lancamento Contabil - 1.02.001 - Ref 04/2025
DOC-103148;2025-04-05;202504;2.01.001;CC3001;456107.55;Lancamento Contabil - 2.01.001 - Ref 04/2025
DOC-103149;2025-04-10;202504;2.01.001;CC3001;140422.69;Lancamento Contabil - 2.01.001 - Ref 04/2025
DOC-103150;2025-04-11;202504;2.01.001;CC3001;391976.48;Lancamento Contabil - 2.01.001 - Ref 04/2025
DOC-103151;2025-04-14;202504;2.01.001;CC3001;37829.22;Lancamento Contabil - 2.01.001 - Ref 04/2025
DOC-103152;2025-04-15;202504;2.01.001;CC3001;418050.67;Lancamento Contabil - 2.01.001 - Ref 04/2025
DOC-103153;2025-04-20;202504;2.01.001;CC3001;76289.05;Lancamento Contabil - 2.01.001 - Ref 04/2025
DOC-103154;2025-04-21;202504;2.01.001;CC3001;319172.5;Lancamento Contabil - 2.01.001 - Ref 04/2025
DOC-103155;2025-04-26;202504;2.01.001;CC3001;235349.78;Lancamento Contabil - 2.01.001 - Ref 04/2025
DOC-103156;2025-04-28;202504;2.01.001;CC3001;746814.29;Lancamento Contabil - 2.01.001 - Ref 04/2025
DOC-103157;2025-04-29;202504;2.01.001;CC3001;138217.12;Lancamento Contabil - 2.01.001 - Ref 04/2025
DOC-103158;2025-04-06;202504;2.02.001;CC4001;22899.01;Lancamento Contabil - 2.02.001 - Ref 04/2025
DOC-103159;2025-04-07;202504;2.02.001;CC4001;4097.82;Lancamento Contabil - 2.02.001 - Ref 04/2025
DOC-103160;2025-04-10;202504;2.02.001;CC4001;6492.73;Lancamento Contabil - 2.02.001 - Ref 04/2025
DOC-103161;2025-04-11;202504;2.02.001;CC4001;468.89;Lancamento Contabil - 2.02.001 - Ref 04/2025
DOC-103162;2025-04-13;202504;2.02.001;CC4001;49961.63;Lancamento Contabil - 2.02.001 - Ref 04/2025
DOC-103163;2025-04-16;202504;2.02.001;CC4001;16908.37;Lancamento Contabil - 2.02.001 - Ref 04/2025
DOC-103164;2025-04-20;202504;2.02.001;CC4001;41512.69;Lancamento Contabil - 2.02.001 - Ref 04/2025
DOC-103165;2025-04-23;202504;2.02.001;CC4001;4733.39;Lancamento Contabil - 2.02.001 - Ref 04/2025
DOC-103166;2025-04-26;202504;2.02.001;CC4001;14502.19;Lancamento Contabil - 2.02.001 - Ref 04/2025
DOC-103167;2025-04-04;202504;3.01.001;CC1001;2263992.34;Lancamento Contabil - 3.01.001 - Ref 04/2025
DOC-103168;2025-04-07;202504;3.01.001;CC1001;762271.62;Lancamento Contabil - 3.01.001 - Ref 04/2025
DOC-103169;2025-04-08;202504;3.01.001;CC1001;3760014.91;Lancamento Contabil - 3.01.001 - Ref 04/2025
DOC-103170;2025-04-09;202504;3.01.001;CC1001;5866717.32;Lancamento Contabil - 3.01.001 - Ref 04/2025
DOC-103171;2025-04-11;202504;3.01.001;CC1001;4312607.74;Lancamento Contabil - 3.01.001 - Ref 04/2025
DOC-103172;2025-04-12;202504;3.01.001;CC1001;2680444.19;Lancamento Contabil - 3.01.001 - Ref 04/2025
DOC-103173;2025-04-13;202504;3.01.001;CC1001;648396.21;Lancamento Contabil - 3.01.001 - Ref 04/2025
DOC-103174;2025-04-19;202504;3.01.001;CC1001;659892.4;Lancamento Contabil - 3.01.001 - Ref 04/2025
DOC-103175;2025-04-26;202504;3.01.001;CC1001;6597153.45;Lancamento Contabil - 3.01.001 - Ref 04/2025
DOC-103176;2025-04-29;202504;3.01.001;CC1001;20625.18;Lancamento Contabil - 3.01.001 - Ref 04/2025
DOC-103177;2025-04-30;202504;3.01.001;CC1001;2511786.62;Lancamento Contabil - 3.01.001 - Ref 04/2025
DOC-103178;2025-04-01;202504;3.02.001;CC1002;702753.77;Lancamento Contabil - 3.02.001 - Ref 04/2025
DOC-103179;2025-04-03;202504;3.02.001;CC1002;56905.69;Lancamento Contabil - 3.02.001 - Ref 04/2025
DOC-103180;2025-04-06;202504;3.02.001;CC1002;63251.27;Lancamento Contabil - 3.02.001 - Ref 04/2025
DOC-103181;2025-04-07;202504;3.02.001;CC1002;12518.55;Lancamento Contabil - 3.02.001 - Ref 04/2025
DOC-103182;2025-04-10;202504;3.02.001;CC1002;89033.72;Lancamento Contabil - 3.02.001 - Ref 04/2025
DOC-103183;2025-04-15;202504;3.02.001;CC1002;46055.88;Lancamento Contabil - 3.02.001 - Ref 04/2025
DOC-103184;2025-04-18;202504;3.02.001;CC1002;64040.96;Lancamento Contabil - 3.02.001 - Ref 04/2025
DOC-103185;2025-04-22;202504;3.02.001;CC1002;273911.58;Lancamento Contabil - 3.02.001 - Ref 04/2025
DOC-103186;2025-04-23;202504;3.02.001;CC1002;417264.92;Lancamento Contabil - 3.02.001 - Ref 04/2025
DOC-103187;2025-04-24;202504;3.02.001;CC1002;31280.15;Lancamento Contabil - 3.02.001 - Ref 04/2025
DOC-103188;2025-04-25;202504;3.02.001;CC1002;70947.42;Lancamento Contabil - 3.02.001 - Ref 04/2025
DOC-103189;2025-04-28;202504;3.02.001;CC1002;401894.17;Lancamento Contabil - 3.02.001 - Ref 04/2025
DOC-103190;2025-04-05;202504;3.02.001;CC1003;20828.88;Lancamento Contabil - 3.02.001 - Ref 04/2025
DOC-103191;2025-04-08;202504;3.02.001;CC1003;31637.14;Lancamento Contabil - 3.02.001 - Ref 04/2025
DOC-103192;2025-04-09;202504;3.02.001;CC1003;58006.9;Lancamento Contabil - 3.02.001 - Ref 04/2025
DOC-103193;2025-04-10;202504;3.02.001;CC1003;295253.48;Lancamento Contabil - 3.02.001 - Ref 04/2025
DOC-103194;2025-04-14;202504;3.02.001;CC1003;53238.28;Lancamento Contabil - 3.02.001 - Ref 04/2025
DOC-103195;2025-04-16;202504;3.02.001;CC1003;1124481.08;Lancamento Contabil - 3.02.001 - Ref 04/2025
DOC-103196;2025-04-21;202504;3.02.001;CC1003;193228.84;Lancamento Contabil - 3.02.001 - Ref 04/2025
DOC-103197;2025-04-22;202504;3.02.001;CC1003;227281.34;Lancamento Contabil - 3.02.001 - Ref 04/2025
DOC-103198;2025-04-28;202504;3.02.001;CC1003;92467.07;Lancamento Contabil - 3.02.001 - Ref 04/2025
DOC-103199;2025-04-30;202504;3.02.001;CC1003;207857.94;Lancamento Contabil - 3.02.001 - Ref 04/2025
DOC-103200;2025-04-03;202504;3.03.001;CC1002;94988.57;Lancamento Contabil - 3.03.001 - Ref 04/2025
DOC-103201;2025-04-13;202504;3.03.001;CC1002;58440.41;Lancamento Contabil - 3.03.001 - Ref 04/2025
DOC-103202;2025-04-14;202504;3.03.001;CC1002;159038.1;Lancamento Contabil - 3.03.001 - Ref 04/2025
DOC-103203;2025-04-15;202504;3.03.001;CC1002;115221.86;Lancamento Contabil - 3.03.001 - Ref 04/2025
DOC-103204;2025-04-16;202504;3.03.001;CC1002;95869.71;Lancamento Contabil - 3.03.001 - Ref 04/2025
DOC-103205;2025-04-17;202504;3.03.001;CC1002;3876.5;Lancamento Contabil - 3.03.001 - Ref 04/2025
DOC-103206;2025-04-18;202504;3.03.001;CC1002;467.64;Lancamento Contabil - 3.03.001 - Ref 04/2025
DOC-103207;2025-04-19;202504;3.03.001;CC1002;16182.21;Lancamento Contabil - 3.03.001 - Ref 04/2025
DOC-103208;2025-04-20;202504;3.03.001;CC1002;73803.45;Lancamento Contabil - 3.03.001 - Ref 04/2025
DOC-103209;2025-04-24;202504;3.03.001;CC1002;35888.8;Lancamento Contabil - 3.03.001 - Ref 04/2025
DOC-103210;2025-04-12;202504;3.03.001;CC1003;44826.28;Lancamento Contabil - 3.03.001 - Ref 04/2025
DOC-103211;2025-04-23;202504;3.03.001;CC1003;187999.77;Lancamento Contabil - 3.03.001 - Ref 04/2025
DOC-103212;2025-04-26;202504;3.03.001;CC1003;196700.66;Lancamento Contabil - 3.03.001 - Ref 04/2025
DOC-103213;2025-04-29;202504;3.03.001;CC1003;208859.99;Lancamento Contabil - 3.03.001 - Ref 04/2025
DOC-103214;2025-04-02;202504;3.03.001;CC1005;29156.52;Lancamento Contabil - 3.03.001 - Ref 04/2025
DOC-103215;2025-04-03;202504;3.03.001;CC1005;19453.68;Lancamento Contabil - 3.03.001 - Ref 04/2025
DOC-103216;2025-04-04;202504;3.03.001;CC1005;18776.82;Lancamento Contabil - 3.03.001 - Ref 04/2025
DOC-103217;2025-04-06;202504;3.03.001;CC1005;38517.82;Lancamento Contabil - 3.03.001 - Ref 04/2025
DOC-103218;2025-04-08;202504;3.03.001;CC1005;51702.92;Lancamento Contabil - 3.03.001 - Ref 04/2025
DOC-103219;2025-04-12;202504;3.03.001;CC1005;163518.76;Lancamento Contabil - 3.03.001 - Ref 04/2025
DOC-103220;2025-04-20;202504;3.03.001;CC1005;11748.11;Lancamento Contabil - 3.03.001 - Ref 04/2025
DOC-103221;2025-04-21;202504;3.03.001;CC1005;122140.37;Lancamento Contabil - 3.03.001 - Ref 04/2025
DOC-103222;2025-04-22;202504;3.03.001;CC1005;69740.32;Lancamento Contabil - 3.03.001 - Ref 04/2025
DOC-103223;2025-04-24;202504;3.03.001;CC1005;31240.13;Lancamento Contabil - 3.03.001 - Ref 04/2025
DOC-103224;2025-04-25;202504;3.03.001;CC1005;62451.48;Lancamento Contabil - 3.03.001 - Ref 04/2025
DOC-103225;2025-04-30;202504;3.03.001;CC1005;32803.2;Lancamento Contabil - 3.03.001 - Ref 04/2025
DOC-103226;2025-04-01;202504;3.04.001;CC1004;102159.9;Lancamento Contabil - 3.04.001 - Ref 04/2025
DOC-103227;2025-04-04;202504;3.04.001;CC1004;64108.67;Lancamento Contabil - 3.04.001 - Ref 04/2025
DOC-103228;2025-04-08;202504;3.04.001;CC1004;20240.77;Lancamento Contabil - 3.04.001 - Ref 04/2025
DOC-103229;2025-04-09;202504;3.04.001;CC1004;13969.04;Lancamento Contabil - 3.04.001 - Ref 04/2025
DOC-103230;2025-04-11;202504;3.04.001;CC1004;89160.72;Lancamento Contabil - 3.04.001 - Ref 04/2025
DOC-103231;2025-04-14;202504;3.04.001;CC1004;262234.85;Lancamento Contabil - 3.04.001 - Ref 04/2025
DOC-103232;2025-04-17;202504;3.04.001;CC1004;47502.93;Lancamento Contabil - 3.04.001 - Ref 04/2025
DOC-103233;2025-04-25;202504;3.04.001;CC1004;148810.18;Lancamento Contabil - 3.04.001 - Ref 04/2025
DOC-103234;2025-04-26;202504;3.04.001;CC1004;121130.07;Lancamento Contabil - 3.04.001 - Ref 04/2025
DOC-103235;2025-04-28;202504;3.04.001;CC1004;302207.97;Lancamento Contabil - 3.04.001 - Ref 04/2025
DOC-103236;2025-04-05;202504;3.05.001;CC1005;75605.28;Lancamento Contabil - 3.05.001 - Ref 04/2025
DOC-103237;2025-04-08;202504;3.05.001;CC1005;161550.51;Lancamento Contabil - 3.05.001 - Ref 04/2025
DOC-103238;2025-04-12;202504;3.05.001;CC1005;36034.02;Lancamento Contabil - 3.05.001 - Ref 04/2025
DOC-103239;2025-04-13;202504;3.05.001;CC1005;27957.2;Lancamento Contabil - 3.05.001 - Ref 04/2025
DOC-103240;2025-04-15;202504;3.05.001;CC1005;767.98;Lancamento Contabil - 3.05.001 - Ref 04/2025
DOC-103241;2025-04-17;202504;3.05.001;CC1005;123772.63;Lancamento Contabil - 3.05.001 - Ref 04/2025
DOC-103242;2025-04-18;202504;3.05.001;CC1005;114056.71;Lancamento Contabil - 3.05.001 - Ref 04/2025
DOC-103243;2025-04-19;202504;3.05.001;CC1005;7794.45;Lancamento Contabil - 3.05.001 - Ref 04/2025
DOC-103244;2025-04-23;202504;3.05.001;CC1005;60763.65;Lancamento Contabil - 3.05.001 - Ref 04/2025
DOC-103245;2025-04-25;202504;3.05.001;CC1005;44057.44;Lancamento Contabil - 3.05.001 - Ref 04/2025
DOC-103246;2025-04-27;202504;3.05.001;CC1005;8928.07;Lancamento Contabil - 3.05.001 - Ref 04/2025
DOC-103247;2025-04-29;202504;3.05.001;CC1005;278427.19;Lancamento Contabil - 3.05.001 - Ref 04/2025
DOC-103248;2025-04-12;202504;3.06.001;CC1002;745950.56;Lancamento Contabil - 3.06.001 - Ref 04/2025
DOC-103249;2025-04-01;202504;3.06.001;CC1003;700087.1;Lancamento Contabil - 3.06.001 - Ref 04/2025
DOC-103250;2025-04-03;202504;4.01.001;CC2001;7219.44;Lancamento Contabil - 4.01.001 - Ref 04/2025
DOC-103251;2025-04-04;202504;4.01.001;CC2001;235321.27;Lancamento Contabil - 4.01.001 - Ref 04/2025
DOC-103252;2025-04-05;202504;4.01.001;CC2001;166340.17;Lancamento Contabil - 4.01.001 - Ref 04/2025
DOC-103253;2025-04-10;202504;4.01.001;CC2001;23858.36;Lancamento Contabil - 4.01.001 - Ref 04/2025
DOC-103254;2025-04-11;202504;4.01.001;CC2001;41453.12;Lancamento Contabil - 4.01.001 - Ref 04/2025
DOC-103255;2025-04-12;202504;4.01.001;CC2001;183711.48;Lancamento Contabil - 4.01.001 - Ref 04/2025
DOC-103256;2025-04-14;202504;4.01.001;CC2001;76938.08;Lancamento Contabil - 4.01.001 - Ref 04/2025
DOC-103257;2025-04-15;202504;4.01.001;CC2001;609779.66;Lancamento Contabil - 4.01.001 - Ref 04/2025
DOC-103258;2025-04-24;202504;4.01.001;CC2001;373832.99;Lancamento Contabil - 4.01.001 - Ref 04/2025
DOC-103259;2025-04-29;202504;4.01.001;CC2001;899322.13;Lancamento Contabil - 4.01.001 - Ref 04/2025
DOC-103260;2025-04-30;202504;4.01.001;CC2001;65812.85;Lancamento Contabil - 4.01.001 - Ref 04/2025
DOC-103261;2025-04-04;202504;4.02.001;CC3001;35470.18;Lancamento Contabil - 4.02.001 - Ref 04/2025
DOC-103262;2025-04-12;202504;4.02.001;CC3001;4291.69;Lancamento Contabil - 4.02.001 - Ref 04/2025
DOC-103263;2025-04-15;202504;4.02.001;CC3001;4503.28;Lancamento Contabil - 4.02.001 - Ref 04/2025
DOC-103264;2025-04-16;202504;4.02.001;CC3001;97835.11;Lancamento Contabil - 4.02.001 - Ref 04/2025
DOC-103265;2025-04-17;202504;4.02.001;CC3001;50870.8;Lancamento Contabil - 4.02.001 - Ref 04/2025
DOC-103266;2025-04-24;202504;4.02.001;CC3001;21338.08;Lancamento Contabil - 4.02.001 - Ref 04/2025
DOC-103267;2025-04-29;202504;4.02.001;CC3001;79072.85;Lancamento Contabil - 4.02.001 - Ref 04/2025
DOC-103268;2025-04-01;202504;4.02.001;CC3003;9953.99;Lancamento Contabil - 4.02.001 - Ref 04/2025
DOC-103269;2025-04-02;202504;4.02.001;CC3003;29430.93;Lancamento Contabil - 4.02.001 - Ref 04/2025
DOC-103270;2025-04-03;202504;4.02.001;CC3003;15197.37;Lancamento Contabil - 4.02.001 - Ref 04/2025
DOC-103271;2025-04-04;202504;4.02.001;CC3003;59236.62;Lancamento Contabil - 4.02.001 - Ref 04/2025
DOC-103272;2025-04-10;202504;4.02.001;CC3003;58688.32;Lancamento Contabil - 4.02.001 - Ref 04/2025
DOC-103273;2025-04-11;202504;4.02.001;CC3003;22156.37;Lancamento Contabil - 4.02.001 - Ref 04/2025
DOC-103274;2025-04-21;202504;4.02.001;CC3003;14753.2;Lancamento Contabil - 4.02.001 - Ref 04/2025
DOC-103275;2025-04-23;202504;4.02.001;CC3003;15376.42;Lancamento Contabil - 4.02.001 - Ref 04/2025
DOC-103276;2025-04-24;202504;4.02.001;CC3003;55948.09;Lancamento Contabil - 4.02.001 - Ref 04/2025
DOC-103277;2025-04-26;202504;4.02.001;CC3003;13582.63;Lancamento Contabil - 4.02.001 - Ref 04/2025
DOC-103278;2025-04-30;202504;4.02.001;CC3003;8008.68;Lancamento Contabil - 4.02.001 - Ref 04/2025
DOC-103279;2025-04-06;202504;4.03.001;CC3002;23349.71;Lancamento Contabil - 4.03.001 - Ref 04/2025
DOC-103280;2025-04-08;202504;4.03.001;CC3002;65229.4;Lancamento Contabil - 4.03.001 - Ref 04/2025
DOC-103281;2025-04-17;202504;4.03.001;CC3002;8872.8;Lancamento Contabil - 4.03.001 - Ref 04/2025
DOC-103282;2025-04-18;202504;4.03.001;CC3002;17019.39;Lancamento Contabil - 4.03.001 - Ref 04/2025
DOC-103283;2025-04-24;202504;4.03.001;CC3002;58632.87;Lancamento Contabil - 4.03.001 - Ref 04/2025
DOC-103284;2025-04-30;202504;4.03.001;CC3002;61569.51;Lancamento Contabil - 4.03.001 - Ref 04/2025
DOC-103285;2025-04-08;202504;4.04.001;CC1001;6351.91;Lancamento Contabil - 4.04.001 - Ref 04/2025
DOC-103286;2025-04-11;202504;4.04.001;CC1001;8040.49;Lancamento Contabil - 4.04.001 - Ref 04/2025
DOC-103287;2025-04-13;202504;4.04.001;CC1001;4728.01;Lancamento Contabil - 4.04.001 - Ref 04/2025
DOC-103288;2025-04-14;202504;4.04.001;CC1001;35278.1;Lancamento Contabil - 4.04.001 - Ref 04/2025
DOC-103289;2025-04-15;202504;4.04.001;CC1001;1652.32;Lancamento Contabil - 4.04.001 - Ref 04/2025
DOC-103290;2025-04-18;202504;4.04.001;CC1001;35511.9;Lancamento Contabil - 4.04.001 - Ref 04/2025
DOC-103291;2025-04-01;202504;4.04.001;CC3001;544.67;Lancamento Contabil - 4.04.001 - Ref 04/2025
DOC-103292;2025-04-06;202504;4.04.001;CC3001;10588.42;Lancamento Contabil - 4.04.001 - Ref 04/2025
DOC-103293;2025-04-13;202504;4.04.001;CC3001;8592.6;Lancamento Contabil - 4.04.001 - Ref 04/2025
DOC-103294;2025-04-14;202504;4.04.001;CC3001;2883.84;Lancamento Contabil - 4.04.001 - Ref 04/2025
DOC-103295;2025-04-21;202504;4.04.001;CC3001;17524.07;Lancamento Contabil - 4.04.001 - Ref 04/2025
DOC-103296;2025-04-22;202504;4.04.001;CC3001;58161.92;Lancamento Contabil - 4.04.001 - Ref 04/2025
DOC-103297;2025-04-01;202504;4.05.001;CC4001;28601.96;Lancamento Contabil - 4.05.001 - Ref 04/2025
DOC-103298;2025-04-07;202504;4.05.001;CC4001;43437.92;Lancamento Contabil - 4.05.001 - Ref 04/2025
DOC-103299;2025-04-13;202504;4.05.001;CC4001;2455.36;Lancamento Contabil - 4.05.001 - Ref 04/2025
DOC-103300;2025-04-14;202504;4.05.001;CC4001;18724.03;Lancamento Contabil - 4.05.001 - Ref 04/2025
DOC-103301;2025-04-15;202504;4.05.001;CC4001;4283.67;Lancamento Contabil - 4.05.001 - Ref 04/2025
DOC-103302;2025-04-19;202504;4.05.001;CC4001;32855.56;Lancamento Contabil - 4.05.001 - Ref 04/2025
DOC-103303;2025-04-23;202504;4.05.001;CC4001;96558.87;Lancamento Contabil - 4.05.001 - Ref 04/2025
DOC-103304;2025-04-03;202504;4.06.001;CC3001;4769.34;Lancamento Contabil - 4.06.001 - Ref 04/2025
DOC-103305;2025-04-09;202504;4.06.001;CC3001;8711.18;Lancamento Contabil - 4.06.001 - Ref 04/2025
DOC-103306;2025-04-19;202504;4.06.001;CC3001;5620.86;Lancamento Contabil - 4.06.001 - Ref 04/2025
DOC-103307;2025-04-23;202504;4.06.001;CC3001;19531.16;Lancamento Contabil - 4.06.001 - Ref 04/2025
DOC-103308;2025-04-25;202504;4.06.001;CC3001;18355.1;Lancamento Contabil - 4.06.001 - Ref 04/2025
DOC-103309;2025-04-26;202504;4.06.001;CC3001;10304.62;Lancamento Contabil - 4.06.001 - Ref 04/2025
DOC-103310;2025-04-27;202504;4.06.001;CC3001;5091.13;Lancamento Contabil - 4.06.001 - Ref 04/2025
DOC-103311;2025-04-06;202504;4.06.001;CC1005;8941.41;Lancamento Contabil - 4.06.001 - Ref 04/2025
DOC-103312;2025-04-12;202504;4.06.001;CC1005;3393.99;Lancamento Contabil - 4.06.001 - Ref 04/2025
DOC-103313;2025-04-18;202504;4.06.001;CC1005;13294.21;Lancamento Contabil - 4.06.001 - Ref 04/2025
DOC-103314;2025-04-26;202504;4.06.001;CC1005;16165.62;Lancamento Contabil - 4.06.001 - Ref 04/2025
DOC-103315;2025-04-28;202504;4.06.001;CC1005;34163.56;Lancamento Contabil - 4.06.001 - Ref 04/2025
DOC-103316;2025-04-04;202504;5.01.001;CC3001;37044.46;Lancamento Contabil - 5.01.001 - Ref 04/2025
DOC-103317;2025-04-07;202504;5.01.001;CC3001;14776.57;Lancamento Contabil - 5.01.001 - Ref 04/2025
DOC-103318;2025-04-09;202504;5.01.001;CC3001;12562.81;Lancamento Contabil - 5.01.001 - Ref 04/2025
DOC-103319;2025-04-11;202504;5.01.001;CC3001;129351.24;Lancamento Contabil - 5.01.001 - Ref 04/2025
DOC-103320;2025-04-15;202504;5.01.001;CC3001;3153.77;Lancamento Contabil - 5.01.001 - Ref 04/2025
DOC-103321;2025-04-16;202504;5.01.001;CC3001;40017.4;Lancamento Contabil - 5.01.001 - Ref 04/2025
DOC-103322;2025-04-17;202504;5.01.001;CC3001;13564.6;Lancamento Contabil - 5.01.001 - Ref 04/2025
DOC-103323;2025-04-21;202504;5.01.001;CC3001;155754.99;Lancamento Contabil - 5.01.001 - Ref 04/2025
DOC-103324;2025-04-22;202504;5.01.001;CC3001;59974.4;Lancamento Contabil - 5.01.001 - Ref 04/2025
DOC-103325;2025-04-04;202504;5.02.001;CC3001;7188.24;Lancamento Contabil - 5.02.001 - Ref 04/2025
DOC-103326;2025-04-06;202504;5.02.001;CC3001;19066.36;Lancamento Contabil - 5.02.001 - Ref 04/2025
DOC-103327;2025-04-10;202504;5.02.001;CC3001;35915.44;Lancamento Contabil - 5.02.001 - Ref 04/2025
DOC-103328;2025-04-12;202504;5.02.001;CC3001;86668.27;Lancamento Contabil - 5.02.001 - Ref 04/2025
DOC-103329;2025-04-13;202504;5.02.001;CC3001;6802.39;Lancamento Contabil - 5.02.001 - Ref 04/2025
DOC-103330;2025-04-15;202504;5.02.001;CC3001;59360.02;Lancamento Contabil - 5.02.001 - Ref 04/2025
DOC-103331;2025-04-19;202504;5.02.001;CC3001;74371.52;Lancamento Contabil - 5.02.001 - Ref 04/2025
DOC-103332;2025-04-20;202504;5.02.001;CC3001;67795.08;Lancamento Contabil - 5.02.001 - Ref 04/2025
DOC-103333;2025-04-26;202504;5.02.001;CC3001;27560.83;Lancamento Contabil - 5.02.001 - Ref 04/2025
DOC-103334;2025-04-30;202504;5.02.001;CC3001;27144.93;Lancamento Contabil - 5.02.001 - Ref 04/2025
DOC-103335;2025-04-04;202504;5.03.001;CC3001;17618.69;Lancamento Contabil - 5.03.001 - Ref 04/2025
DOC-103336;2025-04-05;202504;5.03.001;CC3001;26306.91;Lancamento Contabil - 5.03.001 - Ref 04/2025
DOC-103337;2025-04-08;202504;5.03.001;CC3001;13006.68;Lancamento Contabil - 5.03.001 - Ref 04/2025
DOC-103338;2025-04-11;202504;5.03.001;CC3001;30571.76;Lancamento Contabil - 5.03.001 - Ref 04/2025
DOC-103339;2025-04-22;202504;5.03.001;CC3001;40454.64;Lancamento Contabil - 5.03.001 - Ref 04/2025
DOC-103340;2025-04-04;202504;6.01.001;CC3001;24450.57;Lancamento Contabil - 6.01.001 - Ref 04/2025
DOC-103341;2025-04-05;202504;6.01.001;CC3001;276315.29;Lancamento Contabil - 6.01.001 - Ref 04/2025
DOC-103342;2025-04-06;202504;6.01.001;CC3001;120013.46;Lancamento Contabil - 6.01.001 - Ref 04/2025
DOC-103343;2025-04-12;202504;6.01.001;CC3001;287562.9;Lancamento Contabil - 6.01.001 - Ref 04/2025
DOC-103344;2025-04-13;202504;6.01.001;CC3001;87157.13;Lancamento Contabil - 6.01.001 - Ref 04/2025
DOC-103345;2025-04-14;202504;6.01.001;CC3001;73580.9;Lancamento Contabil - 6.01.001 - Ref 04/2025
DOC-103346;2025-04-17;202504;6.01.001;CC3001;380779.04;Lancamento Contabil - 6.01.001 - Ref 04/2025
DOC-103347;2025-04-23;202504;6.01.001;CC3001;44665.66;Lancamento Contabil - 6.01.001 - Ref 04/2025
DOC-103348;2025-05-06;202505;1.01.001;CC4001;10601124.26;Lancamento Contabil - 1.01.001 - Ref 05/2025
DOC-103349;2025-05-13;202505;1.01.001;CC4001;5417696.77;Lancamento Contabil - 1.01.001 - Ref 05/2025
DOC-103350;2025-05-14;202505;1.01.001;CC4001;12500708.94;Lancamento Contabil - 1.01.001 - Ref 05/2025
DOC-103351;2025-05-16;202505;1.01.001;CC4001;5777694.3;Lancamento Contabil - 1.01.001 - Ref 05/2025
DOC-103352;2025-05-19;202505;1.01.001;CC4001;588428.75;Lancamento Contabil - 1.01.001 - Ref 05/2025
DOC-103353;2025-05-21;202505;1.01.001;CC4001;4662810.96;Lancamento Contabil - 1.01.001 - Ref 05/2025
DOC-103354;2025-05-05;202505;1.01.002;CC4001;1748.56;Lancamento Contabil - 1.01.002 - Ref 05/2025
DOC-103355;2025-05-06;202505;1.01.002;CC4001;1047300.6;Lancamento Contabil - 1.01.002 - Ref 05/2025
DOC-103356;2025-05-10;202505;1.01.002;CC4001;921890.33;Lancamento Contabil - 1.01.002 - Ref 05/2025
DOC-103357;2025-05-11;202505;1.01.002;CC4001;137377.9;Lancamento Contabil - 1.01.002 - Ref 05/2025
DOC-103358;2025-05-15;202505;1.01.002;CC4001;356111.56;Lancamento Contabil - 1.01.002 - Ref 05/2025
DOC-103359;2025-05-16;202505;1.01.002;CC4001;115947.54;Lancamento Contabil - 1.01.002 - Ref 05/2025
DOC-103360;2025-05-18;202505;1.01.002;CC4001;303831.7;Lancamento Contabil - 1.01.002 - Ref 05/2025
DOC-103361;2025-05-21;202505;1.01.002;CC4001;447275.2;Lancamento Contabil - 1.01.002 - Ref 05/2025
DOC-103362;2025-05-23;202505;1.01.002;CC4001;801363.1;Lancamento Contabil - 1.01.002 - Ref 05/2025
DOC-103363;2025-05-26;202505;1.01.002;CC4001;139671.96;Lancamento Contabil - 1.01.002 - Ref 05/2025
DOC-103364;2025-05-28;202505;1.01.002;CC4001;417839.24;Lancamento Contabil - 1.01.002 - Ref 05/2025
DOC-103365;2025-05-30;202505;1.01.002;CC4001;84470.17;Lancamento Contabil - 1.01.002 - Ref 05/2025
DOC-103366;2025-05-01;202505;1.02.001;CC1004;353169.77;Lancamento Contabil - 1.02.001 - Ref 05/2025
DOC-103367;2025-05-12;202505;1.02.001;CC1004;38889.64;Lancamento Contabil - 1.02.001 - Ref 05/2025
DOC-103368;2025-05-28;202505;1.02.001;CC1004;845620.74;Lancamento Contabil - 1.02.001 - Ref 05/2025
DOC-103369;2025-05-31;202505;1.02.001;CC1004;60603.47;Lancamento Contabil - 1.02.001 - Ref 05/2025
DOC-103370;2025-05-05;202505;2.01.001;CC3001;408122.62;Lancamento Contabil - 2.01.001 - Ref 05/2025
DOC-103371;2025-05-07;202505;2.01.001;CC3001;105456.91;Lancamento Contabil - 2.01.001 - Ref 05/2025
DOC-103372;2025-05-13;202505;2.01.001;CC3001;153659.95;Lancamento Contabil - 2.01.001 - Ref 05/2025
DOC-103373;2025-05-14;202505;2.01.001;CC3001;331012.65;Lancamento Contabil - 2.01.001 - Ref 05/2025
DOC-103374;2025-05-16;202505;2.01.001;CC3001;226028.58;Lancamento Contabil - 2.01.001 - Ref 05/2025
DOC-103375;2025-05-17;202505;2.01.001;CC3001;73105.33;Lancamento Contabil - 2.01.001 - Ref 05/2025
DOC-103376;2025-05-18;202505;2.01.001;CC3001;78479.29;Lancamento Contabil - 2.01.001 - Ref 05/2025
DOC-103377;2025-05-21;202505;2.01.001;CC3001;226712.54;Lancamento Contabil - 2.01.001 - Ref 05/2025
DOC-103378;2025-05-22;202505;2.01.001;CC3001;592748.04;Lancamento Contabil - 2.01.001 - Ref 05/2025
DOC-103379;2025-05-24;202505;2.01.001;CC3001;955539.63;Lancamento Contabil - 2.01.001 - Ref 05/2025
DOC-103380;2025-05-27;202505;2.01.001;CC3001;36790.16;Lancamento Contabil - 2.01.001 - Ref 05/2025
DOC-103381;2025-05-01;202505;2.02.001;CC4001;304.96;Lancamento Contabil - 2.02.001 - Ref 05/2025
DOC-103382;2025-05-03;202505;2.02.001;CC4001;19755.52;Lancamento Contabil - 2.02.001 - Ref 05/2025
DOC-103383;2025-05-06;202505;2.02.001;CC4001;16812.93;Lancamento Contabil - 2.02.001 - Ref 05/2025
DOC-103384;2025-05-08;202505;2.02.001;CC4001;3243.52;Lancamento Contabil - 2.02.001 - Ref 05/2025
DOC-103385;2025-05-10;202505;2.02.001;CC4001;4854.3;Lancamento Contabil - 2.02.001 - Ref 05/2025
DOC-103386;2025-05-15;202505;2.02.001;CC4001;437.32;Lancamento Contabil - 2.02.001 - Ref 05/2025
DOC-103387;2025-05-16;202505;2.02.001;CC4001;32835.24;Lancamento Contabil - 2.02.001 - Ref 05/2025
DOC-103388;2025-05-19;202505;2.02.001;CC4001;67011.96;Lancamento Contabil - 2.02.001 - Ref 05/2025
DOC-103389;2025-05-23;202505;2.02.001;CC4001;2653.03;Lancamento Contabil - 2.02.001 - Ref 05/2025
DOC-103390;2025-05-27;202505;2.02.001;CC4001;4798.77;Lancamento Contabil - 2.02.001 - Ref 05/2025
DOC-103391;2025-05-08;202505;3.01.001;CC1001;10094105.74;Lancamento Contabil - 3.01.001 - Ref 05/2025
DOC-103392;2025-05-09;202505;3.01.001;CC1001;12990434.27;Lancamento Contabil - 3.01.001 - Ref 05/2025
DOC-103393;2025-05-10;202505;3.01.001;CC1001;2708030.92;Lancamento Contabil - 3.01.001 - Ref 05/2025
DOC-103394;2025-05-18;202505;3.01.001;CC1001;258560.37;Lancamento Contabil - 3.01.001 - Ref 05/2025
DOC-103395;2025-05-15;202505;3.02.001;CC1002;301722.11;Lancamento Contabil - 3.02.001 - Ref 05/2025
DOC-103396;2025-05-19;202505;3.02.001;CC1002;17575.94;Lancamento Contabil - 3.02.001 - Ref 05/2025
DOC-103397;2025-05-24;202505;3.02.001;CC1002;529180.86;Lancamento Contabil - 3.02.001 - Ref 05/2025
DOC-103398;2025-05-25;202505;3.02.001;CC1002;6872.29;Lancamento Contabil - 3.02.001 - Ref 05/2025
DOC-103399;2025-05-27;202505;3.02.001;CC1002;936030.45;Lancamento Contabil - 3.02.001 - Ref 05/2025
DOC-103400;2025-05-31;202505;3.02.001;CC1002;221223.26;Lancamento Contabil - 3.02.001 - Ref 05/2025
DOC-103401;2025-05-02;202505;3.02.001;CC1003;7027.87;Lancamento Contabil - 3.02.001 - Ref 05/2025
DOC-103402;2025-05-04;202505;3.02.001;CC1003;151806.53;Lancamento Contabil - 3.02.001 - Ref 05/2025
DOC-103403;2025-05-09;202505;3.02.001;CC1003;86709.14;Lancamento Contabil - 3.02.001 - Ref 05/2025
DOC-103404;2025-05-12;202505;3.02.001;CC1003;622903.46;Lancamento Contabil - 3.02.001 - Ref 05/2025
DOC-103405;2025-05-17;202505;3.02.001;CC1003;134380.17;Lancamento Contabil - 3.02.001 - Ref 05/2025
DOC-103406;2025-05-18;202505;3.02.001;CC1003;55057.78;Lancamento Contabil - 3.02.001 - Ref 05/2025
DOC-103407;2025-05-19;202505;3.02.001;CC1003;211386.5;Lancamento Contabil - 3.02.001 - Ref 05/2025
DOC-103408;2025-05-24;202505;3.02.001;CC1003;54175.78;Lancamento Contabil - 3.02.001 - Ref 05/2025
DOC-103409;2025-05-25;202505;3.02.001;CC1003;401233.48;Lancamento Contabil - 3.02.001 - Ref 05/2025
DOC-103410;2025-05-29;202505;3.02.001;CC1003;80309.97;Lancamento Contabil - 3.02.001 - Ref 05/2025
DOC-103411;2025-05-31;202505;3.02.001;CC1003;136521.06;Lancamento Contabil - 3.02.001 - Ref 05/2025
DOC-103412;2025-05-02;202505;3.03.001;CC1002;88694.81;Lancamento Contabil - 3.03.001 - Ref 05/2025
DOC-103413;2025-05-04;202505;3.03.001;CC1002;81351.29;Lancamento Contabil - 3.03.001 - Ref 05/2025
DOC-103414;2025-05-07;202505;3.03.001;CC1002;12614.89;Lancamento Contabil - 3.03.001 - Ref 05/2025
DOC-103415;2025-05-08;202505;3.03.001;CC1002;12727.74;Lancamento Contabil - 3.03.001 - Ref 05/2025
DOC-103416;2025-05-10;202505;3.03.001;CC1002;84422.92;Lancamento Contabil - 3.03.001 - Ref 05/2025
DOC-103417;2025-05-14;202505;3.03.001;CC1002;132348.51;Lancamento Contabil - 3.03.001 - Ref 05/2025
DOC-103418;2025-05-15;202505;3.03.001;CC1002;4977.12;Lancamento Contabil - 3.03.001 - Ref 05/2025
DOC-103419;2025-05-18;202505;3.03.001;CC1002;29695.27;Lancamento Contabil - 3.03.001 - Ref 05/2025
DOC-103420;2025-05-21;202505;3.03.001;CC1002;20444.28;Lancamento Contabil - 3.03.001 - Ref 05/2025
DOC-103421;2025-05-24;202505;3.03.001;CC1002;101585.82;Lancamento Contabil - 3.03.001 - Ref 05/2025
DOC-103422;2025-05-25;202505;3.03.001;CC1002;4331.57;Lancamento Contabil - 3.03.001 - Ref 05/2025
DOC-103423;2025-05-03;202505;3.03.001;CC1003;28596.86;Lancamento Contabil - 3.03.001 - Ref 05/2025
DOC-103424;2025-05-04;202505;3.03.001;CC1003;168364.55;Lancamento Contabil - 3.03.001 - Ref 05/2025
DOC-103425;2025-05-08;202505;3.03.001;CC1003;6349.61;Lancamento Contabil - 3.03.001 - Ref 05/2025
DOC-103426;2025-05-12;202505;3.03.001;CC1003;81797.07;Lancamento Contabil - 3.03.001 - Ref 05/2025
DOC-103427;2025-05-15;202505;3.03.001;CC1003;70372.71;Lancamento Contabil - 3.03.001 - Ref 05/2025
DOC-103428;2025-05-25;202505;3.03.001;CC1003;49086.82;Lancamento Contabil - 3.03.001 - Ref 05/2025
DOC-103429;2025-05-27;202505;3.03.001;CC1003;60512.61;Lancamento Contabil - 3.03.001 - Ref 05/2025
DOC-103430;2025-05-28;202505;3.03.001;CC1003;91030.1;Lancamento Contabil - 3.03.001 - Ref 05/2025
DOC-103431;2025-05-12;202505;3.03.001;CC1005;204715.61;Lancamento Contabil - 3.03.001 - Ref 05/2025
DOC-103432;2025-05-19;202505;3.03.001;CC1005;178555.12;Lancamento Contabil - 3.03.001 - Ref 05/2025
DOC-103433;2025-05-20;202505;3.03.001;CC1005;20899.27;Lancamento Contabil - 3.03.001 - Ref 05/2025
DOC-103434;2025-05-23;202505;3.03.001;CC1005;20213.79;Lancamento Contabil - 3.03.001 - Ref 05/2025
DOC-103435;2025-05-24;202505;3.03.001;CC1005;39044.5;Lancamento Contabil - 3.03.001 - Ref 05/2025
DOC-103436;2025-05-26;202505;3.03.001;CC1005;56021.61;Lancamento Contabil - 3.03.001 - Ref 05/2025
DOC-103437;2025-05-28;202505;3.03.001;CC1005;65657.36;Lancamento Contabil - 3.03.001 - Ref 05/2025
DOC-103438;2025-05-02;202505;3.04.001;CC1004;140849.15;Lancamento Contabil - 3.04.001 - Ref 05/2025
DOC-103439;2025-05-05;202505;3.04.001;CC1004;7218.84;Lancamento Contabil - 3.04.001 - Ref 05/2025
DOC-103440;2025-05-06;202505;3.04.001;CC1004;4365.7;Lancamento Contabil - 3.04.001 - Ref 05/2025
DOC-103441;2025-05-07;202505;3.04.001;CC1004;61540.41;Lancamento Contabil - 3.04.001 - Ref 05/2025
DOC-103442;2025-05-12;202505;3.04.001;CC1004;147786.43;Lancamento Contabil - 3.04.001 - Ref 05/2025
DOC-103443;2025-05-18;202505;3.04.001;CC1004;26595.36;Lancamento Contabil - 3.04.001 - Ref 05/2025
DOC-103444;2025-05-19;202505;3.04.001;CC1004;126912.62;Lancamento Contabil - 3.04.001 - Ref 05/2025
DOC-103445;2025-05-20;202505;3.04.001;CC1004;37222.76;Lancamento Contabil - 3.04.001 - Ref 05/2025
DOC-103446;2025-05-26;202505;3.04.001;CC1004;268749.61;Lancamento Contabil - 3.04.001 - Ref 05/2025
DOC-103447;2025-05-27;202505;3.04.001;CC1004;279645.9;Lancamento Contabil - 3.04.001 - Ref 05/2025
DOC-103448;2025-05-06;202505;3.05.001;CC1005;86973.62;Lancamento Contabil - 3.05.001 - Ref 05/2025
DOC-103449;2025-05-10;202505;3.05.001;CC1005;45163.41;Lancamento Contabil - 3.05.001 - Ref 05/2025
DOC-103450;2025-05-11;202505;3.05.001;CC1005;183176.02;Lancamento Contabil - 3.05.001 - Ref 05/2025
DOC-103451;2025-05-18;202505;3.05.001;CC1005;287108.51;Lancamento Contabil - 3.05.001 - Ref 05/2025
DOC-103452;2025-05-19;202505;3.05.001;CC1005;183531.28;Lancamento Contabil - 3.05.001 - Ref 05/2025
DOC-103453;2025-05-20;202505;3.05.001;CC1005;285498.64;Lancamento Contabil - 3.05.001 - Ref 05/2025
DOC-103454;2025-05-23;202505;3.05.001;CC1005;83030.72;Lancamento Contabil - 3.05.001 - Ref 05/2025
DOC-103455;2025-05-26;202505;3.05.001;CC1005;27901.8;Lancamento Contabil - 3.05.001 - Ref 05/2025
DOC-103456;2025-05-09;202505;3.06.001;CC1002;626441.11;Lancamento Contabil - 3.06.001 - Ref 05/2025
DOC-103457;2025-05-31;202505;3.06.001;CC1003;709485.5;Lancamento Contabil - 3.06.001 - Ref 05/2025
DOC-103458;2025-05-02;202505;4.01.001;CC2001;9997.7;Lancamento Contabil - 4.01.001 - Ref 05/2025
DOC-103459;2025-05-04;202505;4.01.001;CC2001;578699.98;Lancamento Contabil - 4.01.001 - Ref 05/2025
DOC-103460;2025-05-05;202505;4.01.001;CC2001;20043.02;Lancamento Contabil - 4.01.001 - Ref 05/2025
DOC-103461;2025-05-09;202505;4.01.001;CC2001;526155.22;Lancamento Contabil - 4.01.001 - Ref 05/2025
DOC-103462;2025-05-14;202505;4.01.001;CC2001;446609.94;Lancamento Contabil - 4.01.001 - Ref 05/2025
DOC-103463;2025-05-21;202505;4.01.001;CC2001;186337.5;Lancamento Contabil - 4.01.001 - Ref 05/2025
DOC-103464;2025-05-22;202505;4.01.001;CC2001;127110.3;Lancamento Contabil - 4.01.001 - Ref 05/2025
DOC-103465;2025-05-25;202505;4.01.001;CC2001;101759.25;Lancamento Contabil - 4.01.001 - Ref 05/2025
DOC-103466;2025-05-27;202505;4.01.001;CC2001;237279.75;Lancamento Contabil - 4.01.001 - Ref 05/2025
DOC-103467;2025-05-29;202505;4.01.001;CC2001;40324.19;Lancamento Contabil - 4.01.001 - Ref 05/2025
DOC-103468;2025-05-30;202505;4.01.001;CC2001;74406.86;Lancamento Contabil - 4.01.001 - Ref 05/2025
DOC-103469;2025-05-31;202505;4.01.001;CC2001;113995.37;Lancamento Contabil - 4.01.001 - Ref 05/2025
DOC-103470;2025-05-05;202505;4.02.001;CC3001;11956.62;Lancamento Contabil - 4.02.001 - Ref 05/2025
DOC-103471;2025-05-08;202505;4.02.001;CC3001;24773.37;Lancamento Contabil - 4.02.001 - Ref 05/2025
DOC-103472;2025-05-11;202505;4.02.001;CC3001;56694.66;Lancamento Contabil - 4.02.001 - Ref 05/2025
DOC-103473;2025-05-22;202505;4.02.001;CC3001;6712.13;Lancamento Contabil - 4.02.001 - Ref 05/2025
DOC-103474;2025-05-23;202505;4.02.001;CC3001;81261.68;Lancamento Contabil - 4.02.001 - Ref 05/2025
DOC-103475;2025-05-25;202505;4.02.001;CC3001;34842.03;Lancamento Contabil - 4.02.001 - Ref 05/2025
DOC-103476;2025-05-27;202505;4.02.001;CC3001;51689.94;Lancamento Contabil - 4.02.001 - Ref 05/2025
DOC-103477;2025-05-03;202505;4.02.001;CC3003;16180.52;Lancamento Contabil - 4.02.001 - Ref 05/2025
DOC-103478;2025-05-05;202505;4.02.001;CC3003;30114.56;Lancamento Contabil - 4.02.001 - Ref 05/2025
DOC-103479;2025-05-09;202505;4.02.001;CC3003;325.32;Lancamento Contabil - 4.02.001 - Ref 05/2025
DOC-103480;2025-05-13;202505;4.02.001;CC3003;33976.8;Lancamento Contabil - 4.02.001 - Ref 05/2025
DOC-103481;2025-05-14;202505;4.02.001;CC3003;815.97;Lancamento Contabil - 4.02.001 - Ref 05/2025
DOC-103482;2025-05-15;202505;4.02.001;CC3003;43948.64;Lancamento Contabil - 4.02.001 - Ref 05/2025
DOC-103483;2025-05-16;202505;4.02.001;CC3003;96077.41;Lancamento Contabil - 4.02.001 - Ref 05/2025
DOC-103484;2025-05-19;202505;4.02.001;CC3003;6936.13;Lancamento Contabil - 4.02.001 - Ref 05/2025
DOC-103485;2025-05-21;202505;4.02.001;CC3003;4703.13;Lancamento Contabil - 4.02.001 - Ref 05/2025
DOC-103486;2025-05-28;202505;4.02.001;CC3003;28875.34;Lancamento Contabil - 4.02.001 - Ref 05/2025
DOC-103487;2025-05-09;202505;4.03.001;CC3002;3720.14;Lancamento Contabil - 4.03.001 - Ref 05/2025
DOC-103488;2025-05-13;202505;4.03.001;CC3002;4614.83;Lancamento Contabil - 4.03.001 - Ref 05/2025
DOC-103489;2025-05-17;202505;4.03.001;CC3002;132677.9;Lancamento Contabil - 4.03.001 - Ref 05/2025
DOC-103490;2025-05-23;202505;4.03.001;CC3002;38405.49;Lancamento Contabil - 4.03.001 - Ref 05/2025
DOC-103491;2025-05-24;202505;4.03.001;CC3002;64328.21;Lancamento Contabil - 4.03.001 - Ref 05/2025
DOC-103492;2025-05-01;202505;4.04.001;CC1001;4794.95;Lancamento Contabil - 4.04.001 - Ref 05/2025
DOC-103493;2025-05-03;202505;4.04.001;CC1001;13802.14;Lancamento Contabil - 4.04.001 - Ref 05/2025
DOC-103494;2025-05-11;202505;4.04.001;CC1001;11031.85;Lancamento Contabil - 4.04.001 - Ref 05/2025
DOC-103495;2025-05-15;202505;4.04.001;CC1001;11303.36;Lancamento Contabil - 4.04.001 - Ref 05/2025
DOC-103496;2025-05-16;202505;4.04.001;CC1001;14032.98;Lancamento Contabil - 4.04.001 - Ref 05/2025
DOC-103497;2025-05-19;202505;4.04.001;CC1001;10475.53;Lancamento Contabil - 4.04.001 - Ref 05/2025
DOC-103498;2025-05-24;202505;4.04.001;CC1001;6854.87;Lancamento Contabil - 4.04.001 - Ref 05/2025
DOC-103499;2025-05-25;202505;4.04.001;CC1001;3948.69;Lancamento Contabil - 4.04.001 - Ref 05/2025
DOC-103500;2025-05-31;202505;4.04.001;CC1001;17899.6;Lancamento Contabil - 4.04.001 - Ref 05/2025
DOC-103501;2025-05-03;202505;4.04.001;CC3001;4495.0;Lancamento Contabil - 4.04.001 - Ref 05/2025
DOC-103502;2025-05-07;202505;4.04.001;CC3001;16608.01;Lancamento Contabil - 4.04.001 - Ref 05/2025
DOC-103503;2025-05-13;202505;4.04.001;CC3001;23255.98;Lancamento Contabil - 4.04.001 - Ref 05/2025
DOC-103504;2025-05-14;202505;4.04.001;CC3001;4175.46;Lancamento Contabil - 4.04.001 - Ref 05/2025
DOC-103505;2025-05-16;202505;4.04.001;CC3001;1045.75;Lancamento Contabil - 4.04.001 - Ref 05/2025
DOC-103506;2025-05-18;202505;4.04.001;CC3001;2374.9;Lancamento Contabil - 4.04.001 - Ref 05/2025
DOC-103507;2025-05-26;202505;4.04.001;CC3001;15756.84;Lancamento Contabil - 4.04.001 - Ref 05/2025
DOC-103508;2025-05-28;202505;4.04.001;CC3001;32032.08;Lancamento Contabil - 4.04.001 - Ref 05/2025
DOC-103509;2025-05-29;202505;4.04.001;CC3001;778.89;Lancamento Contabil - 4.04.001 - Ref 05/2025
DOC-103510;2025-05-05;202505;4.05.001;CC4001;41060.95;Lancamento Contabil - 4.05.001 - Ref 05/2025
DOC-103511;2025-05-10;202505;4.05.001;CC4001;12940.23;Lancamento Contabil - 4.05.001 - Ref 05/2025
DOC-103512;2025-05-11;202505;4.05.001;CC4001;20179.83;Lancamento Contabil - 4.05.001 - Ref 05/2025
DOC-103513;2025-05-18;202505;4.05.001;CC4001;81918.69;Lancamento Contabil - 4.05.001 - Ref 05/2025
DOC-103514;2025-05-19;202505;4.05.001;CC4001;12503.5;Lancamento Contabil - 4.05.001 - Ref 05/2025
DOC-103515;2025-05-26;202505;4.05.001;CC4001;19405.55;Lancamento Contabil - 4.05.001 - Ref 05/2025
DOC-103516;2025-05-27;202505;4.05.001;CC4001;426.99;Lancamento Contabil - 4.05.001 - Ref 05/2025
DOC-103517;2025-05-31;202505;4.05.001;CC4001;2638.19;Lancamento Contabil - 4.05.001 - Ref 05/2025
DOC-103518;2025-05-01;202505;4.06.001;CC3001;5311.35;Lancamento Contabil - 4.06.001 - Ref 05/2025
DOC-103519;2025-05-02;202505;4.06.001;CC3001;1283.35;Lancamento Contabil - 4.06.001 - Ref 05/2025
DOC-103520;2025-05-04;202505;4.06.001;CC3001;2346.0;Lancamento Contabil - 4.06.001 - Ref 05/2025
DOC-103521;2025-05-11;202505;4.06.001;CC3001;7288.6;Lancamento Contabil - 4.06.001 - Ref 05/2025
DOC-103522;2025-05-15;202505;4.06.001;CC3001;22472.41;Lancamento Contabil - 4.06.001 - Ref 05/2025
DOC-103523;2025-05-21;202505;4.06.001;CC3001;345.88;Lancamento Contabil - 4.06.001 - Ref 05/2025
DOC-103524;2025-05-22;202505;4.06.001;CC3001;14781.33;Lancamento Contabil - 4.06.001 - Ref 05/2025
DOC-103525;2025-05-25;202505;4.06.001;CC3001;5750.68;Lancamento Contabil - 4.06.001 - Ref 05/2025
DOC-103526;2025-05-26;202505;4.06.001;CC3001;5548.94;Lancamento Contabil - 4.06.001 - Ref 05/2025
DOC-103527;2025-05-29;202505;4.06.001;CC3001;4638.14;Lancamento Contabil - 4.06.001 - Ref 05/2025
DOC-103528;2025-05-31;202505;4.06.001;CC3001;480.86;Lancamento Contabil - 4.06.001 - Ref 05/2025
DOC-103529;2025-05-01;202505;4.06.001;CC1005;1767.47;Lancamento Contabil - 4.06.001 - Ref 05/2025
DOC-103530;2025-05-06;202505;4.06.001;CC1005;17239.64;Lancamento Contabil - 4.06.001 - Ref 05/2025
DOC-103531;2025-05-15;202505;4.06.001;CC1005;7825.61;Lancamento Contabil - 4.06.001 - Ref 05/2025
DOC-103532;2025-05-28;202505;4.06.001;CC1005;46772.26;Lancamento Contabil - 4.06.001 - Ref 05/2025
DOC-103533;2025-05-30;202505;4.06.001;CC1005;9794.38;Lancamento Contabil - 4.06.001 - Ref 05/2025
DOC-103534;2025-05-03;202505;5.01.001;CC3001;14672.49;Lancamento Contabil - 5.01.001 - Ref 05/2025
DOC-103535;2025-05-05;202505;5.01.001;CC3001;31499.28;Lancamento Contabil - 5.01.001 - Ref 05/2025
DOC-103536;2025-05-06;202505;5.01.001;CC3001;50571.47;Lancamento Contabil - 5.01.001 - Ref 05/2025
DOC-103537;2025-05-07;202505;5.01.001;CC3001;97410.87;Lancamento Contabil - 5.01.001 - Ref 05/2025
DOC-103538;2025-05-09;202505;5.01.001;CC3001;66390.69;Lancamento Contabil - 5.01.001 - Ref 05/2025
DOC-103539;2025-05-10;202505;5.01.001;CC3001;47670.65;Lancamento Contabil - 5.01.001 - Ref 05/2025
DOC-103540;2025-05-12;202505;5.01.001;CC3001;48100.06;Lancamento Contabil - 5.01.001 - Ref 05/2025
DOC-103541;2025-05-21;202505;5.01.001;CC3001;123278.04;Lancamento Contabil - 5.01.001 - Ref 05/2025
DOC-103542;2025-05-23;202505;5.01.001;CC3001;14820.49;Lancamento Contabil - 5.01.001 - Ref 05/2025
DOC-103543;2025-05-28;202505;5.01.001;CC3001;47.02;Lancamento Contabil - 5.01.001 - Ref 05/2025
DOC-103544;2025-05-02;202505;5.02.001;CC3001;23481.18;Lancamento Contabil - 5.02.001 - Ref 05/2025
DOC-103545;2025-05-03;202505;5.02.001;CC3001;18181.86;Lancamento Contabil - 5.02.001 - Ref 05/2025
DOC-103546;2025-05-06;202505;5.02.001;CC3001;80212.43;Lancamento Contabil - 5.02.001 - Ref 05/2025
DOC-103547;2025-05-12;202505;5.02.001;CC3001;74302.34;Lancamento Contabil - 5.02.001 - Ref 05/2025
DOC-103548;2025-05-13;202505;5.02.001;CC3001;66589.17;Lancamento Contabil - 5.02.001 - Ref 05/2025
DOC-103549;2025-05-21;202505;5.02.001;CC3001;1211.58;Lancamento Contabil - 5.02.001 - Ref 05/2025
DOC-103550;2025-05-22;202505;5.02.001;CC3001;96532.62;Lancamento Contabil - 5.02.001 - Ref 05/2025
DOC-103551;2025-05-28;202505;5.02.001;CC3001;28917.06;Lancamento Contabil - 5.02.001 - Ref 05/2025
DOC-103552;2025-05-03;202505;5.03.001;CC3001;7757.36;Lancamento Contabil - 5.03.001 - Ref 05/2025
DOC-103553;2025-05-08;202505;5.03.001;CC3001;2671.72;Lancamento Contabil - 5.03.001 - Ref 05/2025
DOC-103554;2025-05-14;202505;5.03.001;CC3001;1833.29;Lancamento Contabil - 5.03.001 - Ref 05/2025
DOC-103555;2025-05-21;202505;5.03.001;CC3001;32920.11;Lancamento Contabil - 5.03.001 - Ref 05/2025
DOC-103556;2025-05-23;202505;5.03.001;CC3001;46320.99;Lancamento Contabil - 5.03.001 - Ref 05/2025
DOC-103557;2025-05-24;202505;5.03.001;CC3001;19394.56;Lancamento Contabil - 5.03.001 - Ref 05/2025
DOC-103558;2025-05-25;202505;5.03.001;CC3001;2018.24;Lancamento Contabil - 5.03.001 - Ref 05/2025
DOC-103559;2025-05-30;202505;5.03.001;CC3001;9505.07;Lancamento Contabil - 5.03.001 - Ref 05/2025
DOC-103560;2025-05-01;202505;6.01.001;CC3001;464738.66;Lancamento Contabil - 6.01.001 - Ref 05/2025
DOC-103561;2025-05-03;202505;6.01.001;CC3001;538753.59;Lancamento Contabil - 6.01.001 - Ref 05/2025
DOC-103562;2025-05-05;202505;6.01.001;CC3001;44789.91;Lancamento Contabil - 6.01.001 - Ref 05/2025
DOC-103563;2025-05-07;202505;6.01.001;CC3001;10.94;Lancamento Contabil - 6.01.001 - Ref 05/2025
DOC-103564;2025-05-16;202505;6.01.001;CC3001;443327.78;Lancamento Contabil - 6.01.001 - Ref 05/2025
DOC-103565;2025-06-01;202506;1.01.001;CC4001;73180.82;Lancamento Contabil - 1.01.001 - Ref 06/2025
DOC-103566;2025-06-11;202506;1.01.001;CC4001;4381254.42;Lancamento Contabil - 1.01.001 - Ref 06/2025
DOC-103567;2025-06-15;202506;1.01.001;CC4001;10738190.95;Lancamento Contabil - 1.01.001 - Ref 06/2025
DOC-103568;2025-06-17;202506;1.01.001;CC4001;17821735.44;Lancamento Contabil - 1.01.001 - Ref 06/2025
DOC-103569;2025-06-22;202506;1.01.001;CC4001;4702265.5;Lancamento Contabil - 1.01.001 - Ref 06/2025
DOC-103570;2025-06-23;202506;1.01.001;CC4001;4072982.77;Lancamento Contabil - 1.01.001 - Ref 06/2025
DOC-103571;2025-06-27;202506;1.01.001;CC4001;501122.26;Lancamento Contabil - 1.01.001 - Ref 06/2025
DOC-103572;2025-06-05;202506;1.01.002;CC4001;1314029.13;Lancamento Contabil - 1.01.002 - Ref 06/2025
DOC-103573;2025-06-14;202506;1.01.002;CC4001;789075.3;Lancamento Contabil - 1.01.002 - Ref 06/2025
DOC-103574;2025-06-16;202506;1.01.002;CC4001;1542305.34;Lancamento Contabil - 1.01.002 - Ref 06/2025
DOC-103575;2025-06-23;202506;1.01.002;CC4001;812530.36;Lancamento Contabil - 1.01.002 - Ref 06/2025
DOC-103576;2025-06-28;202506;1.01.002;CC4001;453684.16;Lancamento Contabil - 1.01.002 - Ref 06/2025
DOC-103577;2025-06-03;202506;1.02.001;CC1004;22703.42;Lancamento Contabil - 1.02.001 - Ref 06/2025
DOC-103578;2025-06-08;202506;1.02.001;CC1004;43484.71;Lancamento Contabil - 1.02.001 - Ref 06/2025
DOC-103579;2025-06-13;202506;1.02.001;CC1004;975913.58;Lancamento Contabil - 1.02.001 - Ref 06/2025
DOC-103580;2025-06-24;202506;1.02.001;CC1004;131158.11;Lancamento Contabil - 1.02.001 - Ref 06/2025
DOC-103581;2025-06-26;202506;1.02.001;CC1004;169542.31;Lancamento Contabil - 1.02.001 - Ref 06/2025
DOC-103582;2025-06-04;202506;2.01.001;CC3001;572985.55;Lancamento Contabil - 2.01.001 - Ref 06/2025
DOC-103583;2025-06-10;202506;2.01.001;CC3001;1501157.74;Lancamento Contabil - 2.01.001 - Ref 06/2025
DOC-103584;2025-06-11;202506;2.01.001;CC3001;242104.19;Lancamento Contabil - 2.01.001 - Ref 06/2025
DOC-103585;2025-06-12;202506;2.01.001;CC3001;463672.86;Lancamento Contabil - 2.01.001 - Ref 06/2025
DOC-103586;2025-06-29;202506;2.01.001;CC3001;109675.23;Lancamento Contabil - 2.01.001 - Ref 06/2025
DOC-103587;2025-06-05;202506;2.02.001;CC4001;43521.54;Lancamento Contabil - 2.02.001 - Ref 06/2025
DOC-103588;2025-06-13;202506;2.02.001;CC4001;44691.86;Lancamento Contabil - 2.02.001 - Ref 06/2025
DOC-103589;2025-06-21;202506;2.02.001;CC4001;14764.09;Lancamento Contabil - 2.02.001 - Ref 06/2025
DOC-103590;2025-06-25;202506;2.02.001;CC4001;5573.62;Lancamento Contabil - 2.02.001 - Ref 06/2025
DOC-103591;2025-06-27;202506;2.02.001;CC4001;39016.92;Lancamento Contabil - 2.02.001 - Ref 06/2025
DOC-103592;2025-06-29;202506;2.02.001;CC4001;5354.55;Lancamento Contabil - 2.02.001 - Ref 06/2025
DOC-103593;2025-06-01;202506;3.01.001;CC1001;2619382.95;Lancamento Contabil - 3.01.001 - Ref 06/2025
DOC-103594;2025-06-03;202506;3.01.001;CC1001;3584662.19;Lancamento Contabil - 3.01.001 - Ref 06/2025
DOC-103595;2025-06-17;202506;3.01.001;CC1001;3656610.27;Lancamento Contabil - 3.01.001 - Ref 06/2025
DOC-103596;2025-06-19;202506;3.01.001;CC1001;4245624.14;Lancamento Contabil - 3.01.001 - Ref 06/2025
DOC-103597;2025-06-20;202506;3.01.001;CC1001;6253347.21;Lancamento Contabil - 3.01.001 - Ref 06/2025
DOC-103598;2025-06-21;202506;3.01.001;CC1001;2101361.08;Lancamento Contabil - 3.01.001 - Ref 06/2025
DOC-103599;2025-06-07;202506;3.02.001;CC1002;101374.14;Lancamento Contabil - 3.02.001 - Ref 06/2025
DOC-103600;2025-06-12;202506;3.02.001;CC1002;12771.24;Lancamento Contabil - 3.02.001 - Ref 06/2025
DOC-103601;2025-06-15;202506;3.02.001;CC1002;164309.37;Lancamento Contabil - 3.02.001 - Ref 06/2025
DOC-103602;2025-06-21;202506;3.02.001;CC1002;287195.63;Lancamento Contabil - 3.02.001 - Ref 06/2025
DOC-103603;2025-06-24;202506;3.02.001;CC1002;471092.13;Lancamento Contabil - 3.02.001 - Ref 06/2025
DOC-103604;2025-06-28;202506;3.02.001;CC1002;930826.48;Lancamento Contabil - 3.02.001 - Ref 06/2025
DOC-103605;2025-06-07;202506;3.02.001;CC1003;84136.91;Lancamento Contabil - 3.02.001 - Ref 06/2025
DOC-103606;2025-06-14;202506;3.02.001;CC1003;51669.48;Lancamento Contabil - 3.02.001 - Ref 06/2025
DOC-103607;2025-06-15;202506;3.02.001;CC1003;1274751.01;Lancamento Contabil - 3.02.001 - Ref 06/2025
DOC-103608;2025-06-20;202506;3.02.001;CC1003;44035.82;Lancamento Contabil - 3.02.001 - Ref 06/2025
DOC-103609;2025-06-22;202506;3.02.001;CC1003;250733.04;Lancamento Contabil - 3.02.001 - Ref 06/2025
DOC-103610;2025-06-30;202506;3.02.001;CC1003;339239.48;Lancamento Contabil - 3.02.001 - Ref 06/2025
DOC-103611;2025-06-04;202506;3.03.001;CC1002;14388.17;Lancamento Contabil - 3.03.001 - Ref 06/2025
DOC-103612;2025-06-05;202506;3.03.001;CC1002;27315.11;Lancamento Contabil - 3.03.001 - Ref 06/2025
DOC-103613;2025-06-19;202506;3.03.001;CC1002;215854.58;Lancamento Contabil - 3.03.001 - Ref 06/2025
DOC-103614;2025-06-25;202506;3.03.001;CC1002;192606.43;Lancamento Contabil - 3.03.001 - Ref 06/2025
DOC-103615;2025-06-29;202506;3.03.001;CC1002;65238.27;Lancamento Contabil - 3.03.001 - Ref 06/2025
DOC-103616;2025-06-03;202506;3.03.001;CC1003;54382.53;Lancamento Contabil - 3.03.001 - Ref 06/2025
DOC-103617;2025-06-05;202506;3.03.001;CC1003;91852.91;Lancamento Contabil - 3.03.001 - Ref 06/2025
DOC-103618;2025-06-08;202506;3.03.001;CC1003;2274.3;Lancamento Contabil - 3.03.001 - Ref 06/2025
DOC-103619;2025-06-09;202506;3.03.001;CC1003;36920.28;Lancamento Contabil - 3.03.001 - Ref 06/2025
DOC-103620;2025-06-11;202506;3.03.001;CC1003;62601.52;Lancamento Contabil - 3.03.001 - Ref 06/2025
DOC-103621;2025-06-12;202506;3.03.001;CC1003;15571.61;Lancamento Contabil - 3.03.001 - Ref 06/2025
DOC-103622;2025-06-14;202506;3.03.001;CC1003;19698.89;Lancamento Contabil - 3.03.001 - Ref 06/2025
DOC-103623;2025-06-21;202506;3.03.001;CC1003;50927.97;Lancamento Contabil - 3.03.001 - Ref 06/2025
DOC-103624;2025-06-25;202506;3.03.001;CC1003;122216.19;Lancamento Contabil - 3.03.001 - Ref 06/2025
DOC-103625;2025-06-26;202506;3.03.001;CC1003;88916.06;Lancamento Contabil - 3.03.001 - Ref 06/2025
DOC-103626;2025-06-01;202506;3.03.001;CC1005;29528.77;Lancamento Contabil - 3.03.001 - Ref 06/2025
DOC-103627;2025-06-07;202506;3.03.001;CC1005;66646.15;Lancamento Contabil - 3.03.001 - Ref 06/2025
DOC-103628;2025-06-10;202506;3.03.001;CC1005;40839.85;Lancamento Contabil - 3.03.001 - Ref 06/2025
DOC-103629;2025-06-17;202506;3.03.001;CC1005;13704.96;Lancamento Contabil - 3.03.001 - Ref 06/2025
DOC-103630;2025-06-20;202506;3.03.001;CC1005;78711.84;Lancamento Contabil - 3.03.001 - Ref 06/2025
DOC-103631;2025-06-22;202506;3.03.001;CC1005;52894.55;Lancamento Contabil - 3.03.001 - Ref 06/2025
DOC-103632;2025-06-23;202506;3.03.001;CC1005;28896.68;Lancamento Contabil - 3.03.001 - Ref 06/2025
DOC-103633;2025-06-24;202506;3.03.001;CC1005;157642.91;Lancamento Contabil - 3.03.001 - Ref 06/2025
DOC-103634;2025-06-25;202506;3.03.001;CC1005;1376.49;Lancamento Contabil - 3.03.001 - Ref 06/2025
DOC-103635;2025-06-26;202506;3.03.001;CC1005;24689.08;Lancamento Contabil - 3.03.001 - Ref 06/2025
DOC-103636;2025-06-29;202506;3.03.001;CC1005;3810.28;Lancamento Contabil - 3.03.001 - Ref 06/2025
DOC-103637;2025-06-30;202506;3.03.001;CC1005;94646.11;Lancamento Contabil - 3.03.001 - Ref 06/2025
DOC-103638;2025-06-02;202506;3.04.001;CC1004;104835.54;Lancamento Contabil - 3.04.001 - Ref 06/2025
DOC-103639;2025-06-04;202506;3.04.001;CC1004;34843.35;Lancamento Contabil - 3.04.001 - Ref 06/2025
DOC-103640;2025-06-07;202506;3.04.001;CC1004;97472.9;Lancamento Contabil - 3.04.001 - Ref 06/2025
DOC-103641;2025-06-08;202506;3.04.001;CC1004;43636.85;Lancamento Contabil - 3.04.001 - Ref 06/2025
DOC-103642;2025-06-10;202506;3.04.001;CC1004;122201.5;Lancamento Contabil - 3.04.001 - Ref 06/2025
DOC-103643;2025-06-13;202506;3.04.001;CC1004;52414.44;Lancamento Contabil - 3.04.001 - Ref 06/2025
DOC-103644;2025-06-16;202506;3.04.001;CC1004;46011.14;Lancamento Contabil - 3.04.001 - Ref 06/2025
DOC-103645;2025-06-21;202506;3.04.001;CC1004;236262.69;Lancamento Contabil - 3.04.001 - Ref 06/2025
DOC-103646;2025-06-23;202506;3.04.001;CC1004;25005.53;Lancamento Contabil - 3.04.001 - Ref 06/2025
DOC-103647;2025-06-24;202506;3.04.001;CC1004;11110.27;Lancamento Contabil - 3.04.001 - Ref 06/2025
DOC-103648;2025-06-28;202506;3.04.001;CC1004;76039.11;Lancamento Contabil - 3.04.001 - Ref 06/2025
DOC-103649;2025-06-29;202506;3.04.001;CC1004;301619.81;Lancamento Contabil - 3.04.001 - Ref 06/2025
DOC-103650;2025-06-01;202506;3.05.001;CC1005;38861.36;Lancamento Contabil - 3.05.001 - Ref 06/2025
DOC-103651;2025-06-12;202506;3.05.001;CC1005;66110.61;Lancamento Contabil - 3.05.001 - Ref 06/2025
DOC-103652;2025-06-17;202506;3.05.001;CC1005;16562.81;Lancamento Contabil - 3.05.001 - Ref 06/2025
DOC-103653;2025-06-29;202506;3.05.001;CC1005;100630.61;Lancamento Contabil - 3.05.001 - Ref 06/2025
DOC-103654;2025-06-30;202506;3.05.001;CC1005;571631.64;Lancamento Contabil - 3.05.001 - Ref 06/2025
DOC-103655;2025-06-11;202506;3.06.001;CC1002;610885.57;Lancamento Contabil - 3.06.001 - Ref 06/2025
DOC-103656;2025-06-05;202506;3.06.001;CC1003;575043.87;Lancamento Contabil - 3.06.001 - Ref 06/2025
DOC-103657;2025-06-03;202506;4.01.001;CC2001;418319.75;Lancamento Contabil - 4.01.001 - Ref 06/2025
DOC-103658;2025-06-06;202506;4.01.001;CC2001;104358.85;Lancamento Contabil - 4.01.001 - Ref 06/2025
DOC-103659;2025-06-12;202506;4.01.001;CC2001;95398.67;Lancamento Contabil - 4.01.001 - Ref 06/2025
DOC-103660;2025-06-14;202506;4.01.001;CC2001;209926.79;Lancamento Contabil - 4.01.001 - Ref 06/2025
DOC-103661;2025-06-16;202506;4.01.001;CC2001;113631.31;Lancamento Contabil - 4.01.001 - Ref 06/2025
DOC-103662;2025-06-18;202506;4.01.001;CC2001;203478.14;Lancamento Contabil - 4.01.001 - Ref 06/2025
DOC-103663;2025-06-19;202506;4.01.001;CC2001;12350.46;Lancamento Contabil - 4.01.001 - Ref 06/2025
DOC-103664;2025-06-22;202506;4.01.001;CC2001;327290.98;Lancamento Contabil - 4.01.001 - Ref 06/2025
DOC-103665;2025-06-27;202506;4.01.001;CC2001;549569.94;Lancamento Contabil - 4.01.001 - Ref 06/2025
DOC-103666;2025-06-28;202506;4.01.001;CC2001;203772.86;Lancamento Contabil - 4.01.001 - Ref 06/2025
DOC-103667;2025-06-01;202506;4.02.001;CC3001;151896.14;Lancamento Contabil - 4.02.001 - Ref 06/2025
DOC-103668;2025-06-03;202506;4.02.001;CC3001;89443.58;Lancamento Contabil - 4.02.001 - Ref 06/2025
DOC-103669;2025-06-09;202506;4.02.001;CC3001;71904.32;Lancamento Contabil - 4.02.001 - Ref 06/2025
DOC-103670;2025-06-19;202506;4.02.001;CC3001;23633.36;Lancamento Contabil - 4.02.001 - Ref 06/2025
DOC-103671;2025-06-02;202506;4.02.001;CC3003;35410.9;Lancamento Contabil - 4.02.001 - Ref 06/2025
DOC-103672;2025-06-10;202506;4.02.001;CC3003;12644.61;Lancamento Contabil - 4.02.001 - Ref 06/2025
DOC-103673;2025-06-13;202506;4.02.001;CC3003;94420.73;Lancamento Contabil - 4.02.001 - Ref 06/2025
DOC-103674;2025-06-17;202506;4.02.001;CC3003;16684.42;Lancamento Contabil - 4.02.001 - Ref 06/2025
DOC-103675;2025-06-21;202506;4.02.001;CC3003;4298.56;Lancamento Contabil - 4.02.001 - Ref 06/2025
DOC-103676;2025-06-26;202506;4.02.001;CC3003;57250.66;Lancamento Contabil - 4.02.001 - Ref 06/2025
DOC-103677;2025-06-30;202506;4.02.001;CC3003;64420.07;Lancamento Contabil - 4.02.001 - Ref 06/2025
DOC-103678;2025-06-03;202506;4.03.001;CC3002;11521.38;Lancamento Contabil - 4.03.001 - Ref 06/2025
DOC-103679;2025-06-05;202506;4.03.001;CC3002;44160.83;Lancamento Contabil - 4.03.001 - Ref 06/2025
DOC-103680;2025-06-09;202506;4.03.001;CC3002;21124.39;Lancamento Contabil - 4.03.001 - Ref 06/2025
DOC-103681;2025-06-13;202506;4.03.001;CC3002;2245.25;Lancamento Contabil - 4.03.001 - Ref 06/2025
DOC-103682;2025-06-14;202506;4.03.001;CC3002;22680.07;Lancamento Contabil - 4.03.001 - Ref 06/2025
DOC-103683;2025-06-18;202506;4.03.001;CC3002;64861.75;Lancamento Contabil - 4.03.001 - Ref 06/2025
DOC-103684;2025-06-20;202506;4.03.001;CC3002;13718.92;Lancamento Contabil - 4.03.001 - Ref 06/2025
DOC-103685;2025-06-21;202506;4.03.001;CC3002;9552.97;Lancamento Contabil - 4.03.001 - Ref 06/2025
DOC-103686;2025-06-23;202506;4.03.001;CC3002;4209.61;Lancamento Contabil - 4.03.001 - Ref 06/2025
DOC-103687;2025-06-25;202506;4.03.001;CC3002;4463.92;Lancamento Contabil - 4.03.001 - Ref 06/2025
DOC-103688;2025-06-27;202506;4.03.001;CC3002;15412.22;Lancamento Contabil - 4.03.001 - Ref 06/2025
DOC-103689;2025-06-29;202506;4.03.001;CC3002;24614.96;Lancamento Contabil - 4.03.001 - Ref 06/2025
DOC-103690;2025-06-03;202506;4.04.001;CC1001;1237.27;Lancamento Contabil - 4.04.001 - Ref 06/2025
DOC-103691;2025-06-07;202506;4.04.001;CC1001;41309.53;Lancamento Contabil - 4.04.001 - Ref 06/2025
DOC-103692;2025-06-10;202506;4.04.001;CC1001;20712.46;Lancamento Contabil - 4.04.001 - Ref 06/2025
DOC-103693;2025-06-17;202506;4.04.001;CC1001;13004.11;Lancamento Contabil - 4.04.001 - Ref 06/2025
DOC-103694;2025-06-30;202506;4.04.001;CC1001;25949.63;Lancamento Contabil - 4.04.001 - Ref 06/2025
DOC-103695;2025-06-11;202506;4.04.001;CC3001;12622.33;Lancamento Contabil - 4.04.001 - Ref 06/2025
DOC-103696;2025-06-13;202506;4.04.001;CC3001;22389.66;Lancamento Contabil - 4.04.001 - Ref 06/2025
DOC-103697;2025-06-18;202506;4.04.001;CC3001;19419.2;Lancamento Contabil - 4.04.001 - Ref 06/2025
DOC-103698;2025-06-19;202506;4.04.001;CC3001;4117.84;Lancamento Contabil - 4.04.001 - Ref 06/2025
DOC-103699;2025-06-21;202506;4.04.001;CC3001;35895.62;Lancamento Contabil - 4.04.001 - Ref 06/2025
DOC-103700;2025-06-25;202506;4.04.001;CC3001;1685.31;Lancamento Contabil - 4.04.001 - Ref 06/2025
DOC-103701;2025-06-10;202506;4.05.001;CC4001;56431.6;Lancamento Contabil - 4.05.001 - Ref 06/2025
DOC-103702;2025-06-14;202506;4.05.001;CC4001;95975.29;Lancamento Contabil - 4.05.001 - Ref 06/2025
DOC-103703;2025-06-23;202506;4.05.001;CC4001;5288.77;Lancamento Contabil - 4.05.001 - Ref 06/2025
DOC-103704;2025-06-24;202506;4.05.001;CC4001;34728.7;Lancamento Contabil - 4.05.001 - Ref 06/2025
DOC-103705;2025-06-28;202506;4.05.001;CC4001;1115.32;Lancamento Contabil - 4.05.001 - Ref 06/2025
DOC-103706;2025-06-02;202506;4.06.001;CC3001;6631.46;Lancamento Contabil - 4.06.001 - Ref 06/2025
DOC-103707;2025-06-03;202506;4.06.001;CC3001;20968.64;Lancamento Contabil - 4.06.001 - Ref 06/2025
DOC-103708;2025-06-04;202506;4.06.001;CC3001;8512.22;Lancamento Contabil - 4.06.001 - Ref 06/2025
DOC-103709;2025-06-08;202506;4.06.001;CC3001;5008.76;Lancamento Contabil - 4.06.001 - Ref 06/2025
DOC-103710;2025-06-14;202506;4.06.001;CC3001;12659.68;Lancamento Contabil - 4.06.001 - Ref 06/2025
DOC-103711;2025-06-15;202506;4.06.001;CC3001;22941.62;Lancamento Contabil - 4.06.001 - Ref 06/2025
DOC-103712;2025-06-20;202506;4.06.001;CC3001;170.27;Lancamento Contabil - 4.06.001 - Ref 06/2025
DOC-103713;2025-06-06;202506;4.06.001;CC1005;41983.66;Lancamento Contabil - 4.06.001 - Ref 06/2025
DOC-103714;2025-06-10;202506;4.06.001;CC1005;934.43;Lancamento Contabil - 4.06.001 - Ref 06/2025
DOC-103715;2025-06-22;202506;4.06.001;CC1005;17471.78;Lancamento Contabil - 4.06.001 - Ref 06/2025
DOC-103716;2025-06-24;202506;4.06.001;CC1005;3412.93;Lancamento Contabil - 4.06.001 - Ref 06/2025
DOC-103717;2025-06-01;202506;5.01.001;CC3001;102404.25;Lancamento Contabil - 5.01.001 - Ref 06/2025
DOC-103718;2025-06-05;202506;5.01.001;CC3001;47555.06;Lancamento Contabil - 5.01.001 - Ref 06/2025
DOC-103719;2025-06-06;202506;5.01.001;CC3001;5564.0;Lancamento Contabil - 5.01.001 - Ref 06/2025
DOC-103720;2025-06-16;202506;5.01.001;CC3001;90727.19;Lancamento Contabil - 5.01.001 - Ref 06/2025
DOC-103721;2025-06-23;202506;5.01.001;CC3001;230739.82;Lancamento Contabil - 5.01.001 - Ref 06/2025
DOC-103722;2025-06-05;202506;5.02.001;CC3001;23749.2;Lancamento Contabil - 5.02.001 - Ref 06/2025
DOC-103723;2025-06-06;202506;5.02.001;CC3001;11980.42;Lancamento Contabil - 5.02.001 - Ref 06/2025
DOC-103724;2025-06-09;202506;5.02.001;CC3001;28722.6;Lancamento Contabil - 5.02.001 - Ref 06/2025
DOC-103725;2025-06-12;202506;5.02.001;CC3001;2436.24;Lancamento Contabil - 5.02.001 - Ref 06/2025
DOC-103726;2025-06-17;202506;5.02.001;CC3001;84409.18;Lancamento Contabil - 5.02.001 - Ref 06/2025
DOC-103727;2025-06-24;202506;5.02.001;CC3001;86038.36;Lancamento Contabil - 5.02.001 - Ref 06/2025
DOC-103728;2025-06-26;202506;5.02.001;CC3001;43579.58;Lancamento Contabil - 5.02.001 - Ref 06/2025
DOC-103729;2025-06-27;202506;5.02.001;CC3001;21406.52;Lancamento Contabil - 5.02.001 - Ref 06/2025
DOC-103730;2025-06-30;202506;5.02.001;CC3001;79044.6;Lancamento Contabil - 5.02.001 - Ref 06/2025
DOC-103731;2025-06-01;202506;5.03.001;CC3001;13878.72;Lancamento Contabil - 5.03.001 - Ref 06/2025
DOC-103732;2025-06-04;202506;5.03.001;CC3001;21333.23;Lancamento Contabil - 5.03.001 - Ref 06/2025
DOC-103733;2025-06-09;202506;5.03.001;CC3001;12689.98;Lancamento Contabil - 5.03.001 - Ref 06/2025
DOC-103734;2025-06-11;202506;5.03.001;CC3001;7433.98;Lancamento Contabil - 5.03.001 - Ref 06/2025
DOC-103735;2025-06-14;202506;5.03.001;CC3001;44058.02;Lancamento Contabil - 5.03.001 - Ref 06/2025
DOC-103736;2025-06-24;202506;5.03.001;CC3001;10830.33;Lancamento Contabil - 5.03.001 - Ref 06/2025
DOC-103737;2025-06-25;202506;5.03.001;CC3001;12917.88;Lancamento Contabil - 5.03.001 - Ref 06/2025
DOC-103738;2025-06-29;202506;5.03.001;CC3001;3463.23;Lancamento Contabil - 5.03.001 - Ref 06/2025
DOC-103739;2025-06-02;202506;6.01.001;CC3001;179805.98;Lancamento Contabil - 6.01.001 - Ref 06/2025
DOC-103740;2025-06-03;202506;6.01.001;CC3001;155128.86;Lancamento Contabil - 6.01.001 - Ref 06/2025
DOC-103741;2025-06-09;202506;6.01.001;CC3001;37398.75;Lancamento Contabil - 6.01.001 - Ref 06/2025
DOC-103742;2025-06-12;202506;6.01.001;CC3001;11242.61;Lancamento Contabil - 6.01.001 - Ref 06/2025
DOC-103743;2025-06-15;202506;6.01.001;CC3001;169683.11;Lancamento Contabil - 6.01.001 - Ref 06/2025
DOC-103744;2025-06-16;202506;6.01.001;CC3001;263994.19;Lancamento Contabil - 6.01.001 - Ref 06/2025
DOC-103745;2025-06-17;202506;6.01.001;CC3001;135615.01;Lancamento Contabil - 6.01.001 - Ref 06/2025
DOC-103746;2025-06-19;202506;6.01.001;CC3001;47063.38;Lancamento Contabil - 6.01.001 - Ref 06/2025
DOC-103747;2025-06-21;202506;6.01.001;CC3001;200962.57;Lancamento Contabil - 6.01.001 - Ref 06/2025
DOC-103748;2025-06-23;202506;6.01.001;CC3001;15279.56;Lancamento Contabil - 6.01.001 - Ref 06/2025
DOC-103749;2025-06-24;202506;6.01.001;CC3001;106704.84;Lancamento Contabil - 6.01.001 - Ref 06/2025
DOC-103750;2025-06-30;202506;6.01.001;CC3001;32640.96;Lancamento Contabil - 6.01.001 - Ref 06/2025
DOC-103751;2025-07-04;202507;1.01.001;CC4001;7960478.16;Lancamento Contabil - 1.01.001 - Ref 07/2025
DOC-103752;2025-07-06;202507;1.01.001;CC4001;854883.07;Lancamento Contabil - 1.01.001 - Ref 07/2025
DOC-103753;2025-07-09;202507;1.01.001;CC4001;8257497.76;Lancamento Contabil - 1.01.001 - Ref 07/2025
DOC-103754;2025-07-12;202507;1.01.001;CC4001;11671603.32;Lancamento Contabil - 1.01.001 - Ref 07/2025
DOC-103755;2025-07-19;202507;1.01.001;CC4001;10750712.91;Lancamento Contabil - 1.01.001 - Ref 07/2025
DOC-103756;2025-07-25;202507;1.01.001;CC4001;7856661.22;Lancamento Contabil - 1.01.001 - Ref 07/2025
DOC-103757;2025-07-01;202507;1.01.002;CC4001;3430327.0;Lancamento Contabil - 1.01.002 - Ref 07/2025
DOC-103758;2025-07-02;202507;1.01.002;CC4001;294804.35;Lancamento Contabil - 1.01.002 - Ref 07/2025
DOC-103759;2025-07-08;202507;1.01.002;CC4001;1322760.13;Lancamento Contabil - 1.01.002 - Ref 07/2025
DOC-103760;2025-07-17;202507;1.01.002;CC4001;120240.39;Lancamento Contabil - 1.01.002 - Ref 07/2025
DOC-103761;2025-07-24;202507;1.01.002;CC4001;138571.6;Lancamento Contabil - 1.01.002 - Ref 07/2025
DOC-103762;2025-07-02;202507;1.02.001;CC1004;545025.86;Lancamento Contabil - 1.02.001 - Ref 07/2025
DOC-103763;2025-07-08;202507;1.02.001;CC1004;211419.3;Lancamento Contabil - 1.02.001 - Ref 07/2025
DOC-103764;2025-07-12;202507;1.02.001;CC1004;832472.92;Lancamento Contabil - 1.02.001 - Ref 07/2025
DOC-103765;2025-07-16;202507;1.02.001;CC1004;12931.46;Lancamento Contabil - 1.02.001 - Ref 07/2025
DOC-103766;2025-07-02;202507;2.01.001;CC3001;46384.6;Lancamento Contabil - 2.01.001 - Ref 07/2025
DOC-103767;2025-07-05;202507;2.01.001;CC3001;20265.58;Lancamento Contabil - 2.01.001 - Ref 07/2025
DOC-103768;2025-07-06;202507;2.01.001;CC3001;92143.4;Lancamento Contabil - 2.01.001 - Ref 07/2025
DOC-103769;2025-07-14;202507;2.01.001;CC3001;350436.05;Lancamento Contabil - 2.01.001 - Ref 07/2025
DOC-103770;2025-07-18;202507;2.01.001;CC3001;466435.16;Lancamento Contabil - 2.01.001 - Ref 07/2025
DOC-103771;2025-07-21;202507;2.01.001;CC3001;20980.85;Lancamento Contabil - 2.01.001 - Ref 07/2025
DOC-103772;2025-07-23;202507;2.01.001;CC3001;1312282.86;Lancamento Contabil - 2.01.001 - Ref 07/2025
DOC-103773;2025-07-24;202507;2.01.001;CC3001;830210.28;Lancamento Contabil - 2.01.001 - Ref 07/2025
DOC-103774;2025-07-28;202507;2.01.001;CC3001;158220.16;Lancamento Contabil - 2.01.001 - Ref 07/2025
DOC-103775;2025-07-30;202507;2.01.001;CC3001;36122.79;Lancamento Contabil - 2.01.001 - Ref 07/2025
DOC-103776;2025-07-03;202507;2.02.001;CC4001;2046.36;Lancamento Contabil - 2.02.001 - Ref 07/2025
DOC-103777;2025-07-08;202507;2.02.001;CC4001;11369.02;Lancamento Contabil - 2.02.001 - Ref 07/2025
DOC-103778;2025-07-09;202507;2.02.001;CC4001;4388.5;Lancamento Contabil - 2.02.001 - Ref 07/2025
DOC-103779;2025-07-11;202507;2.02.001;CC4001;6896.04;Lancamento Contabil - 2.02.001 - Ref 07/2025
DOC-103780;2025-07-14;202507;2.02.001;CC4001;70874.12;Lancamento Contabil - 2.02.001 - Ref 07/2025
DOC-103781;2025-07-24;202507;2.02.001;CC4001;17932.95;Lancamento Contabil - 2.02.001 - Ref 07/2025
DOC-103782;2025-07-31;202507;2.02.001;CC4001;46279.29;Lancamento Contabil - 2.02.001 - Ref 07/2025
DOC-103783;2025-07-02;202507;3.01.001;CC1001;683804.8;Lancamento Contabil - 3.01.001 - Ref 07/2025
DOC-103784;2025-07-04;202507;3.01.001;CC1001;2140746.34;Lancamento Contabil - 3.01.001 - Ref 07/2025
DOC-103785;2025-07-06;202507;3.01.001;CC1001;3597214.27;Lancamento Contabil - 3.01.001 - Ref 07/2025
DOC-103786;2025-07-08;202507;3.01.001;CC1001;355080.22;Lancamento Contabil - 3.01.001 - Ref 07/2025
DOC-103787;2025-07-13;202507;3.01.001;CC1001;18656.73;Lancamento Contabil - 3.01.001 - Ref 07/2025
DOC-103788;2025-07-17;202507;3.01.001;CC1001;4935039.93;Lancamento Contabil - 3.01.001 - Ref 07/2025
DOC-103789;2025-07-22;202507;3.01.001;CC1001;4564854.56;Lancamento Contabil - 3.01.001 - Ref 07/2025
DOC-103790;2025-07-28;202507;3.01.001;CC1001;2351836.84;Lancamento Contabil - 3.01.001 - Ref 07/2025
DOC-103791;2025-07-30;202507;3.01.001;CC1001;2990630.8;Lancamento Contabil - 3.01.001 - Ref 07/2025
DOC-103792;2025-07-10;202507;3.02.001;CC1002;138493.66;Lancamento Contabil - 3.02.001 - Ref 07/2025
DOC-103793;2025-07-15;202507;3.02.001;CC1002;66072.18;Lancamento Contabil - 3.02.001 - Ref 07/2025
DOC-103794;2025-07-25;202507;3.02.001;CC1002;35124.92;Lancamento Contabil - 3.02.001 - Ref 07/2025
DOC-103795;2025-07-28;202507;3.02.001;CC1002;1064507.94;Lancamento Contabil - 3.02.001 - Ref 07/2025
DOC-103796;2025-07-29;202507;3.02.001;CC1002;310086.95;Lancamento Contabil - 3.02.001 - Ref 07/2025
DOC-103797;2025-07-01;202507;3.02.001;CC1003;391010.51;Lancamento Contabil - 3.02.001 - Ref 07/2025
DOC-103798;2025-07-03;202507;3.02.001;CC1003;113573.09;Lancamento Contabil - 3.02.001 - Ref 07/2025
DOC-103799;2025-07-07;202507;3.02.001;CC1003;149725.73;Lancamento Contabil - 3.02.001 - Ref 07/2025
DOC-103800;2025-07-10;202507;3.02.001;CC1003;81057.07;Lancamento Contabil - 3.02.001 - Ref 07/2025
DOC-103801;2025-07-11;202507;3.02.001;CC1003;30574.94;Lancamento Contabil - 3.02.001 - Ref 07/2025
DOC-103802;2025-07-12;202507;3.02.001;CC1003;59135.81;Lancamento Contabil - 3.02.001 - Ref 07/2025
DOC-103803;2025-07-15;202507;3.02.001;CC1003;478757.9;Lancamento Contabil - 3.02.001 - Ref 07/2025
DOC-103804;2025-07-18;202507;3.02.001;CC1003;339277.8;Lancamento Contabil - 3.02.001 - Ref 07/2025
DOC-103805;2025-07-07;202507;3.03.001;CC1002;91573.01;Lancamento Contabil - 3.03.001 - Ref 07/2025
DOC-103806;2025-07-08;202507;3.03.001;CC1002;2704.82;Lancamento Contabil - 3.03.001 - Ref 07/2025
DOC-103807;2025-07-12;202507;3.03.001;CC1002;11796.21;Lancamento Contabil - 3.03.001 - Ref 07/2025
DOC-103808;2025-07-15;202507;3.03.001;CC1002;15426.3;Lancamento Contabil - 3.03.001 - Ref 07/2025
DOC-103809;2025-07-16;202507;3.03.001;CC1002;54629.95;Lancamento Contabil - 3.03.001 - Ref 07/2025
DOC-103810;2025-07-19;202507;3.03.001;CC1002;175321.39;Lancamento Contabil - 3.03.001 - Ref 07/2025
DOC-103811;2025-07-20;202507;3.03.001;CC1002;9861.36;Lancamento Contabil - 3.03.001 - Ref 07/2025
DOC-103812;2025-07-24;202507;3.03.001;CC1002;74283.22;Lancamento Contabil - 3.03.001 - Ref 07/2025
DOC-103813;2025-07-01;202507;3.03.001;CC1003;71565.59;Lancamento Contabil - 3.03.001 - Ref 07/2025
DOC-103814;2025-07-05;202507;3.03.001;CC1003;10255.47;Lancamento Contabil - 3.03.001 - Ref 07/2025
DOC-103815;2025-07-08;202507;3.03.001;CC1003;20543.72;Lancamento Contabil - 3.03.001 - Ref 07/2025
DOC-103816;2025-07-12;202507;3.03.001;CC1003;21243.59;Lancamento Contabil - 3.03.001 - Ref 07/2025
DOC-103817;2025-07-14;202507;3.03.001;CC1003;154236.67;Lancamento Contabil - 3.03.001 - Ref 07/2025
DOC-103818;2025-07-18;202507;3.03.001;CC1003;8042.31;Lancamento Contabil - 3.03.001 - Ref 07/2025
DOC-103819;2025-07-21;202507;3.03.001;CC1003;64698.11;Lancamento Contabil - 3.03.001 - Ref 07/2025
DOC-103820;2025-07-25;202507;3.03.001;CC1003;16394.02;Lancamento Contabil - 3.03.001 - Ref 07/2025
DOC-103821;2025-07-26;202507;3.03.001;CC1003;52902.04;Lancamento Contabil - 3.03.001 - Ref 07/2025
DOC-103822;2025-07-27;202507;3.03.001;CC1003;21955.67;Lancamento Contabil - 3.03.001 - Ref 07/2025
DOC-103823;2025-07-29;202507;3.03.001;CC1003;34807.0;Lancamento Contabil - 3.03.001 - Ref 07/2025
DOC-103824;2025-07-31;202507;3.03.001;CC1003;72041.69;Lancamento Contabil - 3.03.001 - Ref 07/2025
DOC-103825;2025-07-01;202507;3.03.001;CC1005;3044.06;Lancamento Contabil - 3.03.001 - Ref 07/2025
DOC-103826;2025-07-04;202507;3.03.001;CC1005;58328.39;Lancamento Contabil - 3.03.001 - Ref 07/2025
DOC-103827;2025-07-07;202507;3.03.001;CC1005;7468.38;Lancamento Contabil - 3.03.001 - Ref 07/2025
DOC-103828;2025-07-10;202507;3.03.001;CC1005;26620.43;Lancamento Contabil - 3.03.001 - Ref 07/2025
DOC-103829;2025-07-13;202507;3.03.001;CC1005;39388.88;Lancamento Contabil - 3.03.001 - Ref 07/2025
DOC-103830;2025-07-22;202507;3.03.001;CC1005;25523.91;Lancamento Contabil - 3.03.001 - Ref 07/2025
DOC-103831;2025-07-24;202507;3.03.001;CC1005;36307.83;Lancamento Contabil - 3.03.001 - Ref 07/2025
DOC-103832;2025-07-25;202507;3.03.001;CC1005;280422.16;Lancamento Contabil - 3.03.001 - Ref 07/2025
DOC-103833;2025-07-27;202507;3.03.001;CC1005;7194.46;Lancamento Contabil - 3.03.001 - Ref 07/2025
DOC-103834;2025-07-02;202507;3.04.001;CC1004;67041.43;Lancamento Contabil - 3.04.001 - Ref 07/2025
DOC-103835;2025-07-03;202507;3.04.001;CC1004;30036.52;Lancamento Contabil - 3.04.001 - Ref 07/2025
DOC-103836;2025-07-05;202507;3.04.001;CC1004;8502.95;Lancamento Contabil - 3.04.001 - Ref 07/2025
DOC-103837;2025-07-08;202507;3.04.001;CC1004;10297.52;Lancamento Contabil - 3.04.001 - Ref 07/2025
DOC-103838;2025-07-09;202507;3.04.001;CC1004;177609.92;Lancamento Contabil - 3.04.001 - Ref 07/2025
DOC-103839;2025-07-14;202507;3.04.001;CC1004;126116.5;Lancamento Contabil - 3.04.001 - Ref 07/2025
DOC-103840;2025-07-16;202507;3.04.001;CC1004;141526.02;Lancamento Contabil - 3.04.001 - Ref 07/2025
DOC-103841;2025-07-17;202507;3.04.001;CC1004;284263.69;Lancamento Contabil - 3.04.001 - Ref 07/2025
DOC-103842;2025-07-23;202507;3.04.001;CC1004;13916.18;Lancamento Contabil - 3.04.001 - Ref 07/2025
DOC-103843;2025-07-28;202507;3.04.001;CC1004;26164.38;Lancamento Contabil - 3.04.001 - Ref 07/2025
DOC-103844;2025-07-30;202507;3.04.001;CC1004;65907.39;Lancamento Contabil - 3.04.001 - Ref 07/2025
DOC-103845;2025-07-31;202507;3.04.001;CC1004;39394.7;Lancamento Contabil - 3.04.001 - Ref 07/2025
DOC-103846;2025-07-03;202507;3.05.001;CC1005;99053.6;Lancamento Contabil - 3.05.001 - Ref 07/2025
DOC-103847;2025-07-04;202507;3.05.001;CC1005;94237.77;Lancamento Contabil - 3.05.001 - Ref 07/2025
DOC-103848;2025-07-05;202507;3.05.001;CC1005;19361.89;Lancamento Contabil - 3.05.001 - Ref 07/2025
DOC-103849;2025-07-13;202507;3.05.001;CC1005;70169.11;Lancamento Contabil - 3.05.001 - Ref 07/2025
DOC-103850;2025-07-15;202507;3.05.001;CC1005;88650.91;Lancamento Contabil - 3.05.001 - Ref 07/2025
DOC-103851;2025-07-17;202507;3.05.001;CC1005;92871.5;Lancamento Contabil - 3.05.001 - Ref 07/2025
DOC-103852;2025-07-19;202507;3.05.001;CC1005;25933.59;Lancamento Contabil - 3.05.001 - Ref 07/2025
DOC-103853;2025-07-21;202507;3.05.001;CC1005;149081.27;Lancamento Contabil - 3.05.001 - Ref 07/2025
DOC-103854;2025-07-24;202507;3.05.001;CC1005;2806.26;Lancamento Contabil - 3.05.001 - Ref 07/2025
DOC-103855;2025-07-03;202507;3.06.001;CC1002;506402.81;Lancamento Contabil - 3.06.001 - Ref 07/2025
DOC-103856;2025-07-19;202507;3.06.001;CC1003;550289.19;Lancamento Contabil - 3.06.001 - Ref 07/2025
DOC-103857;2025-07-05;202507;4.01.001;CC2001;566657.5;Lancamento Contabil - 4.01.001 - Ref 07/2025
DOC-103858;2025-07-14;202507;4.01.001;CC2001;399914.26;Lancamento Contabil - 4.01.001 - Ref 07/2025
DOC-103859;2025-07-22;202507;4.01.001;CC2001;759255.1;Lancamento Contabil - 4.01.001 - Ref 07/2025
DOC-103860;2025-07-31;202507;4.01.001;CC2001;633871.72;Lancamento Contabil - 4.01.001 - Ref 07/2025
DOC-103861;2025-07-09;202507;4.02.001;CC3001;13950.66;Lancamento Contabil - 4.02.001 - Ref 07/2025
DOC-103862;2025-07-10;202507;4.02.001;CC3001;29566.04;Lancamento Contabil - 4.02.001 - Ref 07/2025
DOC-103863;2025-07-11;202507;4.02.001;CC3001;53017.92;Lancamento Contabil - 4.02.001 - Ref 07/2025
DOC-103864;2025-07-13;202507;4.02.001;CC3001;89265.83;Lancamento Contabil - 4.02.001 - Ref 07/2025
DOC-103865;2025-07-23;202507;4.02.001;CC3001;70369.57;Lancamento Contabil - 4.02.001 - Ref 07/2025
DOC-103866;2025-07-26;202507;4.02.001;CC3001;33180.29;Lancamento Contabil - 4.02.001 - Ref 07/2025
DOC-103867;2025-07-28;202507;4.02.001;CC3001;633.02;Lancamento Contabil - 4.02.001 - Ref 07/2025
DOC-103868;2025-07-03;202507;4.02.001;CC3003;32918.43;Lancamento Contabil - 4.02.001 - Ref 07/2025
DOC-103869;2025-07-04;202507;4.02.001;CC3003;16148.19;Lancamento Contabil - 4.02.001 - Ref 07/2025
DOC-103870;2025-07-05;202507;4.02.001;CC3003;63687.97;Lancamento Contabil - 4.02.001 - Ref 07/2025
DOC-103871;2025-07-07;202507;4.02.001;CC3003;1163.66;Lancamento Contabil - 4.02.001 - Ref 07/2025
DOC-103872;2025-07-08;202507;4.02.001;CC3003;42204.01;Lancamento Contabil - 4.02.001 - Ref 07/2025
DOC-103873;2025-07-09;202507;4.02.001;CC3003;136267.03;Lancamento Contabil - 4.02.001 - Ref 07/2025
DOC-103874;2025-07-11;202507;4.02.001;CC3003;9201.46;Lancamento Contabil - 4.02.001 - Ref 07/2025
DOC-103875;2025-07-15;202507;4.02.001;CC3003;30630.34;Lancamento Contabil - 4.02.001 - Ref 07/2025
DOC-103876;2025-07-19;202507;4.02.001;CC3003;4602.96;Lancamento Contabil - 4.02.001 - Ref 07/2025
DOC-103877;2025-07-04;202507;4.03.001;CC3002;22520.12;Lancamento Contabil - 4.03.001 - Ref 07/2025
DOC-103878;2025-07-06;202507;4.03.001;CC3002;31717.29;Lancamento Contabil - 4.03.001 - Ref 07/2025
DOC-103879;2025-07-11;202507;4.03.001;CC3002;97664.8;Lancamento Contabil - 4.03.001 - Ref 07/2025
DOC-103880;2025-07-14;202507;4.03.001;CC3002;9406.26;Lancamento Contabil - 4.03.001 - Ref 07/2025
DOC-103881;2025-07-15;202507;4.03.001;CC3002;982.41;Lancamento Contabil - 4.03.001 - Ref 07/2025
DOC-103882;2025-07-29;202507;4.03.001;CC3002;85146.09;Lancamento Contabil - 4.03.001 - Ref 07/2025
DOC-103883;2025-07-07;202507;4.04.001;CC1001;15035.62;Lancamento Contabil - 4.04.001 - Ref 07/2025
DOC-103884;2025-07-12;202507;4.04.001;CC1001;38665.7;Lancamento Contabil - 4.04.001 - Ref 07/2025
DOC-103885;2025-07-18;202507;4.04.001;CC1001;15874.57;Lancamento Contabil - 4.04.001 - Ref 07/2025
DOC-103886;2025-07-25;202507;4.04.001;CC1001;29027.58;Lancamento Contabil - 4.04.001 - Ref 07/2025
DOC-103887;2025-07-31;202507;4.04.001;CC1001;9810.14;Lancamento Contabil - 4.04.001 - Ref 07/2025
DOC-103888;2025-07-02;202507;4.04.001;CC3001;15088.16;Lancamento Contabil - 4.04.001 - Ref 07/2025
DOC-103889;2025-07-03;202507;4.04.001;CC3001;3544.17;Lancamento Contabil - 4.04.001 - Ref 07/2025
DOC-103890;2025-07-04;202507;4.04.001;CC3001;5564.22;Lancamento Contabil - 4.04.001 - Ref 07/2025
DOC-103891;2025-07-06;202507;4.04.001;CC3001;3935.93;Lancamento Contabil - 4.04.001 - Ref 07/2025
DOC-103892;2025-07-09;202507;4.04.001;CC3001;5038.75;Lancamento Contabil - 4.04.001 - Ref 07/2025
DOC-103893;2025-07-10;202507;4.04.001;CC3001;6502.96;Lancamento Contabil - 4.04.001 - Ref 07/2025
DOC-103894;2025-07-15;202507;4.04.001;CC3001;14396.11;Lancamento Contabil - 4.04.001 - Ref 07/2025
DOC-103895;2025-07-20;202507;4.04.001;CC3001;15759.86;Lancamento Contabil - 4.04.001 - Ref 07/2025
DOC-103896;2025-07-22;202507;4.04.001;CC3001;9881.94;Lancamento Contabil - 4.04.001 - Ref 07/2025
DOC-103897;2025-07-28;202507;4.04.001;CC3001;16984.33;Lancamento Contabil - 4.04.001 - Ref 07/2025
DOC-103898;2025-07-31;202507;4.04.001;CC3001;1512.42;Lancamento Contabil - 4.04.001 - Ref 07/2025
DOC-103899;2025-07-03;202507;4.05.001;CC4001;5021.16;Lancamento Contabil - 4.05.001 - Ref 07/2025
DOC-103900;2025-07-05;202507;4.05.001;CC4001;10302.98;Lancamento Contabil - 4.05.001 - Ref 07/2025
DOC-103901;2025-07-08;202507;4.05.001;CC4001;39890.94;Lancamento Contabil - 4.05.001 - Ref 07/2025
DOC-103902;2025-07-11;202507;4.05.001;CC4001;13158.6;Lancamento Contabil - 4.05.001 - Ref 07/2025
DOC-103903;2025-07-23;202507;4.05.001;CC4001;18201.69;Lancamento Contabil - 4.05.001 - Ref 07/2025
DOC-103904;2025-07-27;202507;4.05.001;CC4001;27943.7;Lancamento Contabil - 4.05.001 - Ref 07/2025
DOC-103905;2025-07-28;202507;4.05.001;CC4001;91293.73;Lancamento Contabil - 4.05.001 - Ref 07/2025
DOC-103906;2025-07-01;202507;4.06.001;CC3001;18845.49;Lancamento Contabil - 4.06.001 - Ref 07/2025
DOC-103907;2025-07-02;202507;4.06.001;CC3001;142.03;Lancamento Contabil - 4.06.001 - Ref 07/2025
DOC-103908;2025-07-06;202507;4.06.001;CC3001;1165.76;Lancamento Contabil - 4.06.001 - Ref 07/2025
DOC-103909;2025-07-09;202507;4.06.001;CC3001;15171.02;Lancamento Contabil - 4.06.001 - Ref 07/2025
DOC-103910;2025-07-10;202507;4.06.001;CC3001;4282.72;Lancamento Contabil - 4.06.001 - Ref 07/2025
DOC-103911;2025-07-13;202507;4.06.001;CC3001;5804.82;Lancamento Contabil - 4.06.001 - Ref 07/2025
DOC-103912;2025-07-17;202507;4.06.001;CC3001;7594.05;Lancamento Contabil - 4.06.001 - Ref 07/2025
DOC-103913;2025-07-22;202507;4.06.001;CC3001;7934.52;Lancamento Contabil - 4.06.001 - Ref 07/2025
DOC-103914;2025-07-31;202507;4.06.001;CC3001;18741.15;Lancamento Contabil - 4.06.001 - Ref 07/2025
DOC-103915;2025-07-01;202507;4.06.001;CC1005;30453.47;Lancamento Contabil - 4.06.001 - Ref 07/2025
DOC-103916;2025-07-02;202507;4.06.001;CC1005;6695.53;Lancamento Contabil - 4.06.001 - Ref 07/2025
DOC-103917;2025-07-04;202507;4.06.001;CC1005;1780.09;Lancamento Contabil - 4.06.001 - Ref 07/2025
DOC-103918;2025-07-05;202507;4.06.001;CC1005;11136.38;Lancamento Contabil - 4.06.001 - Ref 07/2025
DOC-103919;2025-07-08;202507;4.06.001;CC1005;265.36;Lancamento Contabil - 4.06.001 - Ref 07/2025
DOC-103920;2025-07-15;202507;4.06.001;CC1005;1381.5;Lancamento Contabil - 4.06.001 - Ref 07/2025
DOC-103921;2025-07-18;202507;4.06.001;CC1005;11970.09;Lancamento Contabil - 4.06.001 - Ref 07/2025
DOC-103922;2025-07-24;202507;4.06.001;CC1005;1556.06;Lancamento Contabil - 4.06.001 - Ref 07/2025
DOC-103923;2025-07-25;202507;4.06.001;CC1005;1310.67;Lancamento Contabil - 4.06.001 - Ref 07/2025
DOC-103924;2025-07-27;202507;4.06.001;CC1005;781.5;Lancamento Contabil - 4.06.001 - Ref 07/2025
DOC-103925;2025-07-31;202507;4.06.001;CC1005;10303.52;Lancamento Contabil - 4.06.001 - Ref 07/2025
DOC-103926;2025-07-05;202507;5.01.001;CC3001;18416.93;Lancamento Contabil - 5.01.001 - Ref 07/2025
DOC-103927;2025-07-07;202507;5.01.001;CC3001;95653.25;Lancamento Contabil - 5.01.001 - Ref 07/2025
DOC-103928;2025-07-12;202507;5.01.001;CC3001;96202.97;Lancamento Contabil - 5.01.001 - Ref 07/2025
DOC-103929;2025-07-13;202507;5.01.001;CC3001;25267.57;Lancamento Contabil - 5.01.001 - Ref 07/2025
DOC-103930;2025-07-21;202507;5.01.001;CC3001;35645.58;Lancamento Contabil - 5.01.001 - Ref 07/2025
DOC-103931;2025-07-22;202507;5.01.001;CC3001;15863.54;Lancamento Contabil - 5.01.001 - Ref 07/2025
DOC-103932;2025-07-27;202507;5.01.001;CC3001;253012.34;Lancamento Contabil - 5.01.001 - Ref 07/2025
DOC-103933;2025-07-03;202507;5.02.001;CC3001;59465.14;Lancamento Contabil - 5.02.001 - Ref 07/2025
DOC-103934;2025-07-09;202507;5.02.001;CC3001;156289.03;Lancamento Contabil - 5.02.001 - Ref 07/2025
DOC-103935;2025-07-19;202507;5.02.001;CC3001;20724.26;Lancamento Contabil - 5.02.001 - Ref 07/2025
DOC-103936;2025-07-27;202507;5.02.001;CC3001;87291.97;Lancamento Contabil - 5.02.001 - Ref 07/2025
DOC-103937;2025-07-30;202507;5.02.001;CC3001;83225.94;Lancamento Contabil - 5.02.001 - Ref 07/2025
DOC-103938;2025-07-03;202507;5.03.001;CC3001;35236.21;Lancamento Contabil - 5.03.001 - Ref 07/2025
DOC-103939;2025-07-07;202507;5.03.001;CC3001;41339.32;Lancamento Contabil - 5.03.001 - Ref 07/2025
DOC-103940;2025-07-21;202507;5.03.001;CC3001;27073.06;Lancamento Contabil - 5.03.001 - Ref 07/2025
DOC-103941;2025-07-29;202507;5.03.001;CC3001;7329.79;Lancamento Contabil - 5.03.001 - Ref 07/2025
DOC-103942;2025-07-02;202507;6.01.001;CC3001;99529.51;Lancamento Contabil - 6.01.001 - Ref 07/2025
DOC-103943;2025-07-03;202507;6.01.001;CC3001;53052.56;Lancamento Contabil - 6.01.001 - Ref 07/2025
DOC-103944;2025-07-04;202507;6.01.001;CC3001;79057.26;Lancamento Contabil - 6.01.001 - Ref 07/2025
DOC-103945;2025-07-05;202507;6.01.001;CC3001;146899.21;Lancamento Contabil - 6.01.001 - Ref 07/2025
DOC-103946;2025-07-11;202507;6.01.001;CC3001;193833.21;Lancamento Contabil - 6.01.001 - Ref 07/2025
DOC-103947;2025-07-15;202507;6.01.001;CC3001;37461.22;Lancamento Contabil - 6.01.001 - Ref 07/2025
DOC-103948;2025-07-23;202507;6.01.001;CC3001;73678.43;Lancamento Contabil - 6.01.001 - Ref 07/2025
DOC-103949;2025-07-26;202507;6.01.001;CC3001;44450.65;Lancamento Contabil - 6.01.001 - Ref 07/2025
DOC-103950;2025-07-27;202507;6.01.001;CC3001;31390.54;Lancamento Contabil - 6.01.001 - Ref 07/2025
DOC-103951;2025-07-28;202507;6.01.001;CC3001;216842.22;Lancamento Contabil - 6.01.001 - Ref 07/2025
DOC-103952;2025-07-31;202507;6.01.001;CC3001;340177.98;Lancamento Contabil - 6.01.001 - Ref 07/2025
DOC-103953;2025-08-13;202508;1.01.001;CC4001;13424692.72;Lancamento Contabil - 1.01.001 - Ref 08/2025
DOC-103954;2025-08-14;202508;1.01.001;CC4001;11054112.72;Lancamento Contabil - 1.01.001 - Ref 08/2025
DOC-103955;2025-08-19;202508;1.01.001;CC4001;1192391.05;Lancamento Contabil - 1.01.001 - Ref 08/2025
DOC-103956;2025-08-24;202508;1.01.001;CC4001;18487734.33;Lancamento Contabil - 1.01.001 - Ref 08/2025
DOC-103957;2025-08-27;202508;1.01.001;CC4001;2791802.06;Lancamento Contabil - 1.01.001 - Ref 08/2025
DOC-103958;2025-08-30;202508;1.01.001;CC4001;2447328.79;Lancamento Contabil - 1.01.001 - Ref 08/2025
DOC-103959;2025-08-01;202508;1.01.002;CC4001;29002.99;Lancamento Contabil - 1.01.002 - Ref 08/2025
DOC-103960;2025-08-06;202508;1.01.002;CC4001;299575.55;Lancamento Contabil - 1.01.002 - Ref 08/2025
DOC-103961;2025-08-07;202508;1.01.002;CC4001;51930.33;Lancamento Contabil - 1.01.002 - Ref 08/2025
DOC-103962;2025-08-09;202508;1.01.002;CC4001;128553.39;Lancamento Contabil - 1.01.002 - Ref 08/2025
DOC-103963;2025-08-12;202508;1.01.002;CC4001;171491.66;Lancamento Contabil - 1.01.002 - Ref 08/2025
DOC-103964;2025-08-13;202508;1.01.002;CC4001;744394.05;Lancamento Contabil - 1.01.002 - Ref 08/2025
DOC-103965;2025-08-14;202508;1.01.002;CC4001;937305.06;Lancamento Contabil - 1.01.002 - Ref 08/2025
DOC-103966;2025-08-15;202508;1.01.002;CC4001;162056.36;Lancamento Contabil - 1.01.002 - Ref 08/2025
DOC-103967;2025-08-22;202508;1.01.002;CC4001;880391.81;Lancamento Contabil - 1.01.002 - Ref 08/2025
DOC-103968;2025-08-23;202508;1.01.002;CC4001;875744.43;Lancamento Contabil - 1.01.002 - Ref 08/2025
DOC-103969;2025-08-27;202508;1.01.002;CC4001;650865.3;Lancamento Contabil - 1.01.002 - Ref 08/2025
DOC-103970;2025-08-02;202508;1.02.001;CC1004;589306.09;Lancamento Contabil - 1.02.001 - Ref 08/2025
DOC-103971;2025-08-08;202508;1.02.001;CC1004;233093.91;Lancamento Contabil - 1.02.001 - Ref 08/2025
DOC-103972;2025-08-20;202508;1.02.001;CC1004;81847.36;Lancamento Contabil - 1.02.001 - Ref 08/2025
DOC-103973;2025-08-21;202508;1.02.001;CC1004;141047.51;Lancamento Contabil - 1.02.001 - Ref 08/2025
DOC-103974;2025-08-29;202508;1.02.001;CC1004;210803.81;Lancamento Contabil - 1.02.001 - Ref 08/2025
DOC-103975;2025-08-30;202508;1.02.001;CC1004;145152.78;Lancamento Contabil - 1.02.001 - Ref 08/2025
DOC-103976;2025-08-02;202508;2.01.001;CC3001;41540.87;Lancamento Contabil - 2.01.001 - Ref 08/2025
DOC-103977;2025-08-03;202508;2.01.001;CC3001;121605.67;Lancamento Contabil - 2.01.001 - Ref 08/2025
DOC-103978;2025-08-09;202508;2.01.001;CC3001;527141.81;Lancamento Contabil - 2.01.001 - Ref 08/2025
DOC-103979;2025-08-14;202508;2.01.001;CC3001;642487.24;Lancamento Contabil - 2.01.001 - Ref 08/2025
DOC-103980;2025-08-16;202508;2.01.001;CC3001;48013.04;Lancamento Contabil - 2.01.001 - Ref 08/2025
DOC-103981;2025-08-18;202508;2.01.001;CC3001;989804.99;Lancamento Contabil - 2.01.001 - Ref 08/2025
DOC-103982;2025-08-29;202508;2.01.001;CC3001;129623.3;Lancamento Contabil - 2.01.001 - Ref 08/2025
DOC-103983;2025-08-31;202508;2.01.001;CC3001;352937.77;Lancamento Contabil - 2.01.001 - Ref 08/2025
DOC-103984;2025-08-01;202508;2.02.001;CC4001;41972.57;Lancamento Contabil - 2.02.001 - Ref 08/2025
DOC-103985;2025-08-05;202508;2.02.001;CC4001;5405.52;Lancamento Contabil - 2.02.001 - Ref 08/2025
DOC-103986;2025-08-07;202508;2.02.001;CC4001;28165.16;Lancamento Contabil - 2.02.001 - Ref 08/2025
DOC-103987;2025-08-08;202508;2.02.001;CC4001;2033.75;Lancamento Contabil - 2.02.001 - Ref 08/2025
DOC-103988;2025-08-14;202508;2.02.001;CC4001;17584.94;Lancamento Contabil - 2.02.001 - Ref 08/2025
DOC-103989;2025-08-17;202508;2.02.001;CC4001;19511.93;Lancamento Contabil - 2.02.001 - Ref 08/2025
DOC-103990;2025-08-18;202508;2.02.001;CC4001;16309.2;Lancamento Contabil - 2.02.001 - Ref 08/2025
DOC-103991;2025-08-21;202508;2.02.001;CC4001;4188.02;Lancamento Contabil - 2.02.001 - Ref 08/2025
DOC-103992;2025-08-26;202508;2.02.001;CC4001;29726.55;Lancamento Contabil - 2.02.001 - Ref 08/2025
DOC-103993;2025-08-28;202508;2.02.001;CC4001;2663.92;Lancamento Contabil - 2.02.001 - Ref 08/2025
DOC-103994;2025-08-12;202508;3.01.001;CC1001;102835.3;Lancamento Contabil - 3.01.001 - Ref 08/2025
DOC-103995;2025-08-16;202508;3.01.001;CC1001;2357821.17;Lancamento Contabil - 3.01.001 - Ref 08/2025
DOC-103996;2025-08-17;202508;3.01.001;CC1001;1203696.89;Lancamento Contabil - 3.01.001 - Ref 08/2025
DOC-103997;2025-08-18;202508;3.01.001;CC1001;3527769.42;Lancamento Contabil - 3.01.001 - Ref 08/2025
DOC-103998;2025-08-19;202508;3.01.001;CC1001;901993.78;Lancamento Contabil - 3.01.001 - Ref 08/2025
DOC-103999;2025-08-23;202508;3.01.001;CC1001;343720.74;Lancamento Contabil - 3.01.001 - Ref 08/2025
DOC-104000;2025-08-26;202508;3.01.001;CC1001;3377534.78;Lancamento Contabil - 3.01.001 - Ref 08/2025
DOC-104001;2025-08-28;202508;3.01.001;CC1001;1485049.24;Lancamento Contabil - 3.01.001 - Ref 08/2025
DOC-104002;2025-08-29;202508;3.01.001;CC1001;391235.1;Lancamento Contabil - 3.01.001 - Ref 08/2025
DOC-104003;2025-08-31;202508;3.01.001;CC1001;2377194.14;Lancamento Contabil - 3.01.001 - Ref 08/2025
DOC-104004;2025-08-01;202508;3.02.001;CC1002;82759.37;Lancamento Contabil - 3.02.001 - Ref 08/2025
DOC-104005;2025-08-06;202508;3.02.001;CC1002;236335.12;Lancamento Contabil - 3.02.001 - Ref 08/2025
DOC-104006;2025-08-08;202508;3.02.001;CC1002;237004.4;Lancamento Contabil - 3.02.001 - Ref 08/2025
DOC-104007;2025-08-09;202508;3.02.001;CC1002;165527.7;Lancamento Contabil - 3.02.001 - Ref 08/2025
DOC-104008;2025-08-11;202508;3.02.001;CC1002;14919.05;Lancamento Contabil - 3.02.001 - Ref 08/2025
DOC-104009;2025-08-13;202508;3.02.001;CC1002;244512.9;Lancamento Contabil - 3.02.001 - Ref 08/2025
DOC-104010;2025-08-20;202508;3.02.001;CC1002;148913.96;Lancamento Contabil - 3.02.001 - Ref 08/2025
DOC-104011;2025-08-28;202508;3.02.001;CC1002;159946.55;Lancamento Contabil - 3.02.001 - Ref 08/2025
DOC-104012;2025-08-30;202508;3.02.001;CC1002;60404.61;Lancamento Contabil - 3.02.001 - Ref 08/2025
DOC-104013;2025-08-12;202508;3.02.001;CC1003;624608.64;Lancamento Contabil - 3.02.001 - Ref 08/2025
DOC-104014;2025-08-16;202508;3.02.001;CC1003;381787.32;Lancamento Contabil - 3.02.001 - Ref 08/2025
DOC-104015;2025-08-17;202508;3.02.001;CC1003;35288.03;Lancamento Contabil - 3.02.001 - Ref 08/2025
DOC-104016;2025-08-26;202508;3.02.001;CC1003;154764.94;Lancamento Contabil - 3.02.001 - Ref 08/2025
DOC-104017;2025-08-04;202508;3.03.001;CC1002;50021.04;Lancamento Contabil - 3.03.001 - Ref 08/2025
DOC-104018;2025-08-06;202508;3.03.001;CC1002;15812.47;Lancamento Contabil - 3.03.001 - Ref 08/2025
DOC-104019;2025-08-08;202508;3.03.001;CC1002;14338.63;Lancamento Contabil - 3.03.001 - Ref 08/2025
DOC-104020;2025-08-09;202508;3.03.001;CC1002;142764.41;Lancamento Contabil - 3.03.001 - Ref 08/2025
DOC-104021;2025-08-18;202508;3.03.001;CC1002;17753.85;Lancamento Contabil - 3.03.001 - Ref 08/2025
DOC-104022;2025-08-22;202508;3.03.001;CC1002;74877.98;Lancamento Contabil - 3.03.001 - Ref 08/2025
DOC-104023;2025-08-29;202508;3.03.001;CC1002;25032.48;Lancamento Contabil - 3.03.001 - Ref 08/2025
DOC-104024;2025-08-08;202508;3.03.001;CC1003;11017.13;Lancamento Contabil - 3.03.001 - Ref 08/2025
DOC-104025;2025-08-19;202508;3.03.001;CC1003;791.49;Lancamento Contabil - 3.03.001 - Ref 08/2025
DOC-104026;2025-08-25;202508;3.03.001;CC1003;57734.02;Lancamento Contabil - 3.03.001 - Ref 08/2025
DOC-104027;2025-08-31;202508;3.03.001;CC1003;273343.91;Lancamento Contabil - 3.03.001 - Ref 08/2025
DOC-104028;2025-08-06;202508;3.03.001;CC1005;13304.49;Lancamento Contabil - 3.03.001 - Ref 08/2025
DOC-104029;2025-08-08;202508;3.03.001;CC1005;23190.36;Lancamento Contabil - 3.03.001 - Ref 08/2025
DOC-104030;2025-08-11;202508;3.03.001;CC1005;18329.07;Lancamento Contabil - 3.03.001 - Ref 08/2025
DOC-104031;2025-08-12;202508;3.03.001;CC1005;66865.74;Lancamento Contabil - 3.03.001 - Ref 08/2025
DOC-104032;2025-08-19;202508;3.03.001;CC1005;22217.05;Lancamento Contabil - 3.03.001 - Ref 08/2025
DOC-104033;2025-08-27;202508;3.03.001;CC1005;22360.1;Lancamento Contabil - 3.03.001 - Ref 08/2025
DOC-104034;2025-08-28;202508;3.03.001;CC1005;4698.35;Lancamento Contabil - 3.03.001 - Ref 08/2025
DOC-104035;2025-08-29;202508;3.03.001;CC1005;128060.33;Lancamento Contabil - 3.03.001 - Ref 08/2025
DOC-104036;2025-08-30;202508;3.03.001;CC1005;9074.4;Lancamento Contabil - 3.03.001 - Ref 08/2025
DOC-104037;2025-08-31;202508;3.03.001;CC1005;2403.72;Lancamento Contabil - 3.03.001 - Ref 08/2025
DOC-104038;2025-08-12;202508;3.04.001;CC1004;227064.25;Lancamento Contabil - 3.04.001 - Ref 08/2025
DOC-104039;2025-08-19;202508;3.04.001;CC1004;188806.59;Lancamento Contabil - 3.04.001 - Ref 08/2025
DOC-104040;2025-08-23;202508;3.04.001;CC1004;111933.49;Lancamento Contabil - 3.04.001 - Ref 08/2025
DOC-104041;2025-08-31;202508;3.04.001;CC1004;114463.01;Lancamento Contabil - 3.04.001 - Ref 08/2025
DOC-104042;2025-08-07;202508;3.05.001;CC1005;151530.81;Lancamento Contabil - 3.05.001 - Ref 08/2025
DOC-104043;2025-08-16;202508;3.05.001;CC1005;92377.53;Lancamento Contabil - 3.05.001 - Ref 08/2025
DOC-104044;2025-08-18;202508;3.05.001;CC1005;47939.46;Lancamento Contabil - 3.05.001 - Ref 08/2025
DOC-104045;2025-08-19;202508;3.05.001;CC1005;54083.81;Lancamento Contabil - 3.05.001 - Ref 08/2025
DOC-104046;2025-08-26;202508;3.05.001;CC1005;26186.64;Lancamento Contabil - 3.05.001 - Ref 08/2025
DOC-104047;2025-08-27;202508;3.05.001;CC1005;123151.42;Lancamento Contabil - 3.05.001 - Ref 08/2025
DOC-104048;2025-08-10;202508;3.06.001;CC1002;398776.49;Lancamento Contabil - 3.06.001 - Ref 08/2025
DOC-104049;2025-08-06;202508;3.06.001;CC1003;405894.63;Lancamento Contabil - 3.06.001 - Ref 08/2025
DOC-104050;2025-08-01;202508;4.01.001;CC2001;77807.36;Lancamento Contabil - 4.01.001 - Ref 08/2025
DOC-104051;2025-08-02;202508;4.01.001;CC2001;345113.35;Lancamento Contabil - 4.01.001 - Ref 08/2025
DOC-104052;2025-08-03;202508;4.01.001;CC2001;57620.24;Lancamento Contabil - 4.01.001 - Ref 08/2025
DOC-104053;2025-08-08;202508;4.01.001;CC2001;7664.74;Lancamento Contabil - 4.01.001 - Ref 08/2025
DOC-104054;2025-08-11;202508;4.01.001;CC2001;31109.7;Lancamento Contabil - 4.01.001 - Ref 08/2025
DOC-104055;2025-08-16;202508;4.01.001;CC2001;73870.12;Lancamento Contabil - 4.01.001 - Ref 08/2025
DOC-104056;2025-08-17;202508;4.01.001;CC2001;33769.55;Lancamento Contabil - 4.01.001 - Ref 08/2025
DOC-104057;2025-08-20;202508;4.01.001;CC2001;30.92;Lancamento Contabil - 4.01.001 - Ref 08/2025
DOC-104058;2025-08-25;202508;4.01.001;CC2001;335678.52;Lancamento Contabil - 4.01.001 - Ref 08/2025
DOC-104059;2025-08-28;202508;4.01.001;CC2001;252887.06;Lancamento Contabil - 4.01.001 - Ref 08/2025
DOC-104060;2025-08-31;202508;4.01.001;CC2001;184638.42;Lancamento Contabil - 4.01.001 - Ref 08/2025
DOC-104061;2025-08-05;202508;4.02.001;CC3001;132608.21;Lancamento Contabil - 4.02.001 - Ref 08/2025
DOC-104062;2025-08-06;202508;4.02.001;CC3001;28257.28;Lancamento Contabil - 4.02.001 - Ref 08/2025
DOC-104063;2025-08-11;202508;4.02.001;CC3001;6366.37;Lancamento Contabil - 4.02.001 - Ref 08/2025
DOC-104064;2025-08-23;202508;4.02.001;CC3001;36045.31;Lancamento Contabil - 4.02.001 - Ref 08/2025
DOC-104065;2025-08-26;202508;4.02.001;CC3001;21528.84;Lancamento Contabil - 4.02.001 - Ref 08/2025
DOC-104066;2025-08-29;202508;4.02.001;CC3001;23573.19;Lancamento Contabil - 4.02.001 - Ref 08/2025
DOC-104067;2025-08-31;202508;4.02.001;CC3001;48734.49;Lancamento Contabil - 4.02.001 - Ref 08/2025
DOC-104068;2025-08-01;202508;4.02.001;CC3003;55688.72;Lancamento Contabil - 4.02.001 - Ref 08/2025
DOC-104069;2025-08-05;202508;4.02.001;CC3003;5146.18;Lancamento Contabil - 4.02.001 - Ref 08/2025
DOC-104070;2025-08-19;202508;4.02.001;CC3003;1591.06;Lancamento Contabil - 4.02.001 - Ref 08/2025
DOC-104071;2025-08-23;202508;4.02.001;CC3003;227102.65;Lancamento Contabil - 4.02.001 - Ref 08/2025
DOC-104072;2025-08-03;202508;4.03.001;CC3002;15464.69;Lancamento Contabil - 4.03.001 - Ref 08/2025
DOC-104073;2025-08-04;202508;4.03.001;CC3002;21759.97;Lancamento Contabil - 4.03.001 - Ref 08/2025
DOC-104074;2025-08-12;202508;4.03.001;CC3002;41708.33;Lancamento Contabil - 4.03.001 - Ref 08/2025
DOC-104075;2025-08-17;202508;4.03.001;CC3002;26345.94;Lancamento Contabil - 4.03.001 - Ref 08/2025
DOC-104076;2025-08-25;202508;4.03.001;CC3002;73228.65;Lancamento Contabil - 4.03.001 - Ref 08/2025
DOC-104077;2025-08-28;202508;4.03.001;CC3002;74476.82;Lancamento Contabil - 4.03.001 - Ref 08/2025
DOC-104078;2025-08-04;202508;4.04.001;CC1001;66.36;Lancamento Contabil - 4.04.001 - Ref 08/2025
DOC-104079;2025-08-05;202508;4.04.001;CC1001;10028.42;Lancamento Contabil - 4.04.001 - Ref 08/2025
DOC-104080;2025-08-10;202508;4.04.001;CC1001;4114.17;Lancamento Contabil - 4.04.001 - Ref 08/2025
DOC-104081;2025-08-11;202508;4.04.001;CC1001;29949.4;Lancamento Contabil - 4.04.001 - Ref 08/2025
DOC-104082;2025-08-13;202508;4.04.001;CC1001;4398.08;Lancamento Contabil - 4.04.001 - Ref 08/2025
DOC-104083;2025-08-19;202508;4.04.001;CC1001;28879.24;Lancamento Contabil - 4.04.001 - Ref 08/2025
DOC-104084;2025-08-22;202508;4.04.001;CC1001;9358.57;Lancamento Contabil - 4.04.001 - Ref 08/2025
DOC-104085;2025-08-23;202508;4.04.001;CC1001;1904.2;Lancamento Contabil - 4.04.001 - Ref 08/2025
DOC-104086;2025-08-26;202508;4.04.001;CC1001;5150.13;Lancamento Contabil - 4.04.001 - Ref 08/2025
DOC-104087;2025-08-14;202508;4.04.001;CC3001;12461.88;Lancamento Contabil - 4.04.001 - Ref 08/2025
DOC-104088;2025-08-16;202508;4.04.001;CC3001;205.93;Lancamento Contabil - 4.04.001 - Ref 08/2025
DOC-104089;2025-08-21;202508;4.04.001;CC3001;15184.62;Lancamento Contabil - 4.04.001 - Ref 08/2025
DOC-104090;2025-08-24;202508;4.04.001;CC3001;7863.77;Lancamento Contabil - 4.04.001 - Ref 08/2025
DOC-104091;2025-08-26;202508;4.04.001;CC3001;50215.36;Lancamento Contabil - 4.04.001 - Ref 08/2025
DOC-104092;2025-08-28;202508;4.04.001;CC3001;12093.73;Lancamento Contabil - 4.04.001 - Ref 08/2025
DOC-104093;2025-08-06;202508;4.05.001;CC4001;84317.55;Lancamento Contabil - 4.05.001 - Ref 08/2025
DOC-104094;2025-08-08;202508;4.05.001;CC4001;28.7;Lancamento Contabil - 4.05.001 - Ref 08/2025
DOC-104095;2025-08-12;202508;4.05.001;CC4001;17650.74;Lancamento Contabil - 4.05.001 - Ref 08/2025
DOC-104096;2025-08-18;202508;4.05.001;CC4001;13239.99;Lancamento Contabil - 4.05.001 - Ref 08/2025
DOC-104097;2025-08-20;202508;4.05.001;CC4001;12762.01;Lancamento Contabil - 4.05.001 - Ref 08/2025
DOC-104098;2025-08-22;202508;4.05.001;CC4001;3388.19;Lancamento Contabil - 4.05.001 - Ref 08/2025
DOC-104099;2025-08-23;202508;4.05.001;CC4001;9939.52;Lancamento Contabil - 4.05.001 - Ref 08/2025
DOC-104100;2025-08-26;202508;4.05.001;CC4001;38904.52;Lancamento Contabil - 4.05.001 - Ref 08/2025
DOC-104101;2025-08-30;202508;4.05.001;CC4001;16523.36;Lancamento Contabil - 4.05.001 - Ref 08/2025
DOC-104102;2025-08-05;202508;4.06.001;CC3001;16039.67;Lancamento Contabil - 4.06.001 - Ref 08/2025
DOC-104103;2025-08-10;202508;4.06.001;CC3001;18117.54;Lancamento Contabil - 4.06.001 - Ref 08/2025
DOC-104104;2025-08-13;202508;4.06.001;CC3001;5220.42;Lancamento Contabil - 4.06.001 - Ref 08/2025
DOC-104105;2025-08-23;202508;4.06.001;CC3001;3080.1;Lancamento Contabil - 4.06.001 - Ref 08/2025
DOC-104106;2025-08-24;202508;4.06.001;CC3001;868.17;Lancamento Contabil - 4.06.001 - Ref 08/2025
DOC-104107;2025-08-30;202508;4.06.001;CC3001;23568.76;Lancamento Contabil - 4.06.001 - Ref 08/2025
DOC-104108;2025-08-01;202508;4.06.001;CC1005;1508.68;Lancamento Contabil - 4.06.001 - Ref 08/2025
DOC-104109;2025-08-13;202508;4.06.001;CC1005;8581.46;Lancamento Contabil - 4.06.001 - Ref 08/2025
DOC-104110;2025-08-19;202508;4.06.001;CC1005;8595.85;Lancamento Contabil - 4.06.001 - Ref 08/2025
DOC-104111;2025-08-23;202508;4.06.001;CC1005;9381.24;Lancamento Contabil - 4.06.001 - Ref 08/2025
DOC-104112;2025-08-24;202508;4.06.001;CC1005;4358.93;Lancamento Contabil - 4.06.001 - Ref 08/2025
DOC-104113;2025-08-25;202508;4.06.001;CC1005;37126.4;Lancamento Contabil - 4.06.001 - Ref 08/2025
DOC-104114;2025-08-06;202508;5.01.001;CC3001;23033.75;Lancamento Contabil - 5.01.001 - Ref 08/2025
DOC-104115;2025-08-11;202508;5.01.001;CC3001;12743.38;Lancamento Contabil - 5.01.001 - Ref 08/2025
DOC-104116;2025-08-20;202508;5.01.001;CC3001;418402.86;Lancamento Contabil - 5.01.001 - Ref 08/2025
DOC-104117;2025-08-30;202508;5.01.001;CC3001;36738.77;Lancamento Contabil - 5.01.001 - Ref 08/2025
DOC-104118;2025-08-04;202508;5.02.001;CC3001;81674.81;Lancamento Contabil - 5.02.001 - Ref 08/2025
DOC-104119;2025-08-05;202508;5.02.001;CC3001;37315.85;Lancamento Contabil - 5.02.001 - Ref 08/2025
DOC-104120;2025-08-11;202508;5.02.001;CC3001;3844.95;Lancamento Contabil - 5.02.001 - Ref 08/2025
DOC-104121;2025-08-16;202508;5.02.001;CC3001;147580.12;Lancamento Contabil - 5.02.001 - Ref 08/2025
DOC-104122;2025-08-19;202508;5.02.001;CC3001;13454.84;Lancamento Contabil - 5.02.001 - Ref 08/2025
DOC-104123;2025-08-21;202508;5.02.001;CC3001;93145.69;Lancamento Contabil - 5.02.001 - Ref 08/2025
DOC-104124;2025-08-24;202508;5.02.001;CC3001;8770.88;Lancamento Contabil - 5.02.001 - Ref 08/2025
DOC-104125;2025-08-06;202508;5.03.001;CC3001;37962.52;Lancamento Contabil - 5.03.001 - Ref 08/2025
DOC-104126;2025-08-08;202508;5.03.001;CC3001;33358.63;Lancamento Contabil - 5.03.001 - Ref 08/2025
DOC-104127;2025-08-11;202508;5.03.001;CC3001;23814.52;Lancamento Contabil - 5.03.001 - Ref 08/2025
DOC-104128;2025-08-12;202508;5.03.001;CC3001;30464.36;Lancamento Contabil - 5.03.001 - Ref 08/2025
DOC-104129;2025-08-21;202508;5.03.001;CC3001;3089.15;Lancamento Contabil - 5.03.001 - Ref 08/2025
DOC-104130;2025-08-21;202508;6.01.001;CC3001;184563.79;Lancamento Contabil - 6.01.001 - Ref 08/2025
DOC-104131;2025-08-22;202508;6.01.001;CC3001;188265.77;Lancamento Contabil - 6.01.001 - Ref 08/2025
DOC-104132;2025-08-23;202508;6.01.001;CC3001;261276.33;Lancamento Contabil - 6.01.001 - Ref 08/2025
DOC-104133;2025-08-24;202508;6.01.001;CC3001;275882.99;Lancamento Contabil - 6.01.001 - Ref 08/2025
DOC-104134;2025-08-27;202508;6.01.001;CC3001;434166.29;Lancamento Contabil - 6.01.001 - Ref 08/2025
DOC-104135;2025-09-01;202509;1.01.001;CC4001;1283491.87;Lancamento Contabil - 1.01.001 - Ref 09/2025
DOC-104136;2025-09-03;202509;1.01.001;CC4001;2599923.64;Lancamento Contabil - 1.01.001 - Ref 09/2025
DOC-104137;2025-09-07;202509;1.01.001;CC4001;4897790.53;Lancamento Contabil - 1.01.001 - Ref 09/2025
DOC-104138;2025-09-08;202509;1.01.001;CC4001;11139785.53;Lancamento Contabil - 1.01.001 - Ref 09/2025
DOC-104139;2025-09-09;202509;1.01.001;CC4001;9412878.41;Lancamento Contabil - 1.01.001 - Ref 09/2025
DOC-104140;2025-09-12;202509;1.01.001;CC4001;7258185.79;Lancamento Contabil - 1.01.001 - Ref 09/2025
DOC-104141;2025-09-15;202509;1.01.001;CC4001;1185041.86;Lancamento Contabil - 1.01.001 - Ref 09/2025
DOC-104142;2025-09-23;202509;1.01.001;CC4001;5542352.16;Lancamento Contabil - 1.01.001 - Ref 09/2025
DOC-104143;2025-09-28;202509;1.01.001;CC4001;640399.28;Lancamento Contabil - 1.01.001 - Ref 09/2025
DOC-104144;2025-09-01;202509;1.01.002;CC4001;481107.15;Lancamento Contabil - 1.01.002 - Ref 09/2025
DOC-104145;2025-09-02;202509;1.01.002;CC4001;541849.67;Lancamento Contabil - 1.01.002 - Ref 09/2025
DOC-104146;2025-09-13;202509;1.01.002;CC4001;41252.85;Lancamento Contabil - 1.01.002 - Ref 09/2025
DOC-104147;2025-09-15;202509;1.01.002;CC4001;325132.54;Lancamento Contabil - 1.01.002 - Ref 09/2025
DOC-104148;2025-09-24;202509;1.01.002;CC4001;3163735.43;Lancamento Contabil - 1.01.002 - Ref 09/2025
DOC-104149;2025-09-04;202509;1.02.001;CC1004;4907.59;Lancamento Contabil - 1.02.001 - Ref 09/2025
DOC-104150;2025-09-06;202509;1.02.001;CC1004;21983.18;Lancamento Contabil - 1.02.001 - Ref 09/2025
DOC-104151;2025-09-12;202509;1.02.001;CC1004;55466.93;Lancamento Contabil - 1.02.001 - Ref 09/2025
DOC-104152;2025-09-13;202509;1.02.001;CC1004;328864.05;Lancamento Contabil - 1.02.001 - Ref 09/2025
DOC-104153;2025-09-14;202509;1.02.001;CC1004;16956.05;Lancamento Contabil - 1.02.001 - Ref 09/2025
DOC-104154;2025-09-16;202509;1.02.001;CC1004;160614.82;Lancamento Contabil - 1.02.001 - Ref 09/2025
DOC-104155;2025-09-18;202509;1.02.001;CC1004;12816.29;Lancamento Contabil - 1.02.001 - Ref 09/2025
DOC-104156;2025-09-26;202509;1.02.001;CC1004;443006.52;Lancamento Contabil - 1.02.001 - Ref 09/2025
DOC-104157;2025-09-27;202509;1.02.001;CC1004;53540.7;Lancamento Contabil - 1.02.001 - Ref 09/2025
DOC-104158;2025-09-29;202509;1.02.001;CC1004;166276.23;Lancamento Contabil - 1.02.001 - Ref 09/2025
DOC-104159;2025-09-01;202509;2.01.001;CC3001;139409.07;Lancamento Contabil - 2.01.001 - Ref 09/2025
DOC-104160;2025-09-02;202509;2.01.001;CC3001;328364.58;Lancamento Contabil - 2.01.001 - Ref 09/2025
DOC-104161;2025-09-03;202509;2.01.001;CC3001;70864.01;Lancamento Contabil - 2.01.001 - Ref 09/2025
DOC-104162;2025-09-06;202509;2.01.001;CC3001;52462.96;Lancamento Contabil - 2.01.001 - Ref 09/2025
DOC-104163;2025-09-10;202509;2.01.001;CC3001;924517.67;Lancamento Contabil - 2.01.001 - Ref 09/2025
DOC-104164;2025-09-15;202509;2.01.001;CC3001;829823.59;Lancamento Contabil - 2.01.001 - Ref 09/2025
DOC-104165;2025-09-26;202509;2.01.001;CC3001;726054.17;Lancamento Contabil - 2.01.001 - Ref 09/2025
DOC-104166;2025-09-03;202509;2.02.001;CC4001;2219.0;Lancamento Contabil - 2.02.001 - Ref 09/2025
DOC-104167;2025-09-04;202509;2.02.001;CC4001;12645.15;Lancamento Contabil - 2.02.001 - Ref 09/2025
DOC-104168;2025-09-06;202509;2.02.001;CC4001;11677.15;Lancamento Contabil - 2.02.001 - Ref 09/2025
DOC-104169;2025-09-09;202509;2.02.001;CC4001;31318.18;Lancamento Contabil - 2.02.001 - Ref 09/2025
DOC-104170;2025-09-11;202509;2.02.001;CC4001;13648.32;Lancamento Contabil - 2.02.001 - Ref 09/2025
DOC-104171;2025-09-13;202509;2.02.001;CC4001;4986.82;Lancamento Contabil - 2.02.001 - Ref 09/2025
DOC-104172;2025-09-18;202509;2.02.001;CC4001;28150.15;Lancamento Contabil - 2.02.001 - Ref 09/2025
DOC-104173;2025-09-26;202509;2.02.001;CC4001;52239.23;Lancamento Contabil - 2.02.001 - Ref 09/2025
DOC-104174;2025-09-28;202509;2.02.001;CC4001;14934.88;Lancamento Contabil - 2.02.001 - Ref 09/2025
DOC-104175;2025-09-11;202509;3.01.001;CC1001;898139.31;Lancamento Contabil - 3.01.001 - Ref 09/2025
DOC-104176;2025-09-16;202509;3.01.001;CC1001;1386474.73;Lancamento Contabil - 3.01.001 - Ref 09/2025
DOC-104177;2025-09-20;202509;3.01.001;CC1001;1716415.17;Lancamento Contabil - 3.01.001 - Ref 09/2025
DOC-104178;2025-09-23;202509;3.01.001;CC1001;2257032.5;Lancamento Contabil - 3.01.001 - Ref 09/2025
DOC-104179;2025-09-29;202509;3.01.001;CC1001;6516985.91;Lancamento Contabil - 3.01.001 - Ref 09/2025
DOC-104180;2025-09-06;202509;3.02.001;CC1002;152342.79;Lancamento Contabil - 3.02.001 - Ref 09/2025
DOC-104181;2025-09-14;202509;3.02.001;CC1002;587863.85;Lancamento Contabil - 3.02.001 - Ref 09/2025
DOC-104182;2025-09-20;202509;3.02.001;CC1002;77242.11;Lancamento Contabil - 3.02.001 - Ref 09/2025
DOC-104183;2025-09-21;202509;3.02.001;CC1002;214222.06;Lancamento Contabil - 3.02.001 - Ref 09/2025
DOC-104184;2025-09-02;202509;3.02.001;CC1003;218955.12;Lancamento Contabil - 3.02.001 - Ref 09/2025
DOC-104185;2025-09-04;202509;3.02.001;CC1003;26945.71;Lancamento Contabil - 3.02.001 - Ref 09/2025
DOC-104186;2025-09-06;202509;3.02.001;CC1003;15786.71;Lancamento Contabil - 3.02.001 - Ref 09/2025
DOC-104187;2025-09-07;202509;3.02.001;CC1003;291839.01;Lancamento Contabil - 3.02.001 - Ref 09/2025
DOC-104188;2025-09-11;202509;3.02.001;CC1003;56967.28;Lancamento Contabil - 3.02.001 - Ref 09/2025
DOC-104189;2025-09-14;202509;3.02.001;CC1003;156212.46;Lancamento Contabil - 3.02.001 - Ref 09/2025
DOC-104190;2025-09-18;202509;3.02.001;CC1003;3482.82;Lancamento Contabil - 3.02.001 - Ref 09/2025
DOC-104191;2025-09-22;202509;3.02.001;CC1003;158889.08;Lancamento Contabil - 3.02.001 - Ref 09/2025
DOC-104192;2025-09-23;202509;3.02.001;CC1003;51538.82;Lancamento Contabil - 3.02.001 - Ref 09/2025
DOC-104193;2025-09-26;202509;3.02.001;CC1003;7780.04;Lancamento Contabil - 3.02.001 - Ref 09/2025
DOC-104194;2025-09-02;202509;3.03.001;CC1002;28560.12;Lancamento Contabil - 3.03.001 - Ref 09/2025
DOC-104195;2025-09-04;202509;3.03.001;CC1002;4906.04;Lancamento Contabil - 3.03.001 - Ref 09/2025
DOC-104196;2025-09-08;202509;3.03.001;CC1002;9295.91;Lancamento Contabil - 3.03.001 - Ref 09/2025
DOC-104197;2025-09-10;202509;3.03.001;CC1002;20659.92;Lancamento Contabil - 3.03.001 - Ref 09/2025
DOC-104198;2025-09-13;202509;3.03.001;CC1002;5491.94;Lancamento Contabil - 3.03.001 - Ref 09/2025
DOC-104199;2025-09-19;202509;3.03.001;CC1002;141153.21;Lancamento Contabil - 3.03.001 - Ref 09/2025
DOC-104200;2025-09-22;202509;3.03.001;CC1002;354.2;Lancamento Contabil - 3.03.001 - Ref 09/2025
DOC-104201;2025-09-29;202509;3.03.001;CC1002;38621.87;Lancamento Contabil - 3.03.001 - Ref 09/2025
DOC-104202;2025-09-01;202509;3.03.001;CC1003;2845.18;Lancamento Contabil - 3.03.001 - Ref 09/2025
DOC-104203;2025-09-02;202509;3.03.001;CC1003;7953.96;Lancamento Contabil - 3.03.001 - Ref 09/2025
DOC-104204;2025-09-03;202509;3.03.001;CC1003;56338.67;Lancamento Contabil - 3.03.001 - Ref 09/2025
DOC-104205;2025-09-05;202509;3.03.001;CC1003;3815.18;Lancamento Contabil - 3.03.001 - Ref 09/2025
DOC-104206;2025-09-10;202509;3.03.001;CC1003;73037.61;Lancamento Contabil - 3.03.001 - Ref 09/2025
DOC-104207;2025-09-12;202509;3.03.001;CC1003;4984.13;Lancamento Contabil - 3.03.001 - Ref 09/2025
DOC-104208;2025-09-14;202509;3.03.001;CC1003;29269.67;Lancamento Contabil - 3.03.001 - Ref 09/2025
DOC-104209;2025-09-16;202509;3.03.001;CC1003;17113.64;Lancamento Contabil - 3.03.001 - Ref 09/2025
DOC-104210;2025-09-20;202509;3.03.001;CC1003;46686.89;Lancamento Contabil - 3.03.001 - Ref 09/2025
DOC-104211;2025-09-21;202509;3.03.001;CC1003;17465.59;Lancamento Contabil - 3.03.001 - Ref 09/2025
DOC-104212;2025-09-27;202509;3.03.001;CC1003;16542.99;Lancamento Contabil - 3.03.001 - Ref 09/2025
DOC-104213;2025-09-29;202509;3.03.001;CC1003;4704.42;Lancamento Contabil - 3.03.001 - Ref 09/2025
DOC-104214;2025-09-01;202509;3.03.001;CC1005;38903.83;Lancamento Contabil - 3.03.001 - Ref 09/2025
DOC-104215;2025-09-03;202509;3.03.001;CC1005;11284.39;Lancamento Contabil - 3.03.001 - Ref 09/2025
DOC-104216;2025-09-04;202509;3.03.001;CC1005;82855.95;Lancamento Contabil - 3.03.001 - Ref 09/2025
DOC-104217;2025-09-06;202509;3.03.001;CC1005;36524.22;Lancamento Contabil - 3.03.001 - Ref 09/2025
DOC-104218;2025-09-07;202509;3.03.001;CC1005;24816.62;Lancamento Contabil - 3.03.001 - Ref 09/2025
DOC-104219;2025-09-10;202509;3.03.001;CC1005;58033.31;Lancamento Contabil - 3.03.001 - Ref 09/2025
DOC-104220;2025-09-21;202509;3.03.001;CC1005;1387.69;Lancamento Contabil - 3.03.001 - Ref 09/2025
DOC-104221;2025-09-03;202509;3.04.001;CC1004;13762.16;Lancamento Contabil - 3.04.001 - Ref 09/2025
DOC-104222;2025-09-04;202509;3.04.001;CC1004;28972.55;Lancamento Contabil - 3.04.001 - Ref 09/2025
DOC-104223;2025-09-09;202509;3.04.001;CC1004;11923.69;Lancamento Contabil - 3.04.001 - Ref 09/2025
DOC-104224;2025-09-10;202509;3.04.001;CC1004;63090.44;Lancamento Contabil - 3.04.001 - Ref 09/2025
DOC-104225;2025-09-13;202509;3.04.001;CC1004;116522.5;Lancamento Contabil - 3.04.001 - Ref 09/2025
DOC-104226;2025-09-16;202509;3.04.001;CC1004;25531.0;Lancamento Contabil - 3.04.001 - Ref 09/2025
DOC-104227;2025-09-18;202509;3.04.001;CC1004;19394.43;Lancamento Contabil - 3.04.001 - Ref 09/2025
DOC-104228;2025-09-22;202509;3.04.001;CC1004;150913.03;Lancamento Contabil - 3.04.001 - Ref 09/2025
DOC-104229;2025-09-25;202509;3.04.001;CC1004;27257.28;Lancamento Contabil - 3.04.001 - Ref 09/2025
DOC-104230;2025-09-26;202509;3.04.001;CC1004;31099.51;Lancamento Contabil - 3.04.001 - Ref 09/2025
DOC-104231;2025-09-28;202509;3.04.001;CC1004;20069.35;Lancamento Contabil - 3.04.001 - Ref 09/2025
DOC-104232;2025-09-02;202509;3.05.001;CC1005;45223.61;Lancamento Contabil - 3.05.001 - Ref 09/2025
DOC-104233;2025-09-06;202509;3.05.001;CC1005;52593.92;Lancamento Contabil - 3.05.001 - Ref 09/2025
DOC-104234;2025-09-09;202509;3.05.001;CC1005;13172.08;Lancamento Contabil - 3.05.001 - Ref 09/2025
DOC-104235;2025-09-12;202509;3.05.001;CC1005;17904.73;Lancamento Contabil - 3.05.001 - Ref 09/2025
DOC-104236;2025-09-13;202509;3.05.001;CC1005;59417.29;Lancamento Contabil - 3.05.001 - Ref 09/2025
DOC-104237;2025-09-15;202509;3.05.001;CC1005;14213.25;Lancamento Contabil - 3.05.001 - Ref 09/2025
DOC-104238;2025-09-22;202509;3.05.001;CC1005;49737.28;Lancamento Contabil - 3.05.001 - Ref 09/2025
DOC-104239;2025-09-25;202509;3.05.001;CC1005;89113.74;Lancamento Contabil - 3.05.001 - Ref 09/2025
DOC-104240;2025-09-29;202509;3.05.001;CC1005;30734.41;Lancamento Contabil - 3.05.001 - Ref 09/2025
DOC-104241;2025-09-30;202509;3.05.001;CC1005;42614.32;Lancamento Contabil - 3.05.001 - Ref 09/2025
DOC-104242;2025-09-09;202509;3.06.001;CC1002;323863.36;Lancamento Contabil - 3.06.001 - Ref 09/2025
DOC-104243;2025-09-08;202509;3.06.001;CC1003;302412.27;Lancamento Contabil - 3.06.001 - Ref 09/2025
DOC-104244;2025-09-02;202509;4.01.001;CC2001;102141.32;Lancamento Contabil - 4.01.001 - Ref 09/2025
DOC-104245;2025-09-03;202509;4.01.001;CC2001;222605.02;Lancamento Contabil - 4.01.001 - Ref 09/2025
DOC-104246;2025-09-04;202509;4.01.001;CC2001;118937.72;Lancamento Contabil - 4.01.001 - Ref 09/2025
DOC-104247;2025-09-05;202509;4.01.001;CC2001;274682.53;Lancamento Contabil - 4.01.001 - Ref 09/2025
DOC-104248;2025-09-19;202509;4.01.001;CC2001;87757.99;Lancamento Contabil - 4.01.001 - Ref 09/2025
DOC-104249;2025-09-22;202509;4.01.001;CC2001;200157.27;Lancamento Contabil - 4.01.001 - Ref 09/2025
DOC-104250;2025-09-23;202509;4.01.001;CC2001;41001.15;Lancamento Contabil - 4.01.001 - Ref 09/2025
DOC-104251;2025-09-25;202509;4.01.001;CC2001;275004.43;Lancamento Contabil - 4.01.001 - Ref 09/2025
DOC-104252;2025-09-02;202509;4.02.001;CC3001;7996.91;Lancamento Contabil - 4.02.001 - Ref 09/2025
DOC-104253;2025-09-08;202509;4.02.001;CC3001;31987.67;Lancamento Contabil - 4.02.001 - Ref 09/2025
DOC-104254;2025-09-13;202509;4.02.001;CC3001;15265.68;Lancamento Contabil - 4.02.001 - Ref 09/2025
DOC-104255;2025-09-14;202509;4.02.001;CC3001;5638.53;Lancamento Contabil - 4.02.001 - Ref 09/2025
DOC-104256;2025-09-18;202509;4.02.001;CC3001;79219.45;Lancamento Contabil - 4.02.001 - Ref 09/2025
DOC-104257;2025-09-19;202509;4.02.001;CC3001;29090.88;Lancamento Contabil - 4.02.001 - Ref 09/2025
DOC-104258;2025-09-25;202509;4.02.001;CC3001;72968.92;Lancamento Contabil - 4.02.001 - Ref 09/2025
DOC-104259;2025-09-26;202509;4.02.001;CC3001;12905.23;Lancamento Contabil - 4.02.001 - Ref 09/2025
DOC-104260;2025-09-29;202509;4.02.001;CC3001;14932.23;Lancamento Contabil - 4.02.001 - Ref 09/2025
DOC-104261;2025-09-02;202509;4.02.001;CC3003;63677.53;Lancamento Contabil - 4.02.001 - Ref 09/2025
DOC-104262;2025-09-03;202509;4.02.001;CC3003;20772.84;Lancamento Contabil - 4.02.001 - Ref 09/2025
DOC-104263;2025-09-08;202509;4.02.001;CC3003;34276.21;Lancamento Contabil - 4.02.001 - Ref 09/2025
DOC-104264;2025-09-10;202509;4.02.001;CC3003;8107.3;Lancamento Contabil - 4.02.001 - Ref 09/2025
DOC-104265;2025-09-13;202509;4.02.001;CC3003;16514.13;Lancamento Contabil - 4.02.001 - Ref 09/2025
DOC-104266;2025-09-14;202509;4.02.001;CC3003;3676.15;Lancamento Contabil - 4.02.001 - Ref 09/2025
DOC-104267;2025-09-16;202509;4.02.001;CC3003;6435.06;Lancamento Contabil - 4.02.001 - Ref 09/2025
DOC-104268;2025-09-17;202509;4.02.001;CC3003;26.33;Lancamento Contabil - 4.02.001 - Ref 09/2025
DOC-104269;2025-09-18;202509;4.02.001;CC3003;1117.59;Lancamento Contabil - 4.02.001 - Ref 09/2025
DOC-104270;2025-09-19;202509;4.02.001;CC3003;105592.76;Lancamento Contabil - 4.02.001 - Ref 09/2025
DOC-104271;2025-09-22;202509;4.02.001;CC3003;7743.35;Lancamento Contabil - 4.02.001 - Ref 09/2025
DOC-104272;2025-09-27;202509;4.02.001;CC3003;30371.87;Lancamento Contabil - 4.02.001 - Ref 09/2025
DOC-104273;2025-09-04;202509;4.03.001;CC3002;2896.93;Lancamento Contabil - 4.03.001 - Ref 09/2025
DOC-104274;2025-09-05;202509;4.03.001;CC3002;22697.59;Lancamento Contabil - 4.03.001 - Ref 09/2025
DOC-104275;2025-09-06;202509;4.03.001;CC3002;15979.85;Lancamento Contabil - 4.03.001 - Ref 09/2025
DOC-104276;2025-09-07;202509;4.03.001;CC3002;22899.65;Lancamento Contabil - 4.03.001 - Ref 09/2025
DOC-104277;2025-09-15;202509;4.03.001;CC3002;25593.97;Lancamento Contabil - 4.03.001 - Ref 09/2025
DOC-104278;2025-09-19;202509;4.03.001;CC3002;64577.35;Lancamento Contabil - 4.03.001 - Ref 09/2025
DOC-104279;2025-09-20;202509;4.03.001;CC3002;14853.53;Lancamento Contabil - 4.03.001 - Ref 09/2025
DOC-104280;2025-09-21;202509;4.03.001;CC3002;7284.89;Lancamento Contabil - 4.03.001 - Ref 09/2025
DOC-104281;2025-09-22;202509;4.03.001;CC3002;18219.76;Lancamento Contabil - 4.03.001 - Ref 09/2025
DOC-104282;2025-09-23;202509;4.03.001;CC3002;1235.55;Lancamento Contabil - 4.03.001 - Ref 09/2025
DOC-104283;2025-09-26;202509;4.03.001;CC3002;39681.11;Lancamento Contabil - 4.03.001 - Ref 09/2025
DOC-104284;2025-09-30;202509;4.03.001;CC3002;2215.59;Lancamento Contabil - 4.03.001 - Ref 09/2025
DOC-104285;2025-09-03;202509;4.04.001;CC1001;11727.34;Lancamento Contabil - 4.04.001 - Ref 09/2025
DOC-104286;2025-09-07;202509;4.04.001;CC1001;49931.78;Lancamento Contabil - 4.04.001 - Ref 09/2025
DOC-104287;2025-09-14;202509;4.04.001;CC1001;26851.52;Lancamento Contabil - 4.04.001 - Ref 09/2025
DOC-104288;2025-09-22;202509;4.04.001;CC1001;14768.26;Lancamento Contabil - 4.04.001 - Ref 09/2025
DOC-104289;2025-09-03;202509;4.04.001;CC3001;6985.31;Lancamento Contabil - 4.04.001 - Ref 09/2025
DOC-104290;2025-09-09;202509;4.04.001;CC3001;34252.73;Lancamento Contabil - 4.04.001 - Ref 09/2025
DOC-104291;2025-09-11;202509;4.04.001;CC3001;1551.02;Lancamento Contabil - 4.04.001 - Ref 09/2025
DOC-104292;2025-09-20;202509;4.04.001;CC3001;25210.99;Lancamento Contabil - 4.04.001 - Ref 09/2025
DOC-104293;2025-09-24;202509;4.04.001;CC3001;31619.7;Lancamento Contabil - 4.04.001 - Ref 09/2025
DOC-104294;2025-09-27;202509;4.04.001;CC3001;3373.45;Lancamento Contabil - 4.04.001 - Ref 09/2025
DOC-104295;2025-09-09;202509;4.05.001;CC4001;30418.9;Lancamento Contabil - 4.05.001 - Ref 09/2025
DOC-104296;2025-09-11;202509;4.05.001;CC4001;9779.98;Lancamento Contabil - 4.05.001 - Ref 09/2025
DOC-104297;2025-09-13;202509;4.05.001;CC4001;66285.5;Lancamento Contabil - 4.05.001 - Ref 09/2025
DOC-104298;2025-09-18;202509;4.05.001;CC4001;41432.26;Lancamento Contabil - 4.05.001 - Ref 09/2025
DOC-104299;2025-09-28;202509;4.05.001;CC4001;54528.91;Lancamento Contabil - 4.05.001 - Ref 09/2025
DOC-104300;2025-09-01;202509;4.06.001;CC3001;236.62;Lancamento Contabil - 4.06.001 - Ref 09/2025
DOC-104301;2025-09-04;202509;4.06.001;CC3001;2170.11;Lancamento Contabil - 4.06.001 - Ref 09/2025
DOC-104302;2025-09-05;202509;4.06.001;CC3001;4580.21;Lancamento Contabil - 4.06.001 - Ref 09/2025
DOC-104303;2025-09-14;202509;4.06.001;CC3001;10894.85;Lancamento Contabil - 4.06.001 - Ref 09/2025
DOC-104304;2025-09-15;202509;4.06.001;CC3001;6137.81;Lancamento Contabil - 4.06.001 - Ref 09/2025
DOC-104305;2025-09-17;202509;4.06.001;CC3001;3191.36;Lancamento Contabil - 4.06.001 - Ref 09/2025
DOC-104306;2025-09-19;202509;4.06.001;CC3001;17084.59;Lancamento Contabil - 4.06.001 - Ref 09/2025
DOC-104307;2025-09-20;202509;4.06.001;CC3001;7091.81;Lancamento Contabil - 4.06.001 - Ref 09/2025
DOC-104308;2025-09-22;202509;4.06.001;CC3001;14859.56;Lancamento Contabil - 4.06.001 - Ref 09/2025
DOC-104309;2025-09-23;202509;4.06.001;CC3001;4186.63;Lancamento Contabil - 4.06.001 - Ref 09/2025
DOC-104310;2025-09-26;202509;4.06.001;CC3001;1672.78;Lancamento Contabil - 4.06.001 - Ref 09/2025
DOC-104311;2025-09-28;202509;4.06.001;CC3001;303.0;Lancamento Contabil - 4.06.001 - Ref 09/2025
DOC-104312;2025-09-04;202509;4.06.001;CC1005;21795.47;Lancamento Contabil - 4.06.001 - Ref 09/2025
DOC-104313;2025-09-19;202509;4.06.001;CC1005;2176.54;Lancamento Contabil - 4.06.001 - Ref 09/2025
DOC-104314;2025-09-25;202509;4.06.001;CC1005;6070.16;Lancamento Contabil - 4.06.001 - Ref 09/2025
DOC-104315;2025-09-26;202509;4.06.001;CC1005;12796.73;Lancamento Contabil - 4.06.001 - Ref 09/2025
DOC-104316;2025-09-29;202509;4.06.001;CC1005;13987.97;Lancamento Contabil - 4.06.001 - Ref 09/2025
DOC-104317;2025-09-30;202509;4.06.001;CC1005;15446.92;Lancamento Contabil - 4.06.001 - Ref 09/2025
DOC-104318;2025-09-10;202509;5.01.001;CC3001;46324.65;Lancamento Contabil - 5.01.001 - Ref 09/2025
DOC-104319;2025-09-18;202509;5.01.001;CC3001;168877.88;Lancamento Contabil - 5.01.001 - Ref 09/2025
DOC-104320;2025-09-26;202509;5.01.001;CC3001;62745.28;Lancamento Contabil - 5.01.001 - Ref 09/2025
DOC-104321;2025-09-28;202509;5.01.001;CC3001;123446.04;Lancamento Contabil - 5.01.001 - Ref 09/2025
DOC-104322;2025-09-29;202509;5.01.001;CC3001;69295.67;Lancamento Contabil - 5.01.001 - Ref 09/2025
DOC-104323;2025-09-09;202509;5.02.001;CC3001;51103.14;Lancamento Contabil - 5.02.001 - Ref 09/2025
DOC-104324;2025-09-13;202509;5.02.001;CC3001;12163.86;Lancamento Contabil - 5.02.001 - Ref 09/2025
DOC-104325;2025-09-14;202509;5.02.001;CC3001;62676.7;Lancamento Contabil - 5.02.001 - Ref 09/2025
DOC-104326;2025-09-16;202509;5.02.001;CC3001;55708.2;Lancamento Contabil - 5.02.001 - Ref 09/2025
DOC-104327;2025-09-19;202509;5.02.001;CC3001;52625.65;Lancamento Contabil - 5.02.001 - Ref 09/2025
DOC-104328;2025-09-20;202509;5.02.001;CC3001;38388.9;Lancamento Contabil - 5.02.001 - Ref 09/2025
DOC-104329;2025-09-21;202509;5.02.001;CC3001;42909.58;Lancamento Contabil - 5.02.001 - Ref 09/2025
DOC-104330;2025-09-25;202509;5.02.001;CC3001;23225.9;Lancamento Contabil - 5.02.001 - Ref 09/2025
DOC-104331;2025-09-29;202509;5.02.001;CC3001;41789.72;Lancamento Contabil - 5.02.001 - Ref 09/2025
DOC-104332;2025-09-05;202509;5.03.001;CC3001;12878.12;Lancamento Contabil - 5.03.001 - Ref 09/2025
DOC-104333;2025-09-06;202509;5.03.001;CC3001;5563.93;Lancamento Contabil - 5.03.001 - Ref 09/2025
DOC-104334;2025-09-09;202509;5.03.001;CC3001;35913.28;Lancamento Contabil - 5.03.001 - Ref 09/2025
DOC-104335;2025-09-13;202509;5.03.001;CC3001;67287.99;Lancamento Contabil - 5.03.001 - Ref 09/2025
DOC-104336;2025-09-02;202509;6.01.001;CC3001;75560.51;Lancamento Contabil - 6.01.001 - Ref 09/2025
DOC-104337;2025-09-08;202509;6.01.001;CC3001;42522.06;Lancamento Contabil - 6.01.001 - Ref 09/2025
DOC-104338;2025-09-09;202509;6.01.001;CC3001;107199.88;Lancamento Contabil - 6.01.001 - Ref 09/2025
DOC-104339;2025-09-11;202509;6.01.001;CC3001;55931.44;Lancamento Contabil - 6.01.001 - Ref 09/2025
DOC-104340;2025-09-12;202509;6.01.001;CC3001;354486.9;Lancamento Contabil - 6.01.001 - Ref 09/2025
DOC-104341;2025-09-13;202509;6.01.001;CC3001;335885.42;Lancamento Contabil - 6.01.001 - Ref 09/2025
DOC-104342;2025-09-16;202509;6.01.001;CC3001;91591.6;Lancamento Contabil - 6.01.001 - Ref 09/2025
DOC-104343;2025-09-23;202509;6.01.001;CC3001;52144.24;Lancamento Contabil - 6.01.001 - Ref 09/2025
DOC-104344;2025-09-24;202509;6.01.001;CC3001;175348.36;Lancamento Contabil - 6.01.001 - Ref 09/2025
DOC-104345;2025-09-30;202509;6.01.001;CC3001;4908.82;Lancamento Contabil - 6.01.001 - Ref 09/2025
DOC-104346;2025-10-10;202510;1.01.001;CC4001;17327677.92;Lancamento Contabil - 1.01.001 - Ref 10/2025
DOC-104347;2025-10-11;202510;1.01.001;CC4001;82624.7;Lancamento Contabil - 1.01.001 - Ref 10/2025
DOC-104348;2025-10-26;202510;1.01.001;CC4001;5506531.41;Lancamento Contabil - 1.01.001 - Ref 10/2025
DOC-104349;2025-10-27;202510;1.01.001;CC4001;9234512.63;Lancamento Contabil - 1.01.001 - Ref 10/2025
DOC-104350;2025-10-04;202510;1.01.002;CC4001;356160.37;Lancamento Contabil - 1.01.002 - Ref 10/2025
DOC-104351;2025-10-08;202510;1.01.002;CC4001;47911.32;Lancamento Contabil - 1.01.002 - Ref 10/2025
DOC-104352;2025-10-09;202510;1.01.002;CC4001;1927881.75;Lancamento Contabil - 1.01.002 - Ref 10/2025
DOC-104353;2025-10-16;202510;1.01.002;CC4001;391694.38;Lancamento Contabil - 1.01.002 - Ref 10/2025
DOC-104354;2025-10-22;202510;1.01.002;CC4001;511144.38;Lancamento Contabil - 1.01.002 - Ref 10/2025
DOC-104355;2025-10-23;202510;1.01.002;CC4001;144898.91;Lancamento Contabil - 1.01.002 - Ref 10/2025
DOC-104356;2025-10-27;202510;1.01.002;CC4001;354578.73;Lancamento Contabil - 1.01.002 - Ref 10/2025
DOC-104357;2025-10-28;202510;1.01.002;CC4001;300883.71;Lancamento Contabil - 1.01.002 - Ref 10/2025
DOC-104358;2025-10-10;202510;1.02.001;CC1004;66987.87;Lancamento Contabil - 1.02.001 - Ref 10/2025
DOC-104359;2025-10-11;202510;1.02.001;CC1004;217160.7;Lancamento Contabil - 1.02.001 - Ref 10/2025
DOC-104360;2025-10-15;202510;1.02.001;CC1004;452301.15;Lancamento Contabil - 1.02.001 - Ref 10/2025
DOC-104361;2025-10-24;202510;1.02.001;CC1004;19753.47;Lancamento Contabil - 1.02.001 - Ref 10/2025
DOC-104362;2025-10-25;202510;1.02.001;CC1004;265629.95;Lancamento Contabil - 1.02.001 - Ref 10/2025
DOC-104363;2025-10-27;202510;1.02.001;CC1004;39210.38;Lancamento Contabil - 1.02.001 - Ref 10/2025
DOC-104364;2025-10-03;202510;2.01.001;CC3001;24078.62;Lancamento Contabil - 2.01.001 - Ref 10/2025
DOC-104365;2025-10-07;202510;2.01.001;CC3001;35127.55;Lancamento Contabil - 2.01.001 - Ref 10/2025
DOC-104366;2025-10-14;202510;2.01.001;CC3001;1164799.7;Lancamento Contabil - 2.01.001 - Ref 10/2025
DOC-104367;2025-10-15;202510;2.01.001;CC3001;81379.79;Lancamento Contabil - 2.01.001 - Ref 10/2025
DOC-104368;2025-10-20;202510;2.01.001;CC3001;29952.08;Lancamento Contabil - 2.01.001 - Ref 10/2025
DOC-104369;2025-10-21;202510;2.01.001;CC3001;373457.57;Lancamento Contabil - 2.01.001 - Ref 10/2025
DOC-104370;2025-10-24;202510;2.01.001;CC3001;1204410.1;Lancamento Contabil - 2.01.001 - Ref 10/2025
DOC-104371;2025-10-26;202510;2.01.001;CC3001;197313.44;Lancamento Contabil - 2.01.001 - Ref 10/2025
DOC-104372;2025-10-02;202510;2.02.001;CC4001;10789.44;Lancamento Contabil - 2.02.001 - Ref 10/2025
DOC-104373;2025-10-03;202510;2.02.001;CC4001;15597.58;Lancamento Contabil - 2.02.001 - Ref 10/2025
DOC-104374;2025-10-06;202510;2.02.001;CC4001;15312.5;Lancamento Contabil - 2.02.001 - Ref 10/2025
DOC-104375;2025-10-10;202510;2.02.001;CC4001;7313.57;Lancamento Contabil - 2.02.001 - Ref 10/2025
DOC-104376;2025-10-12;202510;2.02.001;CC4001;6861.28;Lancamento Contabil - 2.02.001 - Ref 10/2025
DOC-104377;2025-10-16;202510;2.02.001;CC4001;2040.52;Lancamento Contabil - 2.02.001 - Ref 10/2025
DOC-104378;2025-10-17;202510;2.02.001;CC4001;8270.24;Lancamento Contabil - 2.02.001 - Ref 10/2025
DOC-104379;2025-10-24;202510;2.02.001;CC4001;1896.67;Lancamento Contabil - 2.02.001 - Ref 10/2025
DOC-104380;2025-10-25;202510;2.02.001;CC4001;26332.5;Lancamento Contabil - 2.02.001 - Ref 10/2025
DOC-104381;2025-10-28;202510;2.02.001;CC4001;61343.53;Lancamento Contabil - 2.02.001 - Ref 10/2025
DOC-104382;2025-10-01;202510;3.01.001;CC1001;1812770.43;Lancamento Contabil - 3.01.001 - Ref 10/2025
DOC-104383;2025-10-02;202510;3.01.001;CC1001;1034752.93;Lancamento Contabil - 3.01.001 - Ref 10/2025
DOC-104384;2025-10-05;202510;3.01.001;CC1001;474379.57;Lancamento Contabil - 3.01.001 - Ref 10/2025
DOC-104385;2025-10-06;202510;3.01.001;CC1001;623464.85;Lancamento Contabil - 3.01.001 - Ref 10/2025
DOC-104386;2025-10-07;202510;3.01.001;CC1001;173453.83;Lancamento Contabil - 3.01.001 - Ref 10/2025
DOC-104387;2025-10-08;202510;3.01.001;CC1001;514707.2;Lancamento Contabil - 3.01.001 - Ref 10/2025
DOC-104388;2025-10-13;202510;3.01.001;CC1001;314176.31;Lancamento Contabil - 3.01.001 - Ref 10/2025
DOC-104389;2025-10-17;202510;3.01.001;CC1001;339826.25;Lancamento Contabil - 3.01.001 - Ref 10/2025
DOC-104390;2025-10-19;202510;3.01.001;CC1001;732483.94;Lancamento Contabil - 3.01.001 - Ref 10/2025
DOC-104391;2025-10-23;202510;3.01.001;CC1001;171083.35;Lancamento Contabil - 3.01.001 - Ref 10/2025
DOC-104392;2025-10-25;202510;3.01.001;CC1001;197745.94;Lancamento Contabil - 3.01.001 - Ref 10/2025
DOC-104393;2025-10-28;202510;3.01.001;CC1001;1335669.72;Lancamento Contabil - 3.01.001 - Ref 10/2025
DOC-104394;2025-10-02;202510;3.02.001;CC1002;321780.07;Lancamento Contabil - 3.02.001 - Ref 10/2025
DOC-104395;2025-10-12;202510;3.02.001;CC1002;124321.8;Lancamento Contabil - 3.02.001 - Ref 10/2025
DOC-104396;2025-10-15;202510;3.02.001;CC1002;104274.9;Lancamento Contabil - 3.02.001 - Ref 10/2025
DOC-104397;2025-10-30;202510;3.02.001;CC1002;37900.53;Lancamento Contabil - 3.02.001 - Ref 10/2025
DOC-104398;2025-10-09;202510;3.02.001;CC1003;32509.68;Lancamento Contabil - 3.02.001 - Ref 10/2025
DOC-104399;2025-10-12;202510;3.02.001;CC1003;147736.39;Lancamento Contabil - 3.02.001 - Ref 10/2025
DOC-104400;2025-10-13;202510;3.02.001;CC1003;63335.76;Lancamento Contabil - 3.02.001 - Ref 10/2025
DOC-104401;2025-10-15;202510;3.02.001;CC1003;55903.58;Lancamento Contabil - 3.02.001 - Ref 10/2025
DOC-104402;2025-10-17;202510;3.02.001;CC1003;8109.71;Lancamento Contabil - 3.02.001 - Ref 10/2025
DOC-104403;2025-10-21;202510;3.02.001;CC1003;1249.23;Lancamento Contabil - 3.02.001 - Ref 10/2025
DOC-104404;2025-10-27;202510;3.02.001;CC1003;256335.76;Lancamento Contabil - 3.02.001 - Ref 10/2025
DOC-104405;2025-10-01;202510;3.03.001;CC1002;3093.35;Lancamento Contabil - 3.03.001 - Ref 10/2025
DOC-104406;2025-10-08;202510;3.03.001;CC1002;42793.3;Lancamento Contabil - 3.03.001 - Ref 10/2025
DOC-104407;2025-10-12;202510;3.03.001;CC1002;100413.94;Lancamento Contabil - 3.03.001 - Ref 10/2025
DOC-104408;2025-10-16;202510;3.03.001;CC1002;31920.78;Lancamento Contabil - 3.03.001 - Ref 10/2025
DOC-104409;2025-10-22;202510;3.03.001;CC1002;5019.8;Lancamento Contabil - 3.03.001 - Ref 10/2025
DOC-104410;2025-10-03;202510;3.03.001;CC1003;10761.0;Lancamento Contabil - 3.03.001 - Ref 10/2025
DOC-104411;2025-10-06;202510;3.03.001;CC1003;17950.3;Lancamento Contabil - 3.03.001 - Ref 10/2025
DOC-104412;2025-10-09;202510;3.03.001;CC1003;6439.47;Lancamento Contabil - 3.03.001 - Ref 10/2025
DOC-104413;2025-10-10;202510;3.03.001;CC1003;26160.41;Lancamento Contabil - 3.03.001 - Ref 10/2025
DOC-104414;2025-10-12;202510;3.03.001;CC1003;12914.89;Lancamento Contabil - 3.03.001 - Ref 10/2025
DOC-104415;2025-10-16;202510;3.03.001;CC1003;28335.68;Lancamento Contabil - 3.03.001 - Ref 10/2025
DOC-104416;2025-10-18;202510;3.03.001;CC1003;12060.35;Lancamento Contabil - 3.03.001 - Ref 10/2025
DOC-104417;2025-10-19;202510;3.03.001;CC1003;1737.64;Lancamento Contabil - 3.03.001 - Ref 10/2025
DOC-104418;2025-10-26;202510;3.03.001;CC1003;4575.69;Lancamento Contabil - 3.03.001 - Ref 10/2025
DOC-104419;2025-10-28;202510;3.03.001;CC1003;2782.7;Lancamento Contabil - 3.03.001 - Ref 10/2025
DOC-104420;2025-10-31;202510;3.03.001;CC1003;29568.92;Lancamento Contabil - 3.03.001 - Ref 10/2025
DOC-104421;2025-10-02;202510;3.03.001;CC1005;24246.72;Lancamento Contabil - 3.03.001 - Ref 10/2025
DOC-104422;2025-10-06;202510;3.03.001;CC1005;13773.48;Lancamento Contabil - 3.03.001 - Ref 10/2025
DOC-104423;2025-10-13;202510;3.03.001;CC1005;95646.89;Lancamento Contabil - 3.03.001 - Ref 10/2025
DOC-104424;2025-10-28;202510;3.03.001;CC1005;43525.79;Lancamento Contabil - 3.03.001 - Ref 10/2025
DOC-104425;2025-10-07;202510;3.04.001;CC1004;14348.4;Lancamento Contabil - 3.04.001 - Ref 10/2025
DOC-104426;2025-10-08;202510;3.04.001;CC1004;53754.12;Lancamento Contabil - 3.04.001 - Ref 10/2025
DOC-104427;2025-10-09;202510;3.04.001;CC1004;2308.3;Lancamento Contabil - 3.04.001 - Ref 10/2025
DOC-104428;2025-10-21;202510;3.04.001;CC1004;22134.33;Lancamento Contabil - 3.04.001 - Ref 10/2025
DOC-104429;2025-10-22;202510;3.04.001;CC1004;35443.8;Lancamento Contabil - 3.04.001 - Ref 10/2025
DOC-104430;2025-10-28;202510;3.04.001;CC1004;8977.57;Lancamento Contabil - 3.04.001 - Ref 10/2025
DOC-104431;2025-10-30;202510;3.04.001;CC1004;234191.46;Lancamento Contabil - 3.04.001 - Ref 10/2025
DOC-104432;2025-10-01;202510;3.05.001;CC1005;7443.2;Lancamento Contabil - 3.05.001 - Ref 10/2025
DOC-104433;2025-10-05;202510;3.05.001;CC1005;47935.46;Lancamento Contabil - 3.05.001 - Ref 10/2025
DOC-104434;2025-10-16;202510;3.05.001;CC1005;18128.35;Lancamento Contabil - 3.05.001 - Ref 10/2025
DOC-104435;2025-10-17;202510;3.05.001;CC1005;27256.9;Lancamento Contabil - 3.05.001 - Ref 10/2025
DOC-104436;2025-10-21;202510;3.05.001;CC1005;694.47;Lancamento Contabil - 3.05.001 - Ref 10/2025
DOC-104437;2025-10-22;202510;3.05.001;CC1005;1145.99;Lancamento Contabil - 3.05.001 - Ref 10/2025
DOC-104438;2025-10-25;202510;3.05.001;CC1005;19306.15;Lancamento Contabil - 3.05.001 - Ref 10/2025
DOC-104439;2025-10-28;202510;3.05.001;CC1005;55483.74;Lancamento Contabil - 3.05.001 - Ref 10/2025
DOC-104440;2025-10-29;202510;3.05.001;CC1005;70807.48;Lancamento Contabil - 3.05.001 - Ref 10/2025
DOC-104441;2025-10-30;202510;3.05.001;CC1005;2966.46;Lancamento Contabil - 3.05.001 - Ref 10/2025
DOC-104442;2025-10-06;202510;3.06.001;CC1002;189314.28;Lancamento Contabil - 3.06.001 - Ref 10/2025
DOC-104443;2025-10-20;202510;3.06.001;CC1003;190442.55;Lancamento Contabil - 3.06.001 - Ref 10/2025
DOC-104444;2025-10-08;202510;4.01.001;CC2001;16372.52;Lancamento Contabil - 4.01.001 - Ref 10/2025
DOC-104445;2025-10-09;202510;4.01.001;CC2001;312514.59;Lancamento Contabil - 4.01.001 - Ref 10/2025
DOC-104446;2025-10-20;202510;4.01.001;CC2001;158798.53;Lancamento Contabil - 4.01.001 - Ref 10/2025
DOC-104447;2025-10-26;202510;4.01.001;CC2001;323517.07;Lancamento Contabil - 4.01.001 - Ref 10/2025
DOC-104448;2025-10-09;202510;4.02.001;CC3001;72036.25;Lancamento Contabil - 4.02.001 - Ref 10/2025
DOC-104449;2025-10-12;202510;4.02.001;CC3001;8342.6;Lancamento Contabil - 4.02.001 - Ref 10/2025
DOC-104450;2025-10-13;202510;4.02.001;CC3001;10448.13;Lancamento Contabil - 4.02.001 - Ref 10/2025
DOC-104451;2025-10-14;202510;4.02.001;CC3001;31227.8;Lancamento Contabil - 4.02.001 - Ref 10/2025
DOC-104452;2025-10-15;202510;4.02.001;CC3001;37512.47;Lancamento Contabil - 4.02.001 - Ref 10/2025
DOC-104453;2025-10-21;202510;4.02.001;CC3001;68600.18;Lancamento Contabil - 4.02.001 - Ref 10/2025
DOC-104454;2025-10-23;202510;4.02.001;CC3001;5930.62;Lancamento Contabil - 4.02.001 - Ref 10/2025
DOC-104455;2025-10-31;202510;4.02.001;CC3001;41393.36;Lancamento Contabil - 4.02.001 - Ref 10/2025
DOC-104456;2025-10-07;202510;4.02.001;CC3003;47790.99;Lancamento Contabil - 4.02.001 - Ref 10/2025
DOC-104457;2025-10-10;202510;4.02.001;CC3003;2348.42;Lancamento Contabil - 4.02.001 - Ref 10/2025
DOC-104458;2025-10-13;202510;4.02.001;CC3003;17447.56;Lancamento Contabil - 4.02.001 - Ref 10/2025
DOC-104459;2025-10-15;202510;4.02.001;CC3003;11840.09;Lancamento Contabil - 4.02.001 - Ref 10/2025
DOC-104460;2025-10-17;202510;4.02.001;CC3003;12935.85;Lancamento Contabil - 4.02.001 - Ref 10/2025
DOC-104461;2025-10-19;202510;4.02.001;CC3003;145044.87;Lancamento Contabil - 4.02.001 - Ref 10/2025
DOC-104462;2025-10-20;202510;4.02.001;CC3003;36672.36;Lancamento Contabil - 4.02.001 - Ref 10/2025
DOC-104463;2025-10-22;202510;4.02.001;CC3003;45055.1;Lancamento Contabil - 4.02.001 - Ref 10/2025
DOC-104464;2025-10-01;202510;4.03.001;CC3002;51522.67;Lancamento Contabil - 4.03.001 - Ref 10/2025
DOC-104465;2025-10-17;202510;4.03.001;CC3002;18146.29;Lancamento Contabil - 4.03.001 - Ref 10/2025
DOC-104466;2025-10-22;202510;4.03.001;CC3002;64826.31;Lancamento Contabil - 4.03.001 - Ref 10/2025
DOC-104467;2025-10-27;202510;4.03.001;CC3002;6342.23;Lancamento Contabil - 4.03.001 - Ref 10/2025
DOC-104468;2025-10-31;202510;4.03.001;CC3002;93914.32;Lancamento Contabil - 4.03.001 - Ref 10/2025
DOC-104469;2025-10-04;202510;4.04.001;CC1001;4194.75;Lancamento Contabil - 4.04.001 - Ref 10/2025
DOC-104470;2025-10-10;202510;4.04.001;CC1001;6708.74;Lancamento Contabil - 4.04.001 - Ref 10/2025
DOC-104471;2025-10-16;202510;4.04.001;CC1001;23979.97;Lancamento Contabil - 4.04.001 - Ref 10/2025
DOC-104472;2025-10-18;202510;4.04.001;CC1001;8503.26;Lancamento Contabil - 4.04.001 - Ref 10/2025
DOC-104473;2025-10-20;202510;4.04.001;CC1001;15920.65;Lancamento Contabil - 4.04.001 - Ref 10/2025
DOC-104474;2025-10-21;202510;4.04.001;CC1001;9990.74;Lancamento Contabil - 4.04.001 - Ref 10/2025
DOC-104475;2025-10-22;202510;4.04.001;CC1001;23043.03;Lancamento Contabil - 4.04.001 - Ref 10/2025
DOC-104476;2025-10-27;202510;4.04.001;CC1001;4403.94;Lancamento Contabil - 4.04.001 - Ref 10/2025
DOC-104477;2025-10-29;202510;4.04.001;CC1001;1023.44;Lancamento Contabil - 4.04.001 - Ref 10/2025
DOC-104478;2025-10-09;202510;4.04.001;CC3001;8453.68;Lancamento Contabil - 4.04.001 - Ref 10/2025
DOC-104479;2025-10-11;202510;4.04.001;CC3001;20137.99;Lancamento Contabil - 4.04.001 - Ref 10/2025
DOC-104480;2025-10-21;202510;4.04.001;CC3001;23474.79;Lancamento Contabil - 4.04.001 - Ref 10/2025
DOC-104481;2025-10-23;202510;4.04.001;CC3001;2716.28;Lancamento Contabil - 4.04.001 - Ref 10/2025
DOC-104482;2025-10-28;202510;4.04.001;CC3001;40231.16;Lancamento Contabil - 4.04.001 - Ref 10/2025
DOC-104483;2025-10-02;202510;4.05.001;CC4001;53387.58;Lancamento Contabil - 4.05.001 - Ref 10/2025
DOC-104484;2025-10-05;202510;4.05.001;CC4001;4073.04;Lancamento Contabil - 4.05.001 - Ref 10/2025
DOC-104485;2025-10-07;202510;4.05.001;CC4001;22542.35;Lancamento Contabil - 4.05.001 - Ref 10/2025
DOC-104486;2025-10-08;202510;4.05.001;CC4001;27047.25;Lancamento Contabil - 4.05.001 - Ref 10/2025
DOC-104487;2025-10-13;202510;4.05.001;CC4001;13453.27;Lancamento Contabil - 4.05.001 - Ref 10/2025
DOC-104488;2025-10-17;202510;4.05.001;CC4001;29888.26;Lancamento Contabil - 4.05.001 - Ref 10/2025
DOC-104489;2025-10-20;202510;4.05.001;CC4001;13089.28;Lancamento Contabil - 4.05.001 - Ref 10/2025
DOC-104490;2025-10-25;202510;4.05.001;CC4001;17385.56;Lancamento Contabil - 4.05.001 - Ref 10/2025
DOC-104491;2025-10-01;202510;4.06.001;CC3001;2470.42;Lancamento Contabil - 4.06.001 - Ref 10/2025
DOC-104492;2025-10-05;202510;4.06.001;CC3001;20788.91;Lancamento Contabil - 4.06.001 - Ref 10/2025
DOC-104493;2025-10-09;202510;4.06.001;CC3001;2936.98;Lancamento Contabil - 4.06.001 - Ref 10/2025
DOC-104494;2025-10-10;202510;4.06.001;CC3001;3749.48;Lancamento Contabil - 4.06.001 - Ref 10/2025
DOC-104495;2025-10-14;202510;4.06.001;CC3001;12948.43;Lancamento Contabil - 4.06.001 - Ref 10/2025
DOC-104496;2025-10-16;202510;4.06.001;CC3001;6795.07;Lancamento Contabil - 4.06.001 - Ref 10/2025
DOC-104497;2025-10-21;202510;4.06.001;CC3001;4692.96;Lancamento Contabil - 4.06.001 - Ref 10/2025
DOC-104498;2025-10-22;202510;4.06.001;CC3001;8598.62;Lancamento Contabil - 4.06.001 - Ref 10/2025
DOC-104499;2025-10-24;202510;4.06.001;CC3001;10746.37;Lancamento Contabil - 4.06.001 - Ref 10/2025
DOC-104500;2025-10-02;202510;4.06.001;CC1005;4631.57;Lancamento Contabil - 4.06.001 - Ref 10/2025
DOC-104501;2025-10-07;202510;4.06.001;CC1005;4890.47;Lancamento Contabil - 4.06.001 - Ref 10/2025
DOC-104502;2025-10-08;202510;4.06.001;CC1005;3701.39;Lancamento Contabil - 4.06.001 - Ref 10/2025
DOC-104503;2025-10-11;202510;4.06.001;CC1005;25814.76;Lancamento Contabil - 4.06.001 - Ref 10/2025
DOC-104504;2025-10-13;202510;4.06.001;CC1005;9063.53;Lancamento Contabil - 4.06.001 - Ref 10/2025
DOC-104505;2025-10-19;202510;4.06.001;CC1005;659.27;Lancamento Contabil - 4.06.001 - Ref 10/2025
DOC-104506;2025-10-23;202510;4.06.001;CC1005;15079.53;Lancamento Contabil - 4.06.001 - Ref 10/2025
DOC-104507;2025-10-24;202510;4.06.001;CC1005;4969.69;Lancamento Contabil - 4.06.001 - Ref 10/2025
DOC-104508;2025-10-27;202510;4.06.001;CC1005;540.45;Lancamento Contabil - 4.06.001 - Ref 10/2025
DOC-104509;2025-10-28;202510;4.06.001;CC1005;6053.72;Lancamento Contabil - 4.06.001 - Ref 10/2025
DOC-104510;2025-10-06;202510;5.01.001;CC3001;10789.64;Lancamento Contabil - 5.01.001 - Ref 10/2025
DOC-104511;2025-10-10;202510;5.01.001;CC3001;82826.01;Lancamento Contabil - 5.01.001 - Ref 10/2025
DOC-104512;2025-10-12;202510;5.01.001;CC3001;38578.06;Lancamento Contabil - 5.01.001 - Ref 10/2025
DOC-104513;2025-10-16;202510;5.01.001;CC3001;2655.83;Lancamento Contabil - 5.01.001 - Ref 10/2025
DOC-104514;2025-10-17;202510;5.01.001;CC3001;168834.47;Lancamento Contabil - 5.01.001 - Ref 10/2025
DOC-104515;2025-10-18;202510;5.01.001;CC3001;33988.85;Lancamento Contabil - 5.01.001 - Ref 10/2025
DOC-104516;2025-10-21;202510;5.01.001;CC3001;16255.5;Lancamento Contabil - 5.01.001 - Ref 10/2025
DOC-104517;2025-10-22;202510;5.01.001;CC3001;29971.78;Lancamento Contabil - 5.01.001 - Ref 10/2025
DOC-104518;2025-10-24;202510;5.01.001;CC3001;92263.3;Lancamento Contabil - 5.01.001 - Ref 10/2025
DOC-104519;2025-10-25;202510;5.01.001;CC3001;17200.3;Lancamento Contabil - 5.01.001 - Ref 10/2025
DOC-104520;2025-10-26;202510;5.01.001;CC3001;10121.95;Lancamento Contabil - 5.01.001 - Ref 10/2025
DOC-104521;2025-10-28;202510;5.01.001;CC3001;6535.53;Lancamento Contabil - 5.01.001 - Ref 10/2025
DOC-104522;2025-10-05;202510;5.02.001;CC3001;48231.57;Lancamento Contabil - 5.02.001 - Ref 10/2025
DOC-104523;2025-10-09;202510;5.02.001;CC3001;206546.48;Lancamento Contabil - 5.02.001 - Ref 10/2025
DOC-104524;2025-10-16;202510;5.02.001;CC3001;87012.23;Lancamento Contabil - 5.02.001 - Ref 10/2025
DOC-104525;2025-10-24;202510;5.02.001;CC3001;35203.0;Lancamento Contabil - 5.02.001 - Ref 10/2025
DOC-104526;2025-10-26;202510;5.02.001;CC3001;24788.6;Lancamento Contabil - 5.02.001 - Ref 10/2025
DOC-104527;2025-10-03;202510;5.03.001;CC3001;3245.52;Lancamento Contabil - 5.03.001 - Ref 10/2025
DOC-104528;2025-10-06;202510;5.03.001;CC3001;34248.4;Lancamento Contabil - 5.03.001 - Ref 10/2025
DOC-104529;2025-10-08;202510;5.03.001;CC3001;5129.92;Lancamento Contabil - 5.03.001 - Ref 10/2025
DOC-104530;2025-10-10;202510;5.03.001;CC3001;1525.23;Lancamento Contabil - 5.03.001 - Ref 10/2025
DOC-104531;2025-10-11;202510;5.03.001;CC3001;17132.48;Lancamento Contabil - 5.03.001 - Ref 10/2025
DOC-104532;2025-10-12;202510;5.03.001;CC3001;4765.35;Lancamento Contabil - 5.03.001 - Ref 10/2025
DOC-104533;2025-10-14;202510;5.03.001;CC3001;9554.28;Lancamento Contabil - 5.03.001 - Ref 10/2025
DOC-104534;2025-10-21;202510;5.03.001;CC3001;31807.64;Lancamento Contabil - 5.03.001 - Ref 10/2025
DOC-104535;2025-10-22;202510;5.03.001;CC3001;397.69;Lancamento Contabil - 5.03.001 - Ref 10/2025
DOC-104536;2025-10-24;202510;5.03.001;CC3001;785.63;Lancamento Contabil - 5.03.001 - Ref 10/2025
DOC-104537;2025-10-25;202510;5.03.001;CC3001;9846.73;Lancamento Contabil - 5.03.001 - Ref 10/2025
DOC-104538;2025-10-30;202510;5.03.001;CC3001;2557.42;Lancamento Contabil - 5.03.001 - Ref 10/2025
DOC-104539;2025-10-02;202510;6.01.001;CC3001;66675.73;Lancamento Contabil - 6.01.001 - Ref 10/2025
DOC-104540;2025-10-04;202510;6.01.001;CC3001;13143.81;Lancamento Contabil - 6.01.001 - Ref 10/2025
DOC-104541;2025-10-09;202510;6.01.001;CC3001;7229.84;Lancamento Contabil - 6.01.001 - Ref 10/2025
DOC-104542;2025-10-10;202510;6.01.001;CC3001;487480.96;Lancamento Contabil - 6.01.001 - Ref 10/2025
DOC-104543;2025-10-12;202510;6.01.001;CC3001;47253.57;Lancamento Contabil - 6.01.001 - Ref 10/2025
DOC-104544;2025-10-15;202510;6.01.001;CC3001;206395.17;Lancamento Contabil - 6.01.001 - Ref 10/2025
DOC-104545;2025-10-16;202510;6.01.001;CC3001;304769.03;Lancamento Contabil - 6.01.001 - Ref 10/2025
DOC-104546;2025-10-19;202510;6.01.001;CC3001;183040.13;Lancamento Contabil - 6.01.001 - Ref 10/2025
DOC-104547;2025-10-21;202510;6.01.001;CC3001;8994.65;Lancamento Contabil - 6.01.001 - Ref 10/2025
DOC-104548;2025-11-04;202511;1.01.001;CC4001;3801734.92;Lancamento Contabil - 1.01.001 - Ref 11/2025
DOC-104549;2025-11-07;202511;1.01.001;CC4001;5140934.11;Lancamento Contabil - 1.01.001 - Ref 11/2025
DOC-104550;2025-11-16;202511;1.01.001;CC4001;4344921.24;Lancamento Contabil - 1.01.001 - Ref 11/2025
DOC-104551;2025-11-17;202511;1.01.001;CC4001;3304901.04;Lancamento Contabil - 1.01.001 - Ref 11/2025
DOC-104552;2025-11-29;202511;1.01.001;CC4001;14641665.52;Lancamento Contabil - 1.01.001 - Ref 11/2025
DOC-104553;2025-11-02;202511;1.01.002;CC4001;539228.85;Lancamento Contabil - 1.01.002 - Ref 11/2025
DOC-104554;2025-11-05;202511;1.01.002;CC4001;98342.78;Lancamento Contabil - 1.01.002 - Ref 11/2025
DOC-104555;2025-11-07;202511;1.01.002;CC4001;229442.7;Lancamento Contabil - 1.01.002 - Ref 11/2025
DOC-104556;2025-11-10;202511;1.01.002;CC4001;628714.12;Lancamento Contabil - 1.01.002 - Ref 11/2025
DOC-104557;2025-11-11;202511;1.01.002;CC4001;786294.44;Lancamento Contabil - 1.01.002 - Ref 11/2025
DOC-104558;2025-11-14;202511;1.01.002;CC4001;170930.33;Lancamento Contabil - 1.01.002 - Ref 11/2025
DOC-104559;2025-11-17;202511;1.01.002;CC4001;144916.5;Lancamento Contabil - 1.01.002 - Ref 11/2025
DOC-104560;2025-11-19;202511;1.01.002;CC4001;78514.39;Lancamento Contabil - 1.01.002 - Ref 11/2025
DOC-104561;2025-11-26;202511;1.01.002;CC4001;766912.51;Lancamento Contabil - 1.01.002 - Ref 11/2025
DOC-104562;2025-11-28;202511;1.01.002;CC4001;37035.23;Lancamento Contabil - 1.01.002 - Ref 11/2025
DOC-104563;2025-11-03;202511;1.02.001;CC1004;25103.5;Lancamento Contabil - 1.02.001 - Ref 11/2025
DOC-104564;2025-11-05;202511;1.02.001;CC1004;39838.44;Lancamento Contabil - 1.02.001 - Ref 11/2025
DOC-104565;2025-11-06;202511;1.02.001;CC1004;515653.6;Lancamento Contabil - 1.02.001 - Ref 11/2025
DOC-104566;2025-11-11;202511;1.02.001;CC1004;4338.42;Lancamento Contabil - 1.02.001 - Ref 11/2025
DOC-104567;2025-11-16;202511;1.02.001;CC1004;66305.28;Lancamento Contabil - 1.02.001 - Ref 11/2025
DOC-104568;2025-11-21;202511;1.02.001;CC1004;6613.48;Lancamento Contabil - 1.02.001 - Ref 11/2025
DOC-104569;2025-11-23;202511;1.02.001;CC1004;12880.8;Lancamento Contabil - 1.02.001 - Ref 11/2025
DOC-104570;2025-11-25;202511;1.02.001;CC1004;44434.91;Lancamento Contabil - 1.02.001 - Ref 11/2025
DOC-104571;2025-11-26;202511;1.02.001;CC1004;54813.96;Lancamento Contabil - 1.02.001 - Ref 11/2025
DOC-104572;2025-11-28;202511;1.02.001;CC1004;22981.42;Lancamento Contabil - 1.02.001 - Ref 11/2025
DOC-104573;2025-11-29;202511;1.02.001;CC1004;29196.63;Lancamento Contabil - 1.02.001 - Ref 11/2025
DOC-104574;2025-11-01;202511;2.01.001;CC3001;23402.81;Lancamento Contabil - 2.01.001 - Ref 11/2025
DOC-104575;2025-11-02;202511;2.01.001;CC3001;92930.15;Lancamento Contabil - 2.01.001 - Ref 11/2025
DOC-104576;2025-11-06;202511;2.01.001;CC3001;874025.57;Lancamento Contabil - 2.01.001 - Ref 11/2025
DOC-104577;2025-11-07;202511;2.01.001;CC3001;744684.57;Lancamento Contabil - 2.01.001 - Ref 11/2025
DOC-104578;2025-11-09;202511;2.01.001;CC3001;104890.92;Lancamento Contabil - 2.01.001 - Ref 11/2025
DOC-104579;2025-11-15;202511;2.01.001;CC3001;217598.14;Lancamento Contabil - 2.01.001 - Ref 11/2025
DOC-104580;2025-11-19;202511;2.01.001;CC3001;618220.37;Lancamento Contabil - 2.01.001 - Ref 11/2025
DOC-104581;2025-11-21;202511;2.01.001;CC3001;1595.55;Lancamento Contabil - 2.01.001 - Ref 11/2025
DOC-104582;2025-11-24;202511;2.01.001;CC3001;428102.01;Lancamento Contabil - 2.01.001 - Ref 11/2025
DOC-104583;2025-11-03;202511;2.02.001;CC4001;3098.37;Lancamento Contabil - 2.02.001 - Ref 11/2025
DOC-104584;2025-11-05;202511;2.02.001;CC4001;6216.64;Lancamento Contabil - 2.02.001 - Ref 11/2025
DOC-104585;2025-11-13;202511;2.02.001;CC4001;12278.75;Lancamento Contabil - 2.02.001 - Ref 11/2025
DOC-104586;2025-11-14;202511;2.02.001;CC4001;13739.96;Lancamento Contabil - 2.02.001 - Ref 11/2025
DOC-104587;2025-11-20;202511;2.02.001;CC4001;56020.23;Lancamento Contabil - 2.02.001 - Ref 11/2025
DOC-104588;2025-11-21;202511;2.02.001;CC4001;3525.62;Lancamento Contabil - 2.02.001 - Ref 11/2025
DOC-104589;2025-11-22;202511;2.02.001;CC4001;8035.99;Lancamento Contabil - 2.02.001 - Ref 11/2025
DOC-104590;2025-11-24;202511;2.02.001;CC4001;7926.29;Lancamento Contabil - 2.02.001 - Ref 11/2025
DOC-104591;2025-11-25;202511;2.02.001;CC4001;5411.08;Lancamento Contabil - 2.02.001 - Ref 11/2025
DOC-104592;2025-11-26;202511;2.02.001;CC4001;1927.39;Lancamento Contabil - 2.02.001 - Ref 11/2025
DOC-104593;2025-11-29;202511;2.02.001;CC4001;39441.31;Lancamento Contabil - 2.02.001 - Ref 11/2025
DOC-104594;2025-11-01;202511;3.01.001;CC1001;852339.16;Lancamento Contabil - 3.01.001 - Ref 11/2025
DOC-104595;2025-11-02;202511;3.01.001;CC1001;306311.46;Lancamento Contabil - 3.01.001 - Ref 11/2025
DOC-104596;2025-11-07;202511;3.01.001;CC1001;410492.97;Lancamento Contabil - 3.01.001 - Ref 11/2025
DOC-104597;2025-11-11;202511;3.01.001;CC1001;114481.35;Lancamento Contabil - 3.01.001 - Ref 11/2025
DOC-104598;2025-11-12;202511;3.01.001;CC1001;348485.57;Lancamento Contabil - 3.01.001 - Ref 11/2025
DOC-104599;2025-11-13;202511;3.01.001;CC1001;527236.38;Lancamento Contabil - 3.01.001 - Ref 11/2025
DOC-104600;2025-11-17;202511;3.01.001;CC1001;321467.67;Lancamento Contabil - 3.01.001 - Ref 11/2025
DOC-104601;2025-11-18;202511;3.01.001;CC1001;2057755.61;Lancamento Contabil - 3.01.001 - Ref 11/2025
DOC-104602;2025-11-24;202511;3.01.001;CC1001;419647.98;Lancamento Contabil - 3.01.001 - Ref 11/2025
DOC-104603;2025-11-26;202511;3.01.001;CC1001;205851.96;Lancamento Contabil - 3.01.001 - Ref 11/2025
DOC-104604;2025-11-29;202511;3.01.001;CC1001;656778.48;Lancamento Contabil - 3.01.001 - Ref 11/2025
DOC-104605;2025-11-01;202511;3.02.001;CC1002;61757.96;Lancamento Contabil - 3.02.001 - Ref 11/2025
DOC-104606;2025-11-21;202511;3.02.001;CC1002;81929.52;Lancamento Contabil - 3.02.001 - Ref 11/2025
DOC-104607;2025-11-22;202511;3.02.001;CC1002;220623.63;Lancamento Contabil - 3.02.001 - Ref 11/2025
DOC-104608;2025-11-24;202511;3.02.001;CC1002;95942.99;Lancamento Contabil - 3.02.001 - Ref 11/2025
DOC-104609;2025-11-04;202511;3.02.001;CC1003;120936.27;Lancamento Contabil - 3.02.001 - Ref 11/2025
DOC-104610;2025-11-05;202511;3.02.001;CC1003;65765.08;Lancamento Contabil - 3.02.001 - Ref 11/2025
DOC-104611;2025-11-08;202511;3.02.001;CC1003;32045.76;Lancamento Contabil - 3.02.001 - Ref 11/2025
DOC-104612;2025-11-10;202511;3.02.001;CC1003;127111.12;Lancamento Contabil - 3.02.001 - Ref 11/2025
DOC-104613;2025-11-12;202511;3.02.001;CC1003;20834.54;Lancamento Contabil - 3.02.001 - Ref 11/2025
DOC-104614;2025-11-13;202511;3.02.001;CC1003;19449.66;Lancamento Contabil - 3.02.001 - Ref 11/2025
DOC-104615;2025-11-23;202511;3.02.001;CC1003;53749.01;Lancamento Contabil - 3.02.001 - Ref 11/2025
DOC-104616;2025-11-02;202511;3.03.001;CC1002;6133.12;Lancamento Contabil - 3.03.001 - Ref 11/2025
DOC-104617;2025-11-03;202511;3.03.001;CC1002;35467.23;Lancamento Contabil - 3.03.001 - Ref 11/2025
DOC-104618;2025-11-06;202511;3.03.001;CC1002;8806.37;Lancamento Contabil - 3.03.001 - Ref 11/2025
DOC-104619;2025-11-10;202511;3.03.001;CC1002;20705.76;Lancamento Contabil - 3.03.001 - Ref 11/2025
DOC-104620;2025-11-11;202511;3.03.001;CC1002;1561.92;Lancamento Contabil - 3.03.001 - Ref 11/2025
DOC-104621;2025-11-15;202511;3.03.001;CC1002;8758.16;Lancamento Contabil - 3.03.001 - Ref 11/2025
DOC-104622;2025-11-17;202511;3.03.001;CC1002;21058.01;Lancamento Contabil - 3.03.001 - Ref 11/2025
DOC-104623;2025-11-19;202511;3.03.001;CC1002;9099.24;Lancamento Contabil - 3.03.001 - Ref 11/2025
DOC-104624;2025-11-20;202511;3.03.001;CC1002;13165.41;Lancamento Contabil - 3.03.001 - Ref 11/2025
DOC-104625;2025-11-22;202511;3.03.001;CC1002;4838.98;Lancamento Contabil - 3.03.001 - Ref 11/2025
DOC-104626;2025-11-25;202511;3.03.001;CC1002;1008.87;Lancamento Contabil - 3.03.001 - Ref 11/2025
DOC-104627;2025-11-29;202511;3.03.001;CC1002;6368.01;Lancamento Contabil - 3.03.001 - Ref 11/2025
DOC-104628;2025-11-01;202511;3.03.001;CC1003;4705.06;Lancamento Contabil - 3.03.001 - Ref 11/2025
DOC-104629;2025-11-05;202511;3.03.001;CC1003;18925.21;Lancamento Contabil - 3.03.001 - Ref 11/2025
DOC-104630;2025-11-06;202511;3.03.001;CC1003;2623.34;Lancamento Contabil - 3.03.001 - Ref 11/2025
DOC-104631;2025-11-07;202511;3.03.001;CC1003;31918.38;Lancamento Contabil - 3.03.001 - Ref 11/2025
DOC-104632;2025-11-11;202511;3.03.001;CC1003;29762.68;Lancamento Contabil - 3.03.001 - Ref 11/2025
DOC-104633;2025-11-12;202511;3.03.001;CC1003;2668.56;Lancamento Contabil - 3.03.001 - Ref 11/2025
DOC-104634;2025-11-13;202511;3.03.001;CC1003;4012.19;Lancamento Contabil - 3.03.001 - Ref 11/2025
DOC-104635;2025-11-16;202511;3.03.001;CC1003;21187.79;Lancamento Contabil - 3.03.001 - Ref 11/2025
DOC-104636;2025-11-22;202511;3.03.001;CC1003;31886.85;Lancamento Contabil - 3.03.001 - Ref 11/2025
DOC-104637;2025-11-29;202511;3.03.001;CC1003;5495.81;Lancamento Contabil - 3.03.001 - Ref 11/2025
DOC-104638;2025-11-01;202511;3.03.001;CC1005;41771.07;Lancamento Contabil - 3.03.001 - Ref 11/2025
DOC-104639;2025-11-05;202511;3.03.001;CC1005;11464.73;Lancamento Contabil - 3.03.001 - Ref 11/2025
DOC-104640;2025-11-07;202511;3.03.001;CC1005;47856.79;Lancamento Contabil - 3.03.001 - Ref 11/2025
DOC-104641;2025-11-08;202511;3.03.001;CC1005;1903.34;Lancamento Contabil - 3.03.001 - Ref 11/2025
DOC-104642;2025-11-19;202511;3.03.001;CC1005;1814.04;Lancamento Contabil - 3.03.001 - Ref 11/2025
DOC-104643;2025-11-24;202511;3.03.001;CC1005;17520.3;Lancamento Contabil - 3.03.001 - Ref 11/2025
DOC-104644;2025-11-29;202511;3.03.001;CC1005;15651.09;Lancamento Contabil - 3.03.001 - Ref 11/2025
DOC-104645;2025-11-02;202511;3.04.001;CC1004;7060.41;Lancamento Contabil - 3.04.001 - Ref 11/2025
DOC-104646;2025-11-04;202511;3.04.001;CC1004;12572.39;Lancamento Contabil - 3.04.001 - Ref 11/2025
DOC-104647;2025-11-06;202511;3.04.001;CC1004;7199.67;Lancamento Contabil - 3.04.001 - Ref 11/2025
DOC-104648;2025-11-09;202511;3.04.001;CC1004;3974.8;Lancamento Contabil - 3.04.001 - Ref 11/2025
DOC-104649;2025-11-12;202511;3.04.001;CC1004;6893.5;Lancamento Contabil - 3.04.001 - Ref 11/2025
DOC-104650;2025-11-13;202511;3.04.001;CC1004;68601.84;Lancamento Contabil - 3.04.001 - Ref 11/2025
DOC-104651;2025-11-18;202511;3.04.001;CC1004;9857.69;Lancamento Contabil - 3.04.001 - Ref 11/2025
DOC-104652;2025-11-20;202511;3.04.001;CC1004;10951.36;Lancamento Contabil - 3.04.001 - Ref 11/2025
DOC-104653;2025-11-21;202511;3.04.001;CC1004;15997.07;Lancamento Contabil - 3.04.001 - Ref 11/2025
DOC-104654;2025-11-23;202511;3.04.001;CC1004;76229.52;Lancamento Contabil - 3.04.001 - Ref 11/2025
DOC-104655;2025-11-25;202511;3.04.001;CC1004;5148.24;Lancamento Contabil - 3.04.001 - Ref 11/2025
DOC-104656;2025-11-26;202511;3.04.001;CC1004;21286.7;Lancamento Contabil - 3.04.001 - Ref 11/2025
DOC-104657;2025-11-04;202511;3.05.001;CC1005;9075.76;Lancamento Contabil - 3.05.001 - Ref 11/2025
DOC-104658;2025-11-21;202511;3.05.001;CC1005;110544.43;Lancamento Contabil - 3.05.001 - Ref 11/2025
DOC-104659;2025-11-22;202511;3.05.001;CC1005;6481.83;Lancamento Contabil - 3.05.001 - Ref 11/2025
DOC-104660;2025-11-27;202511;3.05.001;CC1005;88722.0;Lancamento Contabil - 3.05.001 - Ref 11/2025
DOC-104661;2025-11-01;202511;3.06.001;CC1002;168097.85;Lancamento Contabil - 3.06.001 - Ref 11/2025
DOC-104662;2025-11-02;202511;3.06.001;CC1003;158838.1;Lancamento Contabil - 3.06.001 - Ref 11/2025
DOC-104663;2025-11-04;202511;4.01.001;CC2001;189677.4;Lancamento Contabil - 4.01.001 - Ref 11/2025
DOC-104664;2025-11-13;202511;4.01.001;CC2001;63010.81;Lancamento Contabil - 4.01.001 - Ref 11/2025
DOC-104665;2025-11-14;202511;4.01.001;CC2001;25066.97;Lancamento Contabil - 4.01.001 - Ref 11/2025
DOC-104666;2025-11-15;202511;4.01.001;CC2001;14671.39;Lancamento Contabil - 4.01.001 - Ref 11/2025
DOC-104667;2025-11-18;202511;4.01.001;CC2001;313029.92;Lancamento Contabil - 4.01.001 - Ref 11/2025
DOC-104668;2025-11-01;202511;4.02.001;CC3001;65871.66;Lancamento Contabil - 4.02.001 - Ref 11/2025
DOC-104669;2025-11-05;202511;4.02.001;CC3001;11237.82;Lancamento Contabil - 4.02.001 - Ref 11/2025
DOC-104670;2025-11-07;202511;4.02.001;CC3001;28633.52;Lancamento Contabil - 4.02.001 - Ref 11/2025
DOC-104671;2025-11-16;202511;4.02.001;CC3001;22832.32;Lancamento Contabil - 4.02.001 - Ref 11/2025
DOC-104672;2025-11-21;202511;4.02.001;CC3001;20105.56;Lancamento Contabil - 4.02.001 - Ref 11/2025
DOC-104673;2025-11-22;202511;4.02.001;CC3001;44324.03;Lancamento Contabil - 4.02.001 - Ref 11/2025
DOC-104674;2025-11-23;202511;4.02.001;CC3001;101901.86;Lancamento Contabil - 4.02.001 - Ref 11/2025
DOC-104675;2025-11-29;202511;4.02.001;CC3001;20522.72;Lancamento Contabil - 4.02.001 - Ref 11/2025
DOC-104676;2025-11-04;202511;4.02.001;CC3003;12083.35;Lancamento Contabil - 4.02.001 - Ref 11/2025
DOC-104677;2025-11-09;202511;4.02.001;CC3003;13115.67;Lancamento Contabil - 4.02.001 - Ref 11/2025
DOC-104678;2025-11-14;202511;4.02.001;CC3003;99171.59;Lancamento Contabil - 4.02.001 - Ref 11/2025
DOC-104679;2025-11-17;202511;4.02.001;CC3003;81839.25;Lancamento Contabil - 4.02.001 - Ref 11/2025
DOC-104680;2025-11-20;202511;4.02.001;CC3003;42593.42;Lancamento Contabil - 4.02.001 - Ref 11/2025
DOC-104681;2025-11-22;202511;4.02.001;CC3003;7317.61;Lancamento Contabil - 4.02.001 - Ref 11/2025
DOC-104682;2025-11-24;202511;4.02.001;CC3003;1863.98;Lancamento Contabil - 4.02.001 - Ref 11/2025
DOC-104683;2025-11-29;202511;4.02.001;CC3003;10081.95;Lancamento Contabil - 4.02.001 - Ref 11/2025
DOC-104684;2025-11-04;202511;4.03.001;CC3002;48634.29;Lancamento Contabil - 4.03.001 - Ref 11/2025
DOC-104685;2025-11-14;202511;4.03.001;CC3002;63198.58;Lancamento Contabil - 4.03.001 - Ref 11/2025
DOC-104686;2025-11-17;202511;4.03.001;CC3002;60263.7;Lancamento Contabil - 4.03.001 - Ref 11/2025
DOC-104687;2025-11-20;202511;4.03.001;CC3002;14416.44;Lancamento Contabil - 4.03.001 - Ref 11/2025
DOC-104688;2025-11-24;202511;4.03.001;CC3002;37588.57;Lancamento Contabil - 4.03.001 - Ref 11/2025
DOC-104689;2025-11-27;202511;4.03.001;CC3002;12133.23;Lancamento Contabil - 4.03.001 - Ref 11/2025
DOC-104690;2025-11-04;202511;4.04.001;CC1001;2461.85;Lancamento Contabil - 4.04.001 - Ref 11/2025
DOC-104691;2025-11-07;202511;4.04.001;CC1001;47373.0;Lancamento Contabil - 4.04.001 - Ref 11/2025
DOC-104692;2025-11-10;202511;4.04.001;CC1001;386.92;Lancamento Contabil - 4.04.001 - Ref 11/2025
DOC-104693;2025-11-16;202511;4.04.001;CC1001;20616.83;Lancamento Contabil - 4.04.001 - Ref 11/2025
DOC-104694;2025-11-26;202511;4.04.001;CC1001;15653.23;Lancamento Contabil - 4.04.001 - Ref 11/2025
DOC-104695;2025-11-07;202511;4.04.001;CC3001;3777.06;Lancamento Contabil - 4.04.001 - Ref 11/2025
DOC-104696;2025-11-09;202511;4.04.001;CC3001;17391.58;Lancamento Contabil - 4.04.001 - Ref 11/2025
DOC-104697;2025-11-12;202511;4.04.001;CC3001;3625.8;Lancamento Contabil - 4.04.001 - Ref 11/2025
DOC-104698;2025-11-17;202511;4.04.001;CC3001;6159.08;Lancamento Contabil - 4.04.001 - Ref 11/2025
DOC-104699;2025-11-23;202511;4.04.001;CC3001;13526.6;Lancamento Contabil - 4.04.001 - Ref 11/2025
DOC-104700;2025-11-25;202511;4.04.001;CC3001;12300.33;Lancamento Contabil - 4.04.001 - Ref 11/2025
DOC-104701;2025-11-27;202511;4.04.001;CC3001;45544.18;Lancamento Contabil - 4.04.001 - Ref 11/2025
DOC-104702;2025-11-02;202511;4.05.001;CC4001;6363.85;Lancamento Contabil - 4.05.001 - Ref 11/2025
DOC-104703;2025-11-06;202511;4.05.001;CC4001;27083.14;Lancamento Contabil - 4.05.001 - Ref 11/2025
DOC-104704;2025-11-07;202511;4.05.001;CC4001;23469.47;Lancamento Contabil - 4.05.001 - Ref 11/2025
DOC-104705;2025-11-08;202511;4.05.001;CC4001;61524.55;Lancamento Contabil - 4.05.001 - Ref 11/2025
DOC-104706;2025-11-10;202511;4.05.001;CC4001;4241.7;Lancamento Contabil - 4.05.001 - Ref 11/2025
DOC-104707;2025-11-11;202511;4.05.001;CC4001;34763.23;Lancamento Contabil - 4.05.001 - Ref 11/2025
DOC-104708;2025-11-16;202511;4.05.001;CC4001;20953.83;Lancamento Contabil - 4.05.001 - Ref 11/2025
DOC-104709;2025-11-18;202511;4.05.001;CC4001;8010.88;Lancamento Contabil - 4.05.001 - Ref 11/2025
DOC-104710;2025-11-23;202511;4.05.001;CC4001;16047.6;Lancamento Contabil - 4.05.001 - Ref 11/2025
DOC-104711;2025-11-26;202511;4.05.001;CC4001;10131.51;Lancamento Contabil - 4.05.001 - Ref 11/2025
DOC-104712;2025-11-01;202511;4.06.001;CC3001;25388.05;Lancamento Contabil - 4.06.001 - Ref 11/2025
DOC-104713;2025-11-03;202511;4.06.001;CC3001;30106.77;Lancamento Contabil - 4.06.001 - Ref 11/2025
DOC-104714;2025-11-22;202511;4.06.001;CC3001;22042.85;Lancamento Contabil - 4.06.001 - Ref 11/2025
DOC-104715;2025-11-30;202511;4.06.001;CC3001;1582.95;Lancamento Contabil - 4.06.001 - Ref 11/2025
DOC-104716;2025-11-05;202511;4.06.001;CC1005;9070.1;Lancamento Contabil - 4.06.001 - Ref 11/2025
DOC-104717;2025-11-16;202511;4.06.001;CC1005;23173.68;Lancamento Contabil - 4.06.001 - Ref 11/2025
DOC-104718;2025-11-19;202511;4.06.001;CC1005;12707.96;Lancamento Contabil - 4.06.001 - Ref 11/2025
DOC-104719;2025-11-22;202511;4.06.001;CC1005;6863.85;Lancamento Contabil - 4.06.001 - Ref 11/2025
DOC-104720;2025-11-27;202511;4.06.001;CC1005;24000.68;Lancamento Contabil - 4.06.001 - Ref 11/2025
DOC-104721;2025-11-03;202511;5.01.001;CC3001;42148.5;Lancamento Contabil - 5.01.001 - Ref 11/2025
DOC-104722;2025-11-04;202511;5.01.001;CC3001;9668.31;Lancamento Contabil - 5.01.001 - Ref 11/2025
DOC-104723;2025-11-17;202511;5.01.001;CC3001;177596.14;Lancamento Contabil - 5.01.001 - Ref 11/2025
DOC-104724;2025-11-24;202511;5.01.001;CC3001;136713.53;Lancamento Contabil - 5.01.001 - Ref 11/2025
DOC-104725;2025-11-25;202511;5.01.001;CC3001;83115.2;Lancamento Contabil - 5.01.001 - Ref 11/2025
DOC-104726;2025-11-02;202511;5.02.001;CC3001;5090.9;Lancamento Contabil - 5.02.001 - Ref 11/2025
DOC-104727;2025-11-04;202511;5.02.001;CC3001;67805.1;Lancamento Contabil - 5.02.001 - Ref 11/2025
DOC-104728;2025-11-08;202511;5.02.001;CC3001;74808.68;Lancamento Contabil - 5.02.001 - Ref 11/2025
DOC-104729;2025-11-09;202511;5.02.001;CC3001;66193.01;Lancamento Contabil - 5.02.001 - Ref 11/2025
DOC-104730;2025-11-10;202511;5.02.001;CC3001;5485.84;Lancamento Contabil - 5.02.001 - Ref 11/2025
DOC-104731;2025-11-15;202511;5.02.001;CC3001;46814.02;Lancamento Contabil - 5.02.001 - Ref 11/2025
DOC-104732;2025-11-21;202511;5.02.001;CC3001;81504.51;Lancamento Contabil - 5.02.001 - Ref 11/2025
DOC-104733;2025-11-28;202511;5.02.001;CC3001;39045.56;Lancamento Contabil - 5.02.001 - Ref 11/2025
DOC-104734;2025-11-02;202511;5.03.001;CC3001;30452.19;Lancamento Contabil - 5.03.001 - Ref 11/2025
DOC-104735;2025-11-10;202511;5.03.001;CC3001;1416.06;Lancamento Contabil - 5.03.001 - Ref 11/2025
DOC-104736;2025-11-12;202511;5.03.001;CC3001;41240.08;Lancamento Contabil - 5.03.001 - Ref 11/2025
DOC-104737;2025-11-22;202511;5.03.001;CC3001;3439.02;Lancamento Contabil - 5.03.001 - Ref 11/2025
DOC-104738;2025-11-28;202511;5.03.001;CC3001;23112.32;Lancamento Contabil - 5.03.001 - Ref 11/2025
DOC-104739;2025-11-30;202511;5.03.001;CC3001;14015.69;Lancamento Contabil - 5.03.001 - Ref 11/2025
DOC-104740;2025-11-01;202511;6.01.001;CC3001;169717.27;Lancamento Contabil - 6.01.001 - Ref 11/2025
DOC-104741;2025-11-02;202511;6.01.001;CC3001;30825.69;Lancamento Contabil - 6.01.001 - Ref 11/2025
DOC-104742;2025-11-04;202511;6.01.001;CC3001;253262.79;Lancamento Contabil - 6.01.001 - Ref 11/2025
DOC-104743;2025-11-05;202511;6.01.001;CC3001;341157.52;Lancamento Contabil - 6.01.001 - Ref 11/2025
DOC-104744;2025-11-14;202511;6.01.001;CC3001;38394.13;Lancamento Contabil - 6.01.001 - Ref 11/2025
DOC-104745;2025-11-22;202511;6.01.001;CC3001;23714.89;Lancamento Contabil - 6.01.001 - Ref 11/2025
DOC-104746;2025-11-24;202511;6.01.001;CC3001;33852.42;Lancamento Contabil - 6.01.001 - Ref 11/2025
DOC-104747;2025-11-25;202511;6.01.001;CC3001;451333.34;Lancamento Contabil - 6.01.001 - Ref 11/2025
DOC-104748;2025-11-28;202511;6.01.001;CC3001;161704.66;Lancamento Contabil - 6.01.001 - Ref 11/2025
DOC-104749;2025-12-09;202512;1.01.001;CC4001;4013345.09;Lancamento Contabil - 1.01.001 - Ref 12/2025
DOC-104750;2025-12-11;202512;1.01.001;CC4001;7750503.35;Lancamento Contabil - 1.01.001 - Ref 12/2025
DOC-104751;2025-12-12;202512;1.01.001;CC4001;6741541.99;Lancamento Contabil - 1.01.001 - Ref 12/2025
DOC-104752;2025-12-15;202512;1.01.001;CC4001;3764907.21;Lancamento Contabil - 1.01.001 - Ref 12/2025
DOC-104753;2025-12-20;202512;1.01.001;CC4001;299551.5;Lancamento Contabil - 1.01.001 - Ref 12/2025
DOC-104754;2025-12-29;202512;1.01.001;CC4001;456356.02;Lancamento Contabil - 1.01.001 - Ref 12/2025
DOC-104755;2025-12-04;202512;1.01.002;CC4001;107675.83;Lancamento Contabil - 1.01.002 - Ref 12/2025
DOC-104756;2025-12-06;202512;1.01.002;CC4001;633933.05;Lancamento Contabil - 1.01.002 - Ref 12/2025
DOC-104757;2025-12-11;202512;1.01.002;CC4001;310447.48;Lancamento Contabil - 1.01.002 - Ref 12/2025
DOC-104758;2025-12-12;202512;1.01.002;CC4001;641312.71;Lancamento Contabil - 1.01.002 - Ref 12/2025
DOC-104759;2025-12-27;202512;1.01.002;CC4001;1035374.72;Lancamento Contabil - 1.01.002 - Ref 12/2025
DOC-104760;2025-12-06;202512;1.02.001;CC1004;102225.39;Lancamento Contabil - 1.02.001 - Ref 12/2025
DOC-104761;2025-12-09;202512;1.02.001;CC1004;70305.61;Lancamento Contabil - 1.02.001 - Ref 12/2025
DOC-104762;2025-12-13;202512;1.02.001;CC1004;6771.92;Lancamento Contabil - 1.02.001 - Ref 12/2025
DOC-104763;2025-12-14;202512;1.02.001;CC1004;75549.37;Lancamento Contabil - 1.02.001 - Ref 12/2025
DOC-104764;2025-12-15;202512;1.02.001;CC1004;18254.34;Lancamento Contabil - 1.02.001 - Ref 12/2025
DOC-104765;2025-12-16;202512;1.02.001;CC1004;57827.89;Lancamento Contabil - 1.02.001 - Ref 12/2025
DOC-104766;2025-12-21;202512;1.02.001;CC1004;23659.04;Lancamento Contabil - 1.02.001 - Ref 12/2025
DOC-104767;2025-12-23;202512;1.02.001;CC1004;344005.66;Lancamento Contabil - 1.02.001 - Ref 12/2025
DOC-104768;2025-12-27;202512;1.02.001;CC1004;17357.62;Lancamento Contabil - 1.02.001 - Ref 12/2025
DOC-104769;2025-12-31;202512;1.02.001;CC1004;18570.79;Lancamento Contabil - 1.02.001 - Ref 12/2025
DOC-104770;2025-12-02;202512;2.01.001;CC3001;1184548.56;Lancamento Contabil - 2.01.001 - Ref 12/2025
DOC-104771;2025-12-05;202512;2.01.001;CC3001;11075.02;Lancamento Contabil - 2.01.001 - Ref 12/2025
DOC-104772;2025-12-23;202512;2.01.001;CC3001;529490.43;Lancamento Contabil - 2.01.001 - Ref 12/2025
DOC-104773;2025-12-24;202512;2.01.001;CC3001;573507.59;Lancamento Contabil - 2.01.001 - Ref 12/2025
DOC-104774;2025-12-31;202512;2.01.001;CC3001;803425.23;Lancamento Contabil - 2.01.001 - Ref 12/2025
DOC-104775;2025-12-04;202512;2.02.001;CC4001;2873.91;Lancamento Contabil - 2.02.001 - Ref 12/2025
DOC-104776;2025-12-14;202512;2.02.001;CC4001;21974.9;Lancamento Contabil - 2.02.001 - Ref 12/2025
DOC-104777;2025-12-16;202512;2.02.001;CC4001;84617.68;Lancamento Contabil - 2.02.001 - Ref 12/2025
DOC-104778;2025-12-19;202512;2.02.001;CC4001;50804.57;Lancamento Contabil - 2.02.001 - Ref 12/2025
DOC-104779;2025-12-26;202512;2.02.001;CC4001;12098.14;Lancamento Contabil - 2.02.001 - Ref 12/2025
DOC-104780;2025-12-29;202512;2.02.001;CC4001;852.92;Lancamento Contabil - 2.02.001 - Ref 12/2025
DOC-104781;2025-12-01;202512;3.01.001;CC1001;224681.54;Lancamento Contabil - 3.01.001 - Ref 12/2025
DOC-104782;2025-12-05;202512;3.01.001;CC1001;874472.52;Lancamento Contabil - 3.01.001 - Ref 12/2025
DOC-104783;2025-12-06;202512;3.01.001;CC1001;603800.47;Lancamento Contabil - 3.01.001 - Ref 12/2025
DOC-104784;2025-12-12;202512;3.01.001;CC1001;307134.38;Lancamento Contabil - 3.01.001 - Ref 12/2025
DOC-104785;2025-12-13;202512;3.01.001;CC1001;28306.52;Lancamento Contabil - 3.01.001 - Ref 12/2025
DOC-104786;2025-12-16;202512;3.01.001;CC1001;278024.89;Lancamento Contabil - 3.01.001 - Ref 12/2025
DOC-104787;2025-12-20;202512;3.01.001;CC1001;316158.46;Lancamento Contabil - 3.01.001 - Ref 12/2025
DOC-104788;2025-12-22;202512;3.01.001;CC1001;1317909.84;Lancamento Contabil - 3.01.001 - Ref 12/2025
DOC-104789;2025-12-24;202512;3.01.001;CC1001;511750.98;Lancamento Contabil - 3.01.001 - Ref 12/2025
DOC-104790;2025-12-25;202512;3.01.001;CC1001;186517.68;Lancamento Contabil - 3.01.001 - Ref 12/2025
DOC-104791;2025-12-30;202512;3.01.001;CC1001;372129.68;Lancamento Contabil - 3.01.001 - Ref 12/2025
DOC-104792;2025-12-02;202512;3.02.001;CC1002;35831.76;Lancamento Contabil - 3.02.001 - Ref 12/2025
DOC-104793;2025-12-03;202512;3.02.001;CC1002;93656.99;Lancamento Contabil - 3.02.001 - Ref 12/2025
DOC-104794;2025-12-14;202512;3.02.001;CC1002;88602.53;Lancamento Contabil - 3.02.001 - Ref 12/2025
DOC-104795;2025-12-15;202512;3.02.001;CC1002;102561.62;Lancamento Contabil - 3.02.001 - Ref 12/2025
DOC-104796;2025-12-29;202512;3.02.001;CC1002;25482.94;Lancamento Contabil - 3.02.001 - Ref 12/2025
DOC-104797;2025-12-01;202512;3.02.001;CC1003;15797.56;Lancamento Contabil - 3.02.001 - Ref 12/2025
DOC-104798;2025-12-11;202512;3.02.001;CC1003;5573.25;Lancamento Contabil - 3.02.001 - Ref 12/2025
DOC-104799;2025-12-17;202512;3.02.001;CC1003;44383.69;Lancamento Contabil - 3.02.001 - Ref 12/2025
DOC-104800;2025-12-21;202512;3.02.001;CC1003;1691.35;Lancamento Contabil - 3.02.001 - Ref 12/2025
DOC-104801;2025-12-22;202512;3.02.001;CC1003;37920.91;Lancamento Contabil - 3.02.001 - Ref 12/2025
DOC-104802;2025-12-23;202512;3.02.001;CC1003;84873.47;Lancamento Contabil - 3.02.001 - Ref 12/2025
DOC-104803;2025-12-24;202512;3.02.001;CC1003;92244.49;Lancamento Contabil - 3.02.001 - Ref 12/2025
DOC-104804;2025-12-25;202512;3.02.001;CC1003;24825.82;Lancamento Contabil - 3.02.001 - Ref 12/2025
DOC-104805;2025-12-11;202512;3.03.001;CC1002;13700.73;Lancamento Contabil - 3.03.001 - Ref 12/2025
DOC-104806;2025-12-17;202512;3.03.001;CC1002;21233.61;Lancamento Contabil - 3.03.001 - Ref 12/2025
DOC-104807;2025-12-22;202512;3.03.001;CC1002;3460.14;Lancamento Contabil - 3.03.001 - Ref 12/2025
DOC-104808;2025-12-23;202512;3.03.001;CC1002;6745.31;Lancamento Contabil - 3.03.001 - Ref 12/2025
DOC-104809;2025-12-27;202512;3.03.001;CC1002;22510.39;Lancamento Contabil - 3.03.001 - Ref 12/2025
DOC-104810;2025-12-28;202512;3.03.001;CC1002;25854.82;Lancamento Contabil - 3.03.001 - Ref 12/2025
DOC-104811;2025-12-31;202512;3.03.001;CC1002;3436.08;Lancamento Contabil - 3.03.001 - Ref 12/2025
DOC-104812;2025-12-08;202512;3.03.001;CC1003;15402.49;Lancamento Contabil - 3.03.001 - Ref 12/2025
DOC-104813;2025-12-14;202512;3.03.001;CC1003;4117.54;Lancamento Contabil - 3.03.001 - Ref 12/2025
DOC-104814;2025-12-16;202512;3.03.001;CC1003;2069.33;Lancamento Contabil - 3.03.001 - Ref 12/2025
DOC-104815;2025-12-22;202512;3.03.001;CC1003;46614.68;Lancamento Contabil - 3.03.001 - Ref 12/2025
DOC-104816;2025-12-24;202512;3.03.001;CC1003;33078.81;Lancamento Contabil - 3.03.001 - Ref 12/2025
DOC-104817;2025-12-01;202512;3.03.001;CC1005;9863.53;Lancamento Contabil - 3.03.001 - Ref 12/2025
DOC-104818;2025-12-02;202512;3.03.001;CC1005;18607.06;Lancamento Contabil - 3.03.001 - Ref 12/2025
DOC-104819;2025-12-05;202512;3.03.001;CC1005;2254.35;Lancamento Contabil - 3.03.001 - Ref 12/2025
DOC-104820;2025-12-13;202512;3.03.001;CC1005;33256.6;Lancamento Contabil - 3.03.001 - Ref 12/2025
DOC-104821;2025-12-18;202512;3.03.001;CC1005;20550.99;Lancamento Contabil - 3.03.001 - Ref 12/2025
DOC-104822;2025-12-20;202512;3.03.001;CC1005;4859.86;Lancamento Contabil - 3.03.001 - Ref 12/2025
DOC-104823;2025-12-21;202512;3.03.001;CC1005;4907.42;Lancamento Contabil - 3.03.001 - Ref 12/2025
DOC-104824;2025-12-22;202512;3.03.001;CC1005;4792.22;Lancamento Contabil - 3.03.001 - Ref 12/2025
DOC-104825;2025-12-31;202512;3.03.001;CC1005;1381.14;Lancamento Contabil - 3.03.001 - Ref 12/2025
DOC-104826;2025-12-06;202512;3.04.001;CC1004;36985.75;Lancamento Contabil - 3.04.001 - Ref 12/2025
DOC-104827;2025-12-16;202512;3.04.001;CC1004;76570.41;Lancamento Contabil - 3.04.001 - Ref 12/2025
DOC-104828;2025-12-17;202512;3.04.001;CC1004;736.72;Lancamento Contabil - 3.04.001 - Ref 12/2025
DOC-104829;2025-12-28;202512;3.04.001;CC1004;2096.93;Lancamento Contabil - 3.04.001 - Ref 12/2025
DOC-104830;2025-12-29;202512;3.04.001;CC1004;35491.31;Lancamento Contabil - 3.04.001 - Ref 12/2025
DOC-104831;2025-12-30;202512;3.04.001;CC1004;71447.26;Lancamento Contabil - 3.04.001 - Ref 12/2025
DOC-104832;2025-12-08;202512;3.05.001;CC1005;36563.17;Lancamento Contabil - 3.05.001 - Ref 12/2025
DOC-104833;2025-12-09;202512;3.05.001;CC1005;12917.18;Lancamento Contabil - 3.05.001 - Ref 12/2025
DOC-104834;2025-12-11;202512;3.05.001;CC1005;1086.93;Lancamento Contabil - 3.05.001 - Ref 12/2025
DOC-104835;2025-12-16;202512;3.05.001;CC1005;53558.7;Lancamento Contabil - 3.05.001 - Ref 12/2025
DOC-104836;2025-12-25;202512;3.05.001;CC1005;39600.66;Lancamento Contabil - 3.05.001 - Ref 12/2025
DOC-104837;2025-12-02;202512;3.06.001;CC1002;106597.39;Lancamento Contabil - 3.06.001 - Ref 12/2025
DOC-104838;2025-12-17;202512;3.06.001;CC1003;121404.49;Lancamento Contabil - 3.06.001 - Ref 12/2025
DOC-104839;2025-12-03;202512;4.01.001;CC2001;26800.6;Lancamento Contabil - 4.01.001 - Ref 12/2025
DOC-104840;2025-12-08;202512;4.01.001;CC2001;8312.67;Lancamento Contabil - 4.01.001 - Ref 12/2025
DOC-104841;2025-12-13;202512;4.01.001;CC2001;8577.64;Lancamento Contabil - 4.01.001 - Ref 12/2025
DOC-104842;2025-12-18;202512;4.01.001;CC2001;69535.87;Lancamento Contabil - 4.01.001 - Ref 12/2025
DOC-104843;2025-12-21;202512;4.01.001;CC2001;120629.28;Lancamento Contabil - 4.01.001 - Ref 12/2025
DOC-104844;2025-12-27;202512;4.01.001;CC2001;202859.56;Lancamento Contabil - 4.01.001 - Ref 12/2025
DOC-104845;2025-12-29;202512;4.01.001;CC2001;61036.96;Lancamento Contabil - 4.01.001 - Ref 12/2025
DOC-104846;2025-12-03;202512;4.02.001;CC3001;21035.24;Lancamento Contabil - 4.02.001 - Ref 12/2025
DOC-104847;2025-12-04;202512;4.02.001;CC3001;33216.63;Lancamento Contabil - 4.02.001 - Ref 12/2025
DOC-104848;2025-12-11;202512;4.02.001;CC3001;26536.62;Lancamento Contabil - 4.02.001 - Ref 12/2025
DOC-104849;2025-12-15;202512;4.02.001;CC3001;39282.84;Lancamento Contabil - 4.02.001 - Ref 12/2025
DOC-104850;2025-12-16;202512;4.02.001;CC3001;1263.66;Lancamento Contabil - 4.02.001 - Ref 12/2025
DOC-104851;2025-12-19;202512;4.02.001;CC3001;30063.36;Lancamento Contabil - 4.02.001 - Ref 12/2025
DOC-104852;2025-12-21;202512;4.02.001;CC3001;41560.69;Lancamento Contabil - 4.02.001 - Ref 12/2025
DOC-104853;2025-12-26;202512;4.02.001;CC3001;7361.97;Lancamento Contabil - 4.02.001 - Ref 12/2025
DOC-104854;2025-12-28;202512;4.02.001;CC3001;22341.66;Lancamento Contabil - 4.02.001 - Ref 12/2025
DOC-104855;2025-12-30;202512;4.02.001;CC3001;8236.78;Lancamento Contabil - 4.02.001 - Ref 12/2025
DOC-104856;2025-12-31;202512;4.02.001;CC3001;69224.74;Lancamento Contabil - 4.02.001 - Ref 12/2025
DOC-104857;2025-12-02;202512;4.02.001;CC3003;4624.26;Lancamento Contabil - 4.02.001 - Ref 12/2025
DOC-104858;2025-12-04;202512;4.02.001;CC3003;117937.43;Lancamento Contabil - 4.02.001 - Ref 12/2025
DOC-104859;2025-12-13;202512;4.02.001;CC3003;24774.24;Lancamento Contabil - 4.02.001 - Ref 12/2025
DOC-104860;2025-12-14;202512;4.02.001;CC3003;169431.19;Lancamento Contabil - 4.02.001 - Ref 12/2025
DOC-104861;2025-12-01;202512;4.03.001;CC3002;14322.34;Lancamento Contabil - 4.03.001 - Ref 12/2025
DOC-104862;2025-12-03;202512;4.03.001;CC3002;51731.34;Lancamento Contabil - 4.03.001 - Ref 12/2025
DOC-104863;2025-12-07;202512;4.03.001;CC3002;4996.26;Lancamento Contabil - 4.03.001 - Ref 12/2025
DOC-104864;2025-12-10;202512;4.03.001;CC3002;3271.38;Lancamento Contabil - 4.03.001 - Ref 12/2025
DOC-104865;2025-12-17;202512;4.03.001;CC3002;29882.93;Lancamento Contabil - 4.03.001 - Ref 12/2025
DOC-104866;2025-12-18;202512;4.03.001;CC3002;14583.51;Lancamento Contabil - 4.03.001 - Ref 12/2025
DOC-104867;2025-12-20;202512;4.03.001;CC3002;50992.39;Lancamento Contabil - 4.03.001 - Ref 12/2025
DOC-104868;2025-12-21;202512;4.03.001;CC3002;3329.74;Lancamento Contabil - 4.03.001 - Ref 12/2025
DOC-104869;2025-12-26;202512;4.03.001;CC3002;21805.41;Lancamento Contabil - 4.03.001 - Ref 12/2025
DOC-104870;2025-12-27;202512;4.03.001;CC3002;5567.86;Lancamento Contabil - 4.03.001 - Ref 12/2025
DOC-104871;2025-12-29;202512;4.03.001;CC3002;3580.93;Lancamento Contabil - 4.03.001 - Ref 12/2025
DOC-104872;2025-12-31;202512;4.03.001;CC3002;24156.68;Lancamento Contabil - 4.03.001 - Ref 12/2025
DOC-104873;2025-12-02;202512;4.04.001;CC1001;8194.28;Lancamento Contabil - 4.04.001 - Ref 12/2025
DOC-104874;2025-12-08;202512;4.04.001;CC1001;12790.51;Lancamento Contabil - 4.04.001 - Ref 12/2025
DOC-104875;2025-12-11;202512;4.04.001;CC1001;3369.01;Lancamento Contabil - 4.04.001 - Ref 12/2025
DOC-104876;2025-12-12;202512;4.04.001;CC1001;5405.89;Lancamento Contabil - 4.04.001 - Ref 12/2025
DOC-104877;2025-12-15;202512;4.04.001;CC1001;4731.07;Lancamento Contabil - 4.04.001 - Ref 12/2025
DOC-104878;2025-12-18;202512;4.04.001;CC1001;37674.54;Lancamento Contabil - 4.04.001 - Ref 12/2025
DOC-104879;2025-12-20;202512;4.04.001;CC1001;3144.99;Lancamento Contabil - 4.04.001 - Ref 12/2025
DOC-104880;2025-12-22;202512;4.04.001;CC1001;3178.07;Lancamento Contabil - 4.04.001 - Ref 12/2025
DOC-104881;2025-12-27;202512;4.04.001;CC1001;3983.34;Lancamento Contabil - 4.04.001 - Ref 12/2025
DOC-104882;2025-12-30;202512;4.04.001;CC1001;7565.13;Lancamento Contabil - 4.04.001 - Ref 12/2025
DOC-104883;2025-12-31;202512;4.04.001;CC1001;2645.68;Lancamento Contabil - 4.04.001 - Ref 12/2025
DOC-104884;2025-12-01;202512;4.04.001;CC3001;14677.4;Lancamento Contabil - 4.04.001 - Ref 12/2025
DOC-104885;2025-12-04;202512;4.04.001;CC3001;708.88;Lancamento Contabil - 4.04.001 - Ref 12/2025
DOC-104886;2025-12-08;202512;4.04.001;CC3001;6936.03;Lancamento Contabil - 4.04.001 - Ref 12/2025
DOC-104887;2025-12-11;202512;4.04.001;CC3001;15413.38;Lancamento Contabil - 4.04.001 - Ref 12/2025
DOC-104888;2025-12-12;202512;4.04.001;CC3001;1199.48;Lancamento Contabil - 4.04.001 - Ref 12/2025
DOC-104889;2025-12-15;202512;4.04.001;CC3001;22404.83;Lancamento Contabil - 4.04.001 - Ref 12/2025
DOC-104890;2025-12-22;202512;4.04.001;CC3001;3913.98;Lancamento Contabil - 4.04.001 - Ref 12/2025
DOC-104891;2025-12-23;202512;4.04.001;CC3001;18908.23;Lancamento Contabil - 4.04.001 - Ref 12/2025
DOC-104892;2025-12-26;202512;4.04.001;CC3001;7330.58;Lancamento Contabil - 4.04.001 - Ref 12/2025
DOC-104893;2025-12-30;202512;4.04.001;CC3001;2329.49;Lancamento Contabil - 4.04.001 - Ref 12/2025
DOC-104894;2025-12-31;202512;4.04.001;CC3001;1353.96;Lancamento Contabil - 4.04.001 - Ref 12/2025
DOC-104895;2025-12-04;202512;4.05.001;CC4001;17990.64;Lancamento Contabil - 4.05.001 - Ref 12/2025
DOC-104896;2025-12-10;202512;4.05.001;CC4001;4851.77;Lancamento Contabil - 4.05.001 - Ref 12/2025
DOC-104897;2025-12-12;202512;4.05.001;CC4001;7719.07;Lancamento Contabil - 4.05.001 - Ref 12/2025
DOC-104898;2025-12-17;202512;4.05.001;CC4001;5493.83;Lancamento Contabil - 4.05.001 - Ref 12/2025
DOC-104899;2025-12-18;202512;4.05.001;CC4001;27322.77;Lancamento Contabil - 4.05.001 - Ref 12/2025
DOC-104900;2025-12-21;202512;4.05.001;CC4001;78893.46;Lancamento Contabil - 4.05.001 - Ref 12/2025
DOC-104901;2025-12-23;202512;4.05.001;CC4001;7575.07;Lancamento Contabil - 4.05.001 - Ref 12/2025
DOC-104902;2025-12-26;202512;4.05.001;CC4001;6938.86;Lancamento Contabil - 4.05.001 - Ref 12/2025
DOC-104903;2025-12-27;202512;4.05.001;CC4001;51246.01;Lancamento Contabil - 4.05.001 - Ref 12/2025
DOC-104904;2025-12-05;202512;4.06.001;CC3001;18872.08;Lancamento Contabil - 4.06.001 - Ref 12/2025
DOC-104905;2025-12-06;202512;4.06.001;CC3001;13635.27;Lancamento Contabil - 4.06.001 - Ref 12/2025
DOC-104906;2025-12-16;202512;4.06.001;CC3001;20002.63;Lancamento Contabil - 4.06.001 - Ref 12/2025
DOC-104907;2025-12-29;202512;4.06.001;CC3001;20309.24;Lancamento Contabil - 4.06.001 - Ref 12/2025
DOC-104908;2025-12-04;202512;4.06.001;CC1005;6107.54;Lancamento Contabil - 4.06.001 - Ref 12/2025
DOC-104909;2025-12-07;202512;4.06.001;CC1005;1907.05;Lancamento Contabil - 4.06.001 - Ref 12/2025
DOC-104910;2025-12-09;202512;4.06.001;CC1005;245.25;Lancamento Contabil - 4.06.001 - Ref 12/2025
DOC-104911;2025-12-13;202512;4.06.001;CC1005;3747.79;Lancamento Contabil - 4.06.001 - Ref 12/2025
DOC-104912;2025-12-15;202512;4.06.001;CC1005;13660.51;Lancamento Contabil - 4.06.001 - Ref 12/2025
DOC-104913;2025-12-20;202512;4.06.001;CC1005;5195.05;Lancamento Contabil - 4.06.001 - Ref 12/2025
DOC-104914;2025-12-24;202512;4.06.001;CC1005;11009.69;Lancamento Contabil - 4.06.001 - Ref 12/2025
DOC-104915;2025-12-27;202512;4.06.001;CC1005;29478.98;Lancamento Contabil - 4.06.001 - Ref 12/2025
DOC-104916;2025-12-28;202512;4.06.001;CC1005;1101.31;Lancamento Contabil - 4.06.001 - Ref 12/2025
DOC-104917;2025-12-31;202512;4.06.001;CC1005;7254.65;Lancamento Contabil - 4.06.001 - Ref 12/2025
DOC-104918;2025-12-02;202512;5.01.001;CC3001;6726.49;Lancamento Contabil - 5.01.001 - Ref 12/2025
DOC-104919;2025-12-04;202512;5.01.001;CC3001;90159.49;Lancamento Contabil - 5.01.001 - Ref 12/2025
DOC-104920;2025-12-14;202512;5.01.001;CC3001;143211.09;Lancamento Contabil - 5.01.001 - Ref 12/2025
DOC-104921;2025-12-15;202512;5.01.001;CC3001;28677.33;Lancamento Contabil - 5.01.001 - Ref 12/2025
DOC-104922;2025-12-19;202512;5.01.001;CC3001;59181.14;Lancamento Contabil - 5.01.001 - Ref 12/2025
DOC-104923;2025-12-21;202512;5.01.001;CC3001;33416.3;Lancamento Contabil - 5.01.001 - Ref 12/2025
DOC-104924;2025-12-22;202512;5.01.001;CC3001;34216.46;Lancamento Contabil - 5.01.001 - Ref 12/2025
DOC-104925;2025-12-25;202512;5.01.001;CC3001;22080.76;Lancamento Contabil - 5.01.001 - Ref 12/2025
DOC-104926;2025-12-31;202512;5.01.001;CC3001;85329.66;Lancamento Contabil - 5.01.001 - Ref 12/2025
DOC-104927;2025-12-01;202512;5.02.001;CC3001;73978.59;Lancamento Contabil - 5.02.001 - Ref 12/2025
DOC-104928;2025-12-02;202512;5.02.001;CC3001;75978.03;Lancamento Contabil - 5.02.001 - Ref 12/2025
DOC-104929;2025-12-05;202512;5.02.001;CC3001;5164.85;Lancamento Contabil - 5.02.001 - Ref 12/2025
DOC-104930;2025-12-14;202512;5.02.001;CC3001;55851.38;Lancamento Contabil - 5.02.001 - Ref 12/2025
DOC-104931;2025-12-16;202512;5.02.001;CC3001;35952.21;Lancamento Contabil - 5.02.001 - Ref 12/2025
DOC-104932;2025-12-17;202512;5.02.001;CC3001;7836.33;Lancamento Contabil - 5.02.001 - Ref 12/2025
DOC-104933;2025-12-18;202512;5.02.001;CC3001;1872.7;Lancamento Contabil - 5.02.001 - Ref 12/2025
DOC-104934;2025-12-19;202512;5.02.001;CC3001;8387.44;Lancamento Contabil - 5.02.001 - Ref 12/2025
DOC-104935;2025-12-22;202512;5.02.001;CC3001;65406.28;Lancamento Contabil - 5.02.001 - Ref 12/2025
DOC-104936;2025-12-24;202512;5.02.001;CC3001;26962.76;Lancamento Contabil - 5.02.001 - Ref 12/2025
DOC-104937;2025-12-29;202512;5.02.001;CC3001;34325.55;Lancamento Contabil - 5.02.001 - Ref 12/2025
DOC-104938;2025-12-04;202512;5.03.001;CC3001;564.82;Lancamento Contabil - 5.03.001 - Ref 12/2025
DOC-104939;2025-12-05;202512;5.03.001;CC3001;9316.82;Lancamento Contabil - 5.03.001 - Ref 12/2025
DOC-104940;2025-12-06;202512;5.03.001;CC3001;19514.4;Lancamento Contabil - 5.03.001 - Ref 12/2025
DOC-104941;2025-12-13;202512;5.03.001;CC3001;3127.35;Lancamento Contabil - 5.03.001 - Ref 12/2025
DOC-104942;2025-12-17;202512;5.03.001;CC3001;34288.28;Lancamento Contabil - 5.03.001 - Ref 12/2025
DOC-104943;2025-12-19;202512;5.03.001;CC3001;5305.15;Lancamento Contabil - 5.03.001 - Ref 12/2025
DOC-104944;2025-12-23;202512;5.03.001;CC3001;20917.22;Lancamento Contabil - 5.03.001 - Ref 12/2025
DOC-104945;2025-12-24;202512;5.03.001;CC3001;10287.23;Lancamento Contabil - 5.03.001 - Ref 12/2025
DOC-104946;2025-12-25;202512;5.03.001;CC3001;17948.77;Lancamento Contabil - 5.03.001 - Ref 12/2025
DOC-104947;2025-12-28;202512;5.03.001;CC3001;2250.87;Lancamento Contabil - 5.03.001 - Ref 12/2025
DOC-104948;2025-12-30;202512;5.03.001;CC3001;337.76;Lancamento Contabil - 5.03.001 - Ref 12/2025
DOC-104949;2025-12-08;202512;6.01.001;CC3001;157690.95;Lancamento Contabil - 6.01.001 - Ref 12/2025
DOC-104950;2025-12-09;202512;6.01.001;CC3001;20617.86;Lancamento Contabil - 6.01.001 - Ref 12/2025
DOC-104951;2025-12-13;202512;6.01.001;CC3001;112406.27;Lancamento Contabil - 6.01.001 - Ref 12/2025
DOC-104952;2025-12-14;202512;6.01.001;CC3001;481580.26;Lancamento Contabil - 6.01.001 - Ref 12/2025
DOC-104953;2025-12-17;202512;6.01.001;CC3001;15586.93;Lancamento Contabil - 6.01.001 - Ref 12/2025
DOC-104954;2025-12-20;202512;6.01.001;CC3001;20218.44;Lancamento Contabil - 6.01.001 - Ref 12/2025
DOC-104955;2025-12-23;202512;6.01.001;CC3001;71345.03;Lancamento Contabil - 6.01.001 - Ref 12/2025
DOC-104956;2025-12-25;202512;6.01.001;CC3001;220829.25;Lancamento Contabil - 6.01.001 - Ref 12/2025
DOC-104957;2025-12-29;202512;6.01.001;CC3001;162390.16;Lancamento Contabil - 6.01.001 - Ref 12/2025
DOC-104958;2026-01-05;202601;1.01.001;CC4001;241370.37;Lancamento Contabil - 1.01.001 - Ref 01/2026
DOC-104959;2026-01-10;202601;1.01.001;CC4001;6272978.92;Lancamento Contabil - 1.01.001 - Ref 01/2026
DOC-104960;2026-01-11;202601;1.01.001;CC4001;5516217.67;Lancamento Contabil - 1.01.001 - Ref 01/2026
DOC-104961;2026-01-14;202601;1.01.001;CC4001;295826.3;Lancamento Contabil - 1.01.001 - Ref 01/2026
DOC-104962;2026-01-15;202601;1.01.001;CC4001;588750.91;Lancamento Contabil - 1.01.001 - Ref 01/2026
DOC-104963;2026-01-17;202601;1.01.001;CC4001;174602.49;Lancamento Contabil - 1.01.001 - Ref 01/2026
DOC-104964;2026-01-20;202601;1.01.001;CC4001;524582.01;Lancamento Contabil - 1.01.001 - Ref 01/2026
DOC-104965;2026-01-26;202601;1.01.001;CC4001;2800349.28;Lancamento Contabil - 1.01.001 - Ref 01/2026
DOC-104966;2026-01-27;202601;1.01.001;CC4001;786414.95;Lancamento Contabil - 1.01.001 - Ref 01/2026
DOC-104967;2026-01-31;202601;1.01.001;CC4001;153123.79;Lancamento Contabil - 1.01.001 - Ref 01/2026
DOC-104968;2026-01-11;202601;1.01.002;CC4001;60462.43;Lancamento Contabil - 1.01.002 - Ref 01/2026
DOC-104969;2026-01-18;202601;1.01.002;CC4001;575001.21;Lancamento Contabil - 1.01.002 - Ref 01/2026
DOC-104970;2026-01-23;202601;1.01.002;CC4001;143385.55;Lancamento Contabil - 1.01.002 - Ref 01/2026
DOC-104971;2026-01-24;202601;1.01.002;CC4001;77672.89;Lancamento Contabil - 1.01.002 - Ref 01/2026
DOC-104972;2026-01-27;202601;1.01.002;CC4001;26293.83;Lancamento Contabil - 1.01.002 - Ref 01/2026
DOC-104973;2026-01-28;202601;1.01.002;CC4001;617972.04;Lancamento Contabil - 1.01.002 - Ref 01/2026
DOC-104974;2026-01-29;202601;1.01.002;CC4001;248193.94;Lancamento Contabil - 1.01.002 - Ref 01/2026
DOC-104975;2026-01-30;202601;1.01.002;CC4001;47712.26;Lancamento Contabil - 1.01.002 - Ref 01/2026
DOC-104976;2026-01-07;202601;1.02.001;CC1004;149845.51;Lancamento Contabil - 1.02.001 - Ref 01/2026
DOC-104977;2026-01-10;202601;1.02.001;CC1004;38948.51;Lancamento Contabil - 1.02.001 - Ref 01/2026
DOC-104978;2026-01-12;202601;1.02.001;CC1004;105001.79;Lancamento Contabil - 1.02.001 - Ref 01/2026
DOC-104979;2026-01-20;202601;1.02.001;CC1004;33487.92;Lancamento Contabil - 1.02.001 - Ref 01/2026
DOC-104980;2026-01-22;202601;1.02.001;CC1004;69938.44;Lancamento Contabil - 1.02.001 - Ref 01/2026
DOC-104981;2026-01-23;202601;1.02.001;CC1004;74662.92;Lancamento Contabil - 1.02.001 - Ref 01/2026
DOC-104982;2026-01-31;202601;1.02.001;CC1004;10840.53;Lancamento Contabil - 1.02.001 - Ref 01/2026
DOC-104983;2026-01-06;202601;2.01.001;CC3001;159263.11;Lancamento Contabil - 2.01.001 - Ref 01/2026
DOC-104984;2026-01-17;202601;2.01.001;CC3001;360388.78;Lancamento Contabil - 2.01.001 - Ref 01/2026
DOC-104985;2026-01-18;202601;2.01.001;CC3001;26054.13;Lancamento Contabil - 2.01.001 - Ref 01/2026
DOC-104986;2026-01-21;202601;2.01.001;CC3001;159443.47;Lancamento Contabil - 2.01.001 - Ref 01/2026
DOC-104987;2026-01-23;202601;2.01.001;CC3001;271943.18;Lancamento Contabil - 2.01.001 - Ref 01/2026
DOC-104988;2026-01-31;202601;2.01.001;CC3001;1982565.45;Lancamento Contabil - 2.01.001 - Ref 01/2026
DOC-104989;2026-01-04;202601;2.02.001;CC4001;12253.17;Lancamento Contabil - 2.02.001 - Ref 01/2026
DOC-104990;2026-01-12;202601;2.02.001;CC4001;34470.14;Lancamento Contabil - 2.02.001 - Ref 01/2026
DOC-104991;2026-01-16;202601;2.02.001;CC4001;19598.34;Lancamento Contabil - 2.02.001 - Ref 01/2026
DOC-104992;2026-01-18;202601;2.02.001;CC4001;47145.4;Lancamento Contabil - 2.02.001 - Ref 01/2026
DOC-104993;2026-01-19;202601;2.02.001;CC4001;11462.2;Lancamento Contabil - 2.02.001 - Ref 01/2026
DOC-104994;2026-01-22;202601;2.02.001;CC4001;20079.52;Lancamento Contabil - 2.02.001 - Ref 01/2026
DOC-104995;2026-01-23;202601;2.02.001;CC4001;21534.79;Lancamento Contabil - 2.02.001 - Ref 01/2026
DOC-104996;2026-01-25;202601;2.02.001;CC4001;11700.3;Lancamento Contabil - 2.02.001 - Ref 01/2026
DOC-104997;2026-01-29;202601;2.02.001;CC4001;3375.42;Lancamento Contabil - 2.02.001 - Ref 01/2026
DOC-104998;2026-01-01;202601;3.01.001;CC1001;74698.01;Lancamento Contabil - 3.01.001 - Ref 01/2026
DOC-104999;2026-01-04;202601;3.01.001;CC1001;12784.61;Lancamento Contabil - 3.01.001 - Ref 01/2026
DOC-105000;2026-01-10;202601;3.01.001;CC1001;1572428.82;Lancamento Contabil - 3.01.001 - Ref 01/2026
DOC-105001;2026-01-14;202601;3.01.001;CC1001;205174.21;Lancamento Contabil - 3.01.001 - Ref 01/2026
DOC-105002;2026-01-17;202601;3.01.001;CC1001;180704.82;Lancamento Contabil - 3.01.001 - Ref 01/2026
DOC-105003;2026-01-18;202601;3.01.001;CC1001;1012862.76;Lancamento Contabil - 3.01.001 - Ref 01/2026
DOC-105004;2026-01-22;202601;3.01.001;CC1001;293291.8;Lancamento Contabil - 3.01.001 - Ref 01/2026
DOC-105005;2026-01-24;202601;3.01.001;CC1001;536347.22;Lancamento Contabil - 3.01.001 - Ref 01/2026
DOC-105006;2026-01-27;202601;3.01.001;CC1001;134862.2;Lancamento Contabil - 3.01.001 - Ref 01/2026
DOC-105007;2026-01-29;202601;3.01.001;CC1001;2442948.19;Lancamento Contabil - 3.01.001 - Ref 01/2026
DOC-105008;2026-01-02;202601;3.02.001;CC1002;77931.51;Lancamento Contabil - 3.02.001 - Ref 01/2026
DOC-105009;2026-01-05;202601;3.02.001;CC1002;4342.75;Lancamento Contabil - 3.02.001 - Ref 01/2026
DOC-105010;2026-01-13;202601;3.02.001;CC1002;10121.49;Lancamento Contabil - 3.02.001 - Ref 01/2026
DOC-105011;2026-01-22;202601;3.02.001;CC1002;443158.33;Lancamento Contabil - 3.02.001 - Ref 01/2026
DOC-105012;2026-01-07;202601;3.02.001;CC1003;153591.99;Lancamento Contabil - 3.02.001 - Ref 01/2026
DOC-105013;2026-01-09;202601;3.02.001;CC1003;184464.52;Lancamento Contabil - 3.02.001 - Ref 01/2026
DOC-105014;2026-01-25;202601;3.02.001;CC1003;1893.35;Lancamento Contabil - 3.02.001 - Ref 01/2026
DOC-105015;2026-01-26;202601;3.02.001;CC1003;138850.79;Lancamento Contabil - 3.02.001 - Ref 01/2026
DOC-105016;2026-01-02;202601;3.03.001;CC1002;39154.26;Lancamento Contabil - 3.03.001 - Ref 01/2026
DOC-105017;2026-01-05;202601;3.03.001;CC1002;7883.63;Lancamento Contabil - 3.03.001 - Ref 01/2026
DOC-105018;2026-01-09;202601;3.03.001;CC1002;49846.9;Lancamento Contabil - 3.03.001 - Ref 01/2026
DOC-105019;2026-01-10;202601;3.03.001;CC1002;26381.83;Lancamento Contabil - 3.03.001 - Ref 01/2026
DOC-105020;2026-01-22;202601;3.03.001;CC1002;7033.6;Lancamento Contabil - 3.03.001 - Ref 01/2026
DOC-105021;2026-01-27;202601;3.03.001;CC1002;8027.39;Lancamento Contabil - 3.03.001 - Ref 01/2026
DOC-105022;2026-01-02;202601;3.03.001;CC1003;19391.05;Lancamento Contabil - 3.03.001 - Ref 01/2026
DOC-105023;2026-01-04;202601;3.03.001;CC1003;34737.29;Lancamento Contabil - 3.03.001 - Ref 01/2026
DOC-105024;2026-01-07;202601;3.03.001;CC1003;10533.67;Lancamento Contabil - 3.03.001 - Ref 01/2026
DOC-105025;2026-01-12;202601;3.03.001;CC1003;5859.04;Lancamento Contabil - 3.03.001 - Ref 01/2026
DOC-105026;2026-01-15;202601;3.03.001;CC1003;39558.7;Lancamento Contabil - 3.03.001 - Ref 01/2026
DOC-105027;2026-01-18;202601;3.03.001;CC1003;21695.06;Lancamento Contabil - 3.03.001 - Ref 01/2026
DOC-105028;2026-01-20;202601;3.03.001;CC1003;11654.16;Lancamento Contabil - 3.03.001 - Ref 01/2026
DOC-105029;2026-01-25;202601;3.03.001;CC1003;13122.27;Lancamento Contabil - 3.03.001 - Ref 01/2026
DOC-105030;2026-01-02;202601;3.03.001;CC1005;4125.8;Lancamento Contabil - 3.03.001 - Ref 01/2026
DOC-105031;2026-01-08;202601;3.03.001;CC1005;50480.75;Lancamento Contabil - 3.03.001 - Ref 01/2026
DOC-105032;2026-01-10;202601;3.03.001;CC1005;6075.36;Lancamento Contabil - 3.03.001 - Ref 01/2026
DOC-105033;2026-01-13;202601;3.03.001;CC1005;6177.78;Lancamento Contabil - 3.03.001 - Ref 01/2026
DOC-105034;2026-01-17;202601;3.03.001;CC1005;7747.6;Lancamento Contabil - 3.03.001 - Ref 01/2026
DOC-105035;2026-01-18;202601;3.03.001;CC1005;23083.74;Lancamento Contabil - 3.03.001 - Ref 01/2026
DOC-105036;2026-01-21;202601;3.03.001;CC1005;14982.61;Lancamento Contabil - 3.03.001 - Ref 01/2026
DOC-105037;2026-01-23;202601;3.03.001;CC1005;5570.36;Lancamento Contabil - 3.03.001 - Ref 01/2026
DOC-105038;2026-01-24;202601;3.03.001;CC1005;11777.18;Lancamento Contabil - 3.03.001 - Ref 01/2026
DOC-105039;2026-01-26;202601;3.03.001;CC1005;8194.13;Lancamento Contabil - 3.03.001 - Ref 01/2026
DOC-105040;2026-01-28;202601;3.03.001;CC1005;6295.59;Lancamento Contabil - 3.03.001 - Ref 01/2026
DOC-105041;2026-01-30;202601;3.03.001;CC1005;1983.25;Lancamento Contabil - 3.03.001 - Ref 01/2026
DOC-105042;2026-01-01;202601;3.04.001;CC1004;16930.02;Lancamento Contabil - 3.04.001 - Ref 01/2026
DOC-105043;2026-01-02;202601;3.04.001;CC1004;7660.5;Lancamento Contabil - 3.04.001 - Ref 01/2026
DOC-105044;2026-01-07;202601;3.04.001;CC1004;66884.86;Lancamento Contabil - 3.04.001 - Ref 01/2026
DOC-105045;2026-01-09;202601;3.04.001;CC1004;11094.22;Lancamento Contabil - 3.04.001 - Ref 01/2026
DOC-105046;2026-01-11;202601;3.04.001;CC1004;82601.65;Lancamento Contabil - 3.04.001 - Ref 01/2026
DOC-105047;2026-01-14;202601;3.04.001;CC1004;20678.3;Lancamento Contabil - 3.04.001 - Ref 01/2026
DOC-105048;2026-01-18;202601;3.04.001;CC1004;27110.61;Lancamento Contabil - 3.04.001 - Ref 01/2026
DOC-105049;2026-01-22;202601;3.04.001;CC1004;21259.3;Lancamento Contabil - 3.04.001 - Ref 01/2026
DOC-105050;2026-01-24;202601;3.04.001;CC1004;3762.07;Lancamento Contabil - 3.04.001 - Ref 01/2026
DOC-105051;2026-01-26;202601;3.04.001;CC1004;12797.76;Lancamento Contabil - 3.04.001 - Ref 01/2026
DOC-105052;2026-01-07;202601;3.05.001;CC1005;10411.93;Lancamento Contabil - 3.05.001 - Ref 01/2026
DOC-105053;2026-01-08;202601;3.05.001;CC1005;26462.1;Lancamento Contabil - 3.05.001 - Ref 01/2026
DOC-105054;2026-01-12;202601;3.05.001;CC1005;4379.22;Lancamento Contabil - 3.05.001 - Ref 01/2026
DOC-105055;2026-01-18;202601;3.05.001;CC1005;3161.43;Lancamento Contabil - 3.05.001 - Ref 01/2026
DOC-105056;2026-01-19;202601;3.05.001;CC1005;9168.23;Lancamento Contabil - 3.05.001 - Ref 01/2026
DOC-105057;2026-01-20;202601;3.05.001;CC1005;45919.47;Lancamento Contabil - 3.05.001 - Ref 01/2026
DOC-105058;2026-01-21;202601;3.05.001;CC1005;21790.73;Lancamento Contabil - 3.05.001 - Ref 01/2026
DOC-105059;2026-01-23;202601;3.05.001;CC1005;9545.16;Lancamento Contabil - 3.05.001 - Ref 01/2026
DOC-105060;2026-01-27;202601;3.05.001;CC1005;12805.5;Lancamento Contabil - 3.05.001 - Ref 01/2026
DOC-105061;2026-01-28;202601;3.05.001;CC1005;1546.77;Lancamento Contabil - 3.05.001 - Ref 01/2026
DOC-105062;2026-01-29;202601;3.05.001;CC1005;73351.81;Lancamento Contabil - 3.05.001 - Ref 01/2026
DOC-105063;2026-01-25;202601;3.06.001;CC1002;153943.13;Lancamento Contabil - 3.06.001 - Ref 01/2026
DOC-105064;2026-01-24;202601;3.06.001;CC1003;167767.52;Lancamento Contabil - 3.06.001 - Ref 01/2026
DOC-105065;2026-01-03;202601;4.01.001;CC2001;226311.32;Lancamento Contabil - 4.01.001 - Ref 01/2026
DOC-105066;2026-01-06;202601;4.01.001;CC2001;12875.95;Lancamento Contabil - 4.01.001 - Ref 01/2026
DOC-105067;2026-01-10;202601;4.01.001;CC2001;69986.5;Lancamento Contabil - 4.01.001 - Ref 01/2026
DOC-105068;2026-01-15;202601;4.01.001;CC2001;18876.44;Lancamento Contabil - 4.01.001 - Ref 01/2026
DOC-105069;2026-01-22;202601;4.01.001;CC2001;84737.26;Lancamento Contabil - 4.01.001 - Ref 01/2026
DOC-105070;2026-01-26;202601;4.01.001;CC2001;100520.52;Lancamento Contabil - 4.01.001 - Ref 01/2026
DOC-105071;2026-01-29;202601;4.01.001;CC2001;75004.5;Lancamento Contabil - 4.01.001 - Ref 01/2026
DOC-105072;2026-01-01;202601;4.02.001;CC3001;2709.45;Lancamento Contabil - 4.02.001 - Ref 01/2026
DOC-105073;2026-01-02;202601;4.02.001;CC3001;13295.58;Lancamento Contabil - 4.02.001 - Ref 01/2026
DOC-105074;2026-01-04;202601;4.02.001;CC3001;9442.91;Lancamento Contabil - 4.02.001 - Ref 01/2026
DOC-105075;2026-01-05;202601;4.02.001;CC3001;146374.85;Lancamento Contabil - 4.02.001 - Ref 01/2026
DOC-105076;2026-01-06;202601;4.02.001;CC3001;16321.43;Lancamento Contabil - 4.02.001 - Ref 01/2026
DOC-105077;2026-01-09;202601;4.02.001;CC3001;43642.91;Lancamento Contabil - 4.02.001 - Ref 01/2026
DOC-105078;2026-01-13;202601;4.02.001;CC3001;38192.03;Lancamento Contabil - 4.02.001 - Ref 01/2026
DOC-105079;2026-01-14;202601;4.02.001;CC3001;7886.49;Lancamento Contabil - 4.02.001 - Ref 01/2026
DOC-105080;2026-01-18;202601;4.02.001;CC3001;9036.53;Lancamento Contabil - 4.02.001 - Ref 01/2026
DOC-105081;2026-01-19;202601;4.02.001;CC3001;10928.11;Lancamento Contabil - 4.02.001 - Ref 01/2026
DOC-105082;2026-01-25;202601;4.02.001;CC3001;17520.77;Lancamento Contabil - 4.02.001 - Ref 01/2026
DOC-105083;2026-01-27;202601;4.02.001;CC3001;8834.0;Lancamento Contabil - 4.02.001 - Ref 01/2026
DOC-105084;2026-01-02;202601;4.02.001;CC3003;661.98;Lancamento Contabil - 4.02.001 - Ref 01/2026
DOC-105085;2026-01-05;202601;4.02.001;CC3003;70550.7;Lancamento Contabil - 4.02.001 - Ref 01/2026
DOC-105086;2026-01-11;202601;4.02.001;CC3003;112401.99;Lancamento Contabil - 4.02.001 - Ref 01/2026
DOC-105087;2026-01-15;202601;4.02.001;CC3003;13938.5;Lancamento Contabil - 4.02.001 - Ref 01/2026
DOC-105088;2026-01-20;202601;4.02.001;CC3003;13783.67;Lancamento Contabil - 4.02.001 - Ref 01/2026
DOC-105089;2026-01-21;202601;4.02.001;CC3003;237.38;Lancamento Contabil - 4.02.001 - Ref 01/2026
DOC-105090;2026-01-23;202601;4.02.001;CC3003;38030.67;Lancamento Contabil - 4.02.001 - Ref 01/2026
DOC-105091;2026-01-28;202601;4.02.001;CC3003;58218.7;Lancamento Contabil - 4.02.001 - Ref 01/2026
DOC-105092;2026-01-29;202601;4.02.001;CC3003;5287.81;Lancamento Contabil - 4.02.001 - Ref 01/2026
DOC-105093;2026-01-03;202601;4.03.001;CC3002;37573.64;Lancamento Contabil - 4.03.001 - Ref 01/2026
DOC-105094;2026-01-11;202601;4.03.001;CC3002;1800.4;Lancamento Contabil - 4.03.001 - Ref 01/2026
DOC-105095;2026-01-12;202601;4.03.001;CC3002;38218.48;Lancamento Contabil - 4.03.001 - Ref 01/2026
DOC-105096;2026-01-16;202601;4.03.001;CC3002;14493.95;Lancamento Contabil - 4.03.001 - Ref 01/2026
DOC-105097;2026-01-18;202601;4.03.001;CC3002;18044.61;Lancamento Contabil - 4.03.001 - Ref 01/2026
DOC-105098;2026-01-19;202601;4.03.001;CC3002;57604.07;Lancamento Contabil - 4.03.001 - Ref 01/2026
DOC-105099;2026-01-23;202601;4.03.001;CC3002;65337.78;Lancamento Contabil - 4.03.001 - Ref 01/2026
DOC-105100;2026-01-26;202601;4.03.001;CC3002;20061.09;Lancamento Contabil - 4.03.001 - Ref 01/2026
DOC-105101;2026-01-03;202601;4.04.001;CC1001;15753.91;Lancamento Contabil - 4.04.001 - Ref 01/2026
DOC-105102;2026-01-06;202601;4.04.001;CC1001;2794.94;Lancamento Contabil - 4.04.001 - Ref 01/2026
DOC-105103;2026-01-08;202601;4.04.001;CC1001;7917.21;Lancamento Contabil - 4.04.001 - Ref 01/2026
DOC-105104;2026-01-13;202601;4.04.001;CC1001;3543.72;Lancamento Contabil - 4.04.001 - Ref 01/2026
DOC-105105;2026-01-14;202601;4.04.001;CC1001;12206.25;Lancamento Contabil - 4.04.001 - Ref 01/2026
DOC-105106;2026-01-17;202601;4.04.001;CC1001;12769.71;Lancamento Contabil - 4.04.001 - Ref 01/2026
DOC-105107;2026-01-18;202601;4.04.001;CC1001;490.11;Lancamento Contabil - 4.04.001 - Ref 01/2026
DOC-105108;2026-01-23;202601;4.04.001;CC1001;14769.44;Lancamento Contabil - 4.04.001 - Ref 01/2026
DOC-105109;2026-01-26;202601;4.04.001;CC1001;9354.93;Lancamento Contabil - 4.04.001 - Ref 01/2026
DOC-105110;2026-01-28;202601;4.04.001;CC1001;8395.23;Lancamento Contabil - 4.04.001 - Ref 01/2026
DOC-105111;2026-01-29;202601;4.04.001;CC1001;1201.67;Lancamento Contabil - 4.04.001 - Ref 01/2026
DOC-105112;2026-01-30;202601;4.04.001;CC1001;8762.02;Lancamento Contabil - 4.04.001 - Ref 01/2026
DOC-105113;2026-01-07;202601;4.04.001;CC3001;32439.66;Lancamento Contabil - 4.04.001 - Ref 01/2026
DOC-105114;2026-01-08;202601;4.04.001;CC3001;545.42;Lancamento Contabil - 4.04.001 - Ref 01/2026
DOC-105115;2026-01-10;202601;4.04.001;CC3001;1731.96;Lancamento Contabil - 4.04.001 - Ref 01/2026
DOC-105116;2026-01-11;202601;4.04.001;CC3001;8224.95;Lancamento Contabil - 4.04.001 - Ref 01/2026
DOC-105117;2026-01-12;202601;4.04.001;CC3001;9144.7;Lancamento Contabil - 4.04.001 - Ref 01/2026
DOC-105118;2026-01-22;202601;4.04.001;CC3001;11048.52;Lancamento Contabil - 4.04.001 - Ref 01/2026
DOC-105119;2026-01-27;202601;4.04.001;CC3001;182.51;Lancamento Contabil - 4.04.001 - Ref 01/2026
DOC-105120;2026-01-29;202601;4.04.001;CC3001;34424.23;Lancamento Contabil - 4.04.001 - Ref 01/2026
DOC-105121;2026-01-30;202601;4.04.001;CC3001;486.41;Lancamento Contabil - 4.04.001 - Ref 01/2026
DOC-105122;2026-01-01;202601;4.05.001;CC4001;3491.68;Lancamento Contabil - 4.05.001 - Ref 01/2026
DOC-105123;2026-01-04;202601;4.05.001;CC4001;319.19;Lancamento Contabil - 4.05.001 - Ref 01/2026
DOC-105124;2026-01-08;202601;4.05.001;CC4001;18922.59;Lancamento Contabil - 4.05.001 - Ref 01/2026
DOC-105125;2026-01-12;202601;4.05.001;CC4001;60886.33;Lancamento Contabil - 4.05.001 - Ref 01/2026
DOC-105126;2026-01-15;202601;4.05.001;CC4001;24797.45;Lancamento Contabil - 4.05.001 - Ref 01/2026
DOC-105127;2026-01-16;202601;4.05.001;CC4001;39118.26;Lancamento Contabil - 4.05.001 - Ref 01/2026
DOC-105128;2026-01-18;202601;4.05.001;CC4001;302.38;Lancamento Contabil - 4.05.001 - Ref 01/2026
DOC-105129;2026-01-20;202601;4.05.001;CC4001;17661.27;Lancamento Contabil - 4.05.001 - Ref 01/2026
DOC-105130;2026-01-21;202601;4.05.001;CC4001;13917.37;Lancamento Contabil - 4.05.001 - Ref 01/2026
DOC-105131;2026-01-22;202601;4.05.001;CC4001;15629.58;Lancamento Contabil - 4.05.001 - Ref 01/2026
DOC-105132;2026-01-25;202601;4.05.001;CC4001;1695.14;Lancamento Contabil - 4.05.001 - Ref 01/2026
DOC-105133;2026-01-27;202601;4.05.001;CC4001;26085.1;Lancamento Contabil - 4.05.001 - Ref 01/2026
DOC-105134;2026-01-02;202601;4.06.001;CC3001;10888.39;Lancamento Contabil - 4.06.001 - Ref 01/2026
DOC-105135;2026-01-04;202601;4.06.001;CC3001;2652.48;Lancamento Contabil - 4.06.001 - Ref 01/2026
DOC-105136;2026-01-11;202601;4.06.001;CC3001;17129.76;Lancamento Contabil - 4.06.001 - Ref 01/2026
DOC-105137;2026-01-13;202601;4.06.001;CC3001;3101.97;Lancamento Contabil - 4.06.001 - Ref 01/2026
DOC-105138;2026-01-22;202601;4.06.001;CC3001;33752.99;Lancamento Contabil - 4.06.001 - Ref 01/2026
DOC-105139;2026-01-26;202601;4.06.001;CC3001;15568.63;Lancamento Contabil - 4.06.001 - Ref 01/2026
DOC-105140;2026-01-31;202601;4.06.001;CC3001;2803.94;Lancamento Contabil - 4.06.001 - Ref 01/2026
DOC-105141;2026-01-01;202601;4.06.001;CC1005;18604.87;Lancamento Contabil - 4.06.001 - Ref 01/2026
DOC-105142;2026-01-09;202601;4.06.001;CC1005;4145.08;Lancamento Contabil - 4.06.001 - Ref 01/2026
DOC-105143;2026-01-10;202601;4.06.001;CC1005;429.46;Lancamento Contabil - 4.06.001 - Ref 01/2026
DOC-105144;2026-01-12;202601;4.06.001;CC1005;5592.79;Lancamento Contabil - 4.06.001 - Ref 01/2026
DOC-105145;2026-01-17;202601;4.06.001;CC1005;1656.49;Lancamento Contabil - 4.06.001 - Ref 01/2026
DOC-105146;2026-01-18;202601;4.06.001;CC1005;9237.33;Lancamento Contabil - 4.06.001 - Ref 01/2026
DOC-105147;2026-01-23;202601;4.06.001;CC1005;9661.12;Lancamento Contabil - 4.06.001 - Ref 01/2026
DOC-105148;2026-01-24;202601;4.06.001;CC1005;21904.86;Lancamento Contabil - 4.06.001 - Ref 01/2026
DOC-105149;2026-01-25;202601;4.06.001;CC1005;3954.01;Lancamento Contabil - 4.06.001 - Ref 01/2026
DOC-105150;2026-01-26;202601;4.06.001;CC1005;3443.35;Lancamento Contabil - 4.06.001 - Ref 01/2026
DOC-105151;2026-01-02;202601;5.01.001;CC3001;43966.57;Lancamento Contabil - 5.01.001 - Ref 01/2026
DOC-105152;2026-01-03;202601;5.01.001;CC3001;43884.76;Lancamento Contabil - 5.01.001 - Ref 01/2026
DOC-105153;2026-01-04;202601;5.01.001;CC3001;5205.49;Lancamento Contabil - 5.01.001 - Ref 01/2026
DOC-105154;2026-01-06;202601;5.01.001;CC3001;30059.28;Lancamento Contabil - 5.01.001 - Ref 01/2026
DOC-105155;2026-01-07;202601;5.01.001;CC3001;106588.16;Lancamento Contabil - 5.01.001 - Ref 01/2026
DOC-105156;2026-01-10;202601;5.01.001;CC3001;107684.86;Lancamento Contabil - 5.01.001 - Ref 01/2026
DOC-105157;2026-01-11;202601;5.01.001;CC3001;5804.28;Lancamento Contabil - 5.01.001 - Ref 01/2026
DOC-105158;2026-01-16;202601;5.01.001;CC3001;5281.65;Lancamento Contabil - 5.01.001 - Ref 01/2026
DOC-105159;2026-01-17;202601;5.01.001;CC3001;16924.84;Lancamento Contabil - 5.01.001 - Ref 01/2026
DOC-105160;2026-01-18;202601;5.01.001;CC3001;115380.06;Lancamento Contabil - 5.01.001 - Ref 01/2026
DOC-105161;2026-01-21;202601;5.01.001;CC3001;7664.05;Lancamento Contabil - 5.01.001 - Ref 01/2026
DOC-105162;2026-01-01;202601;5.02.001;CC3001;48785.73;Lancamento Contabil - 5.02.001 - Ref 01/2026
DOC-105163;2026-01-03;202601;5.02.001;CC3001;4087.59;Lancamento Contabil - 5.02.001 - Ref 01/2026
DOC-105164;2026-01-04;202601;5.02.001;CC3001;37400.26;Lancamento Contabil - 5.02.001 - Ref 01/2026
DOC-105165;2026-01-07;202601;5.02.001;CC3001;16869.09;Lancamento Contabil - 5.02.001 - Ref 01/2026
DOC-105166;2026-01-14;202601;5.02.001;CC3001;59613.84;Lancamento Contabil - 5.02.001 - Ref 01/2026
DOC-105167;2026-01-21;202601;5.02.001;CC3001;10200.88;Lancamento Contabil - 5.02.001 - Ref 01/2026
DOC-105168;2026-01-22;202601;5.02.001;CC3001;39069.72;Lancamento Contabil - 5.02.001 - Ref 01/2026
DOC-105169;2026-01-24;202601;5.02.001;CC3001;10300.64;Lancamento Contabil - 5.02.001 - Ref 01/2026
DOC-105170;2026-01-25;202601;5.02.001;CC3001;47928.11;Lancamento Contabil - 5.02.001 - Ref 01/2026
DOC-105171;2026-01-27;202601;5.02.001;CC3001;79291.02;Lancamento Contabil - 5.02.001 - Ref 01/2026
DOC-105172;2026-01-28;202601;5.02.001;CC3001;5196.57;Lancamento Contabil - 5.02.001 - Ref 01/2026
DOC-105173;2026-01-30;202601;5.02.001;CC3001;77200.39;Lancamento Contabil - 5.02.001 - Ref 01/2026
DOC-105174;2026-01-01;202601;5.03.001;CC3001;4764.26;Lancamento Contabil - 5.03.001 - Ref 01/2026
DOC-105175;2026-01-03;202601;5.03.001;CC3001;1497.89;Lancamento Contabil - 5.03.001 - Ref 01/2026
DOC-105176;2026-01-05;202601;5.03.001;CC3001;10292.95;Lancamento Contabil - 5.03.001 - Ref 01/2026
DOC-105177;2026-01-14;202601;5.03.001;CC3001;12148.71;Lancamento Contabil - 5.03.001 - Ref 01/2026
DOC-105178;2026-01-15;202601;5.03.001;CC3001;955.06;Lancamento Contabil - 5.03.001 - Ref 01/2026
DOC-105179;2026-01-21;202601;5.03.001;CC3001;6025.65;Lancamento Contabil - 5.03.001 - Ref 01/2026
DOC-105180;2026-01-22;202601;5.03.001;CC3001;14394.66;Lancamento Contabil - 5.03.001 - Ref 01/2026
DOC-105181;2026-01-23;202601;5.03.001;CC3001;23499.69;Lancamento Contabil - 5.03.001 - Ref 01/2026
DOC-105182;2026-01-24;202601;5.03.001;CC3001;6154.21;Lancamento Contabil - 5.03.001 - Ref 01/2026
DOC-105183;2026-01-25;202601;5.03.001;CC3001;25634.15;Lancamento Contabil - 5.03.001 - Ref 01/2026
DOC-105184;2026-01-27;202601;5.03.001;CC3001;6552.6;Lancamento Contabil - 5.03.001 - Ref 01/2026
DOC-105185;2026-01-29;202601;5.03.001;CC3001;4280.62;Lancamento Contabil - 5.03.001 - Ref 01/2026
DOC-105186;2026-01-02;202601;6.01.001;CC3001;293671.03;Lancamento Contabil - 6.01.001 - Ref 01/2026
DOC-105187;2026-01-03;202601;6.01.001;CC3001;105804.73;Lancamento Contabil - 6.01.001 - Ref 01/2026
DOC-105188;2026-01-06;202601;6.01.001;CC3001;99459.07;Lancamento Contabil - 6.01.001 - Ref 01/2026
DOC-105189;2026-01-09;202601;6.01.001;CC3001;104986.49;Lancamento Contabil - 6.01.001 - Ref 01/2026
DOC-105190;2026-01-18;202601;6.01.001;CC3001;292222.49;Lancamento Contabil - 6.01.001 - Ref 01/2026
DOC-105191;2026-01-26;202601;6.01.001;CC3001;277817.91;Lancamento Contabil - 6.01.001 - Ref 01/2026
DOC-105192;2026-01-29;202601;6.01.001;CC3001;80491.01;Lancamento Contabil - 6.01.001 - Ref 01/2026
DOC-105193;2026-01-30;202601;6.01.001;CC3001;63153.96;Lancamento Contabil - 6.01.001 - Ref 01/2026
DOC-105194;2026-01-31;202601;6.01.001;CC3001;105481.03;Lancamento Contabil - 6.01.001 - Ref 01/2026
DOC-105195;2026-02-09;202602;1.01.001;CC4001;4327073.87;Lancamento Contabil - 1.01.001 - Ref 02/2026
DOC-105196;2026-02-13;202602;1.01.001;CC4001;1825627.17;Lancamento Contabil - 1.01.001 - Ref 02/2026
DOC-105197;2026-02-14;202602;1.01.001;CC4001;1113594.97;Lancamento Contabil - 1.01.001 - Ref 02/2026
DOC-105198;2026-02-15;202602;1.01.001;CC4001;309447.4;Lancamento Contabil - 1.01.001 - Ref 02/2026
DOC-105199;2026-02-21;202602;1.01.001;CC4001;747589.72;Lancamento Contabil - 1.01.001 - Ref 02/2026
DOC-105200;2026-02-26;202602;1.01.001;CC4001;8166934.87;Lancamento Contabil - 1.01.001 - Ref 02/2026
DOC-105201;2026-02-27;202602;1.01.001;CC4001;997048.11;Lancamento Contabil - 1.01.001 - Ref 02/2026
DOC-105202;2026-02-01;202602;1.01.002;CC4001;96810.52;Lancamento Contabil - 1.01.002 - Ref 02/2026
DOC-105203;2026-02-03;202602;1.01.002;CC4001;323179.22;Lancamento Contabil - 1.01.002 - Ref 02/2026
DOC-105204;2026-02-04;202602;1.01.002;CC4001;192019.12;Lancamento Contabil - 1.01.002 - Ref 02/2026
DOC-105205;2026-02-13;202602;1.01.002;CC4001;18734.51;Lancamento Contabil - 1.01.002 - Ref 02/2026
DOC-105206;2026-02-18;202602;1.01.002;CC4001;204291.65;Lancamento Contabil - 1.01.002 - Ref 02/2026
DOC-105207;2026-02-20;202602;1.01.002;CC4001;411150.0;Lancamento Contabil - 1.01.002 - Ref 02/2026
DOC-105208;2026-02-21;202602;1.01.002;CC4001;419953.74;Lancamento Contabil - 1.01.002 - Ref 02/2026
DOC-105209;2026-02-22;202602;1.01.002;CC4001;230790.67;Lancamento Contabil - 1.01.002 - Ref 02/2026
DOC-105210;2026-02-28;202602;1.01.002;CC4001;310361.65;Lancamento Contabil - 1.01.002 - Ref 02/2026
DOC-105211;2026-02-03;202602;1.02.001;CC1004;64985.94;Lancamento Contabil - 1.02.001 - Ref 02/2026
DOC-105212;2026-02-12;202602;1.02.001;CC1004;60699.57;Lancamento Contabil - 1.02.001 - Ref 02/2026
DOC-105213;2026-02-23;202602;1.02.001;CC1004;133155.04;Lancamento Contabil - 1.02.001 - Ref 02/2026
DOC-105214;2026-02-28;202602;1.02.001;CC1004;310040.36;Lancamento Contabil - 1.02.001 - Ref 02/2026
DOC-105215;2026-02-01;202602;2.01.001;CC3001;86710.91;Lancamento Contabil - 2.01.001 - Ref 02/2026
DOC-105216;2026-02-03;202602;2.01.001;CC3001;464443.02;Lancamento Contabil - 2.01.001 - Ref 02/2026
DOC-105217;2026-02-04;202602;2.01.001;CC3001;8036.14;Lancamento Contabil - 2.01.001 - Ref 02/2026
DOC-105218;2026-02-10;202602;2.01.001;CC3001;204088.43;Lancamento Contabil - 2.01.001 - Ref 02/2026
DOC-105219;2026-02-13;202602;2.01.001;CC3001;562206.25;Lancamento Contabil - 2.01.001 - Ref 02/2026
DOC-105220;2026-02-15;202602;2.01.001;CC3001;155483.8;Lancamento Contabil - 2.01.001 - Ref 02/2026
DOC-105221;2026-02-19;202602;2.01.001;CC3001;311837.95;Lancamento Contabil - 2.01.001 - Ref 02/2026
DOC-105222;2026-02-20;202602;2.01.001;CC3001;86233.52;Lancamento Contabil - 2.01.001 - Ref 02/2026
DOC-105223;2026-02-22;202602;2.01.001;CC3001;509301.9;Lancamento Contabil - 2.01.001 - Ref 02/2026
DOC-105224;2026-02-24;202602;2.01.001;CC3001;20185.66;Lancamento Contabil - 2.01.001 - Ref 02/2026
DOC-105225;2026-02-26;202602;2.01.001;CC3001;719611.7;Lancamento Contabil - 2.01.001 - Ref 02/2026
DOC-105226;2026-02-27;202602;2.01.001;CC3001;83039.81;Lancamento Contabil - 2.01.001 - Ref 02/2026
DOC-105227;2026-02-05;202602;2.02.001;CC4001;16995.05;Lancamento Contabil - 2.02.001 - Ref 02/2026
DOC-105228;2026-02-06;202602;2.02.001;CC4001;5095.14;Lancamento Contabil - 2.02.001 - Ref 02/2026
DOC-105229;2026-02-08;202602;2.02.001;CC4001;31317.86;Lancamento Contabil - 2.02.001 - Ref 02/2026
DOC-105230;2026-02-10;202602;2.02.001;CC4001;1794.17;Lancamento Contabil - 2.02.001 - Ref 02/2026
DOC-105231;2026-02-12;202602;2.02.001;CC4001;2605.68;Lancamento Contabil - 2.02.001 - Ref 02/2026
DOC-105232;2026-02-13;202602;2.02.001;CC4001;9001.12;Lancamento Contabil - 2.02.001 - Ref 02/2026
DOC-105233;2026-02-18;202602;2.02.001;CC4001;1132.8;Lancamento Contabil - 2.02.001 - Ref 02/2026
DOC-105234;2026-02-21;202602;2.02.001;CC4001;2890.35;Lancamento Contabil - 2.02.001 - Ref 02/2026
DOC-105235;2026-02-24;202602;2.02.001;CC4001;38138.15;Lancamento Contabil - 2.02.001 - Ref 02/2026
DOC-105236;2026-02-25;202602;2.02.001;CC4001;49693.58;Lancamento Contabil - 2.02.001 - Ref 02/2026
DOC-105237;2026-02-27;202602;2.02.001;CC4001;6254.51;Lancamento Contabil - 2.02.001 - Ref 02/2026
DOC-105238;2026-02-04;202602;3.01.001;CC1001;5396858.24;Lancamento Contabil - 3.01.001 - Ref 02/2026
DOC-105239;2026-02-05;202602;3.01.001;CC1001;1654308.02;Lancamento Contabil - 3.01.001 - Ref 02/2026
DOC-105240;2026-02-18;202602;3.01.001;CC1001;660733.19;Lancamento Contabil - 3.01.001 - Ref 02/2026
DOC-105241;2026-02-28;202602;3.01.001;CC1001;2547442.8;Lancamento Contabil - 3.01.001 - Ref 02/2026
DOC-105242;2026-02-01;202602;3.02.001;CC1002;5398.38;Lancamento Contabil - 3.02.001 - Ref 02/2026
DOC-105243;2026-02-13;202602;3.02.001;CC1002;12189.87;Lancamento Contabil - 3.02.001 - Ref 02/2026
DOC-105244;2026-02-19;202602;3.02.001;CC1002;396.71;Lancamento Contabil - 3.02.001 - Ref 02/2026
DOC-105245;2026-02-20;202602;3.02.001;CC1002;760378.78;Lancamento Contabil - 3.02.001 - Ref 02/2026
DOC-105246;2026-02-03;202602;3.02.001;CC1003;146899.13;Lancamento Contabil - 3.02.001 - Ref 02/2026
DOC-105247;2026-02-05;202602;3.02.001;CC1003;140037.74;Lancamento Contabil - 3.02.001 - Ref 02/2026
DOC-105248;2026-02-06;202602;3.02.001;CC1003;64600.05;Lancamento Contabil - 3.02.001 - Ref 02/2026
DOC-105249;2026-02-07;202602;3.02.001;CC1003;32334.04;Lancamento Contabil - 3.02.001 - Ref 02/2026
DOC-105250;2026-02-10;202602;3.02.001;CC1003;14863.95;Lancamento Contabil - 3.02.001 - Ref 02/2026
DOC-105251;2026-02-12;202602;3.02.001;CC1003;30362.58;Lancamento Contabil - 3.02.001 - Ref 02/2026
DOC-105252;2026-02-14;202602;3.02.001;CC1003;42737.24;Lancamento Contabil - 3.02.001 - Ref 02/2026
DOC-105253;2026-02-17;202602;3.02.001;CC1003;127956.36;Lancamento Contabil - 3.02.001 - Ref 02/2026
DOC-105254;2026-02-18;202602;3.02.001;CC1003;70309.98;Lancamento Contabil - 3.02.001 - Ref 02/2026
DOC-105255;2026-02-24;202602;3.02.001;CC1003;7309.3;Lancamento Contabil - 3.02.001 - Ref 02/2026
DOC-105256;2026-02-25;202602;3.02.001;CC1003;1648.87;Lancamento Contabil - 3.02.001 - Ref 02/2026
DOC-105257;2026-02-28;202602;3.02.001;CC1003;9783.95;Lancamento Contabil - 3.02.001 - Ref 02/2026
DOC-105258;2026-02-04;202602;3.03.001;CC1002;30238.67;Lancamento Contabil - 3.03.001 - Ref 02/2026
DOC-105259;2026-02-06;202602;3.03.001;CC1002;48246.86;Lancamento Contabil - 3.03.001 - Ref 02/2026
DOC-105260;2026-02-07;202602;3.03.001;CC1002;18721.0;Lancamento Contabil - 3.03.001 - Ref 02/2026
DOC-105261;2026-02-09;202602;3.03.001;CC1002;13380.45;Lancamento Contabil - 3.03.001 - Ref 02/2026
DOC-105262;2026-02-20;202602;3.03.001;CC1002;3420.07;Lancamento Contabil - 3.03.001 - Ref 02/2026
DOC-105263;2026-02-22;202602;3.03.001;CC1002;62206.49;Lancamento Contabil - 3.03.001 - Ref 02/2026
DOC-105264;2026-02-27;202602;3.03.001;CC1002;45563.77;Lancamento Contabil - 3.03.001 - Ref 02/2026
DOC-105265;2026-02-15;202602;3.03.001;CC1003;15251.69;Lancamento Contabil - 3.03.001 - Ref 02/2026
DOC-105266;2026-02-18;202602;3.03.001;CC1003;59491.64;Lancamento Contabil - 3.03.001 - Ref 02/2026
DOC-105267;2026-02-25;202602;3.03.001;CC1003;55368.21;Lancamento Contabil - 3.03.001 - Ref 02/2026
DOC-105268;2026-02-28;202602;3.03.001;CC1003;81292.18;Lancamento Contabil - 3.03.001 - Ref 02/2026
DOC-105269;2026-02-03;202602;3.03.001;CC1005;25466.32;Lancamento Contabil - 3.03.001 - Ref 02/2026
DOC-105270;2026-02-04;202602;3.03.001;CC1005;1692.29;Lancamento Contabil - 3.03.001 - Ref 02/2026
DOC-105271;2026-02-05;202602;3.03.001;CC1005;2129.51;Lancamento Contabil - 3.03.001 - Ref 02/2026
DOC-105272;2026-02-07;202602;3.03.001;CC1005;6799.23;Lancamento Contabil - 3.03.001 - Ref 02/2026
DOC-105273;2026-02-09;202602;3.03.001;CC1005;1081.9;Lancamento Contabil - 3.03.001 - Ref 02/2026
DOC-105274;2026-02-10;202602;3.03.001;CC1005;44575.93;Lancamento Contabil - 3.03.001 - Ref 02/2026
DOC-105275;2026-02-11;202602;3.03.001;CC1005;42113.78;Lancamento Contabil - 3.03.001 - Ref 02/2026
DOC-105276;2026-02-12;202602;3.03.001;CC1005;4793.28;Lancamento Contabil - 3.03.001 - Ref 02/2026
DOC-105277;2026-02-16;202602;3.03.001;CC1005;59269.57;Lancamento Contabil - 3.03.001 - Ref 02/2026
DOC-105278;2026-02-19;202602;3.03.001;CC1005;5511.65;Lancamento Contabil - 3.03.001 - Ref 02/2026
DOC-105279;2026-02-22;202602;3.03.001;CC1005;11745.16;Lancamento Contabil - 3.03.001 - Ref 02/2026
DOC-105280;2026-02-28;202602;3.03.001;CC1005;9384.14;Lancamento Contabil - 3.03.001 - Ref 02/2026
DOC-105281;2026-02-03;202602;3.04.001;CC1004;32612.55;Lancamento Contabil - 3.04.001 - Ref 02/2026
DOC-105282;2026-02-04;202602;3.04.001;CC1004;20582.75;Lancamento Contabil - 3.04.001 - Ref 02/2026
DOC-105283;2026-02-07;202602;3.04.001;CC1004;47009.38;Lancamento Contabil - 3.04.001 - Ref 02/2026
DOC-105284;2026-02-10;202602;3.04.001;CC1004;36642.31;Lancamento Contabil - 3.04.001 - Ref 02/2026
DOC-105285;2026-02-11;202602;3.04.001;CC1004;301838.48;Lancamento Contabil - 3.04.001 - Ref 02/2026
DOC-105286;2026-02-16;202602;3.04.001;CC1004;4030.21;Lancamento Contabil - 3.04.001 - Ref 02/2026
DOC-105287;2026-02-20;202602;3.04.001;CC1004;10739.75;Lancamento Contabil - 3.04.001 - Ref 02/2026
DOC-105288;2026-02-05;202602;3.05.001;CC1005;2942.57;Lancamento Contabil - 3.05.001 - Ref 02/2026
DOC-105289;2026-02-10;202602;3.05.001;CC1005;95051.16;Lancamento Contabil - 3.05.001 - Ref 02/2026
DOC-105290;2026-02-11;202602;3.05.001;CC1005;37657.42;Lancamento Contabil - 3.05.001 - Ref 02/2026
DOC-105291;2026-02-12;202602;3.05.001;CC1005;39303.85;Lancamento Contabil - 3.05.001 - Ref 02/2026
DOC-105292;2026-02-19;202602;3.05.001;CC1005;43290.27;Lancamento Contabil - 3.05.001 - Ref 02/2026
DOC-105293;2026-02-20;202602;3.05.001;CC1005;9833.39;Lancamento Contabil - 3.05.001 - Ref 02/2026
DOC-105294;2026-02-21;202602;3.05.001;CC1005;11563.2;Lancamento Contabil - 3.05.001 - Ref 02/2026
DOC-105295;2026-02-22;202602;3.05.001;CC1005;20155.21;Lancamento Contabil - 3.05.001 - Ref 02/2026
DOC-105296;2026-02-23;202602;3.05.001;CC1005;47256.56;Lancamento Contabil - 3.05.001 - Ref 02/2026
DOC-105297;2026-02-24;202602;3.05.001;CC1005;12382.73;Lancamento Contabil - 3.05.001 - Ref 02/2026
DOC-105298;2026-02-28;202602;3.05.001;CC1005;6492.59;Lancamento Contabil - 3.05.001 - Ref 02/2026
DOC-105299;2026-02-14;202602;3.06.001;CC1002;234908.49;Lancamento Contabil - 3.06.001 - Ref 02/2026
DOC-105300;2026-02-06;202602;3.06.001;CC1003;232638.24;Lancamento Contabil - 3.06.001 - Ref 02/2026
DOC-105301;2026-02-08;202602;4.01.001;CC2001;41540.16;Lancamento Contabil - 4.01.001 - Ref 02/2026
DOC-105302;2026-02-11;202602;4.01.001;CC2001;315517.56;Lancamento Contabil - 4.01.001 - Ref 02/2026
DOC-105303;2026-02-23;202602;4.01.001;CC2001;271712.66;Lancamento Contabil - 4.01.001 - Ref 02/2026
DOC-105304;2026-02-26;202602;4.01.001;CC2001;402942.19;Lancamento Contabil - 4.01.001 - Ref 02/2026
DOC-105305;2026-02-05;202602;4.02.001;CC3001;6595.16;Lancamento Contabil - 4.02.001 - Ref 02/2026
DOC-105306;2026-02-09;202602;4.02.001;CC3001;10859.54;Lancamento Contabil - 4.02.001 - Ref 02/2026
DOC-105307;2026-02-11;202602;4.02.001;CC3001;71873.03;Lancamento Contabil - 4.02.001 - Ref 02/2026
DOC-105308;2026-02-12;202602;4.02.001;CC3001;9141.62;Lancamento Contabil - 4.02.001 - Ref 02/2026
DOC-105309;2026-02-15;202602;4.02.001;CC3001;2930.63;Lancamento Contabil - 4.02.001 - Ref 02/2026
DOC-105310;2026-02-16;202602;4.02.001;CC3001;47294.16;Lancamento Contabil - 4.02.001 - Ref 02/2026
DOC-105311;2026-02-21;202602;4.02.001;CC3001;20048.8;Lancamento Contabil - 4.02.001 - Ref 02/2026
DOC-105312;2026-02-22;202602;4.02.001;CC3001;98336.78;Lancamento Contabil - 4.02.001 - Ref 02/2026
DOC-105313;2026-02-26;202602;4.02.001;CC3001;40894.08;Lancamento Contabil - 4.02.001 - Ref 02/2026
DOC-105314;2026-02-27;202602;4.02.001;CC3001;3689.09;Lancamento Contabil - 4.02.001 - Ref 02/2026
DOC-105315;2026-02-03;202602;4.02.001;CC3003;167637.18;Lancamento Contabil - 4.02.001 - Ref 02/2026
DOC-105316;2026-02-04;202602;4.02.001;CC3003;16978.34;Lancamento Contabil - 4.02.001 - Ref 02/2026
DOC-105317;2026-02-06;202602;4.02.001;CC3003;23342.92;Lancamento Contabil - 4.02.001 - Ref 02/2026
DOC-105318;2026-02-09;202602;4.02.001;CC3003;29205.55;Lancamento Contabil - 4.02.001 - Ref 02/2026
DOC-105319;2026-02-16;202602;4.02.001;CC3003;2984.28;Lancamento Contabil - 4.02.001 - Ref 02/2026
DOC-105320;2026-02-18;202602;4.02.001;CC3003;38944.64;Lancamento Contabil - 4.02.001 - Ref 02/2026
DOC-105321;2026-02-20;202602;4.02.001;CC3003;7469.46;Lancamento Contabil - 4.02.001 - Ref 02/2026
DOC-105322;2026-02-21;202602;4.02.001;CC3003;29083.19;Lancamento Contabil - 4.02.001 - Ref 02/2026
DOC-105323;2026-02-03;202602;4.03.001;CC3002;95887.36;Lancamento Contabil - 4.03.001 - Ref 02/2026
DOC-105324;2026-02-07;202602;4.03.001;CC3002;9824.73;Lancamento Contabil - 4.03.001 - Ref 02/2026
DOC-105325;2026-02-09;202602;4.03.001;CC3002;26934.54;Lancamento Contabil - 4.03.001 - Ref 02/2026
DOC-105326;2026-02-18;202602;4.03.001;CC3002;27571.43;Lancamento Contabil - 4.03.001 - Ref 02/2026
DOC-105327;2026-02-21;202602;4.03.001;CC3002;9685.36;Lancamento Contabil - 4.03.001 - Ref 02/2026
DOC-105328;2026-02-24;202602;4.03.001;CC3002;94490.28;Lancamento Contabil - 4.03.001 - Ref 02/2026
DOC-105329;2026-02-01;202602;4.04.001;CC1001;39768.99;Lancamento Contabil - 4.04.001 - Ref 02/2026
DOC-105330;2026-02-17;202602;4.04.001;CC1001;6837.49;Lancamento Contabil - 4.04.001 - Ref 02/2026
DOC-105331;2026-02-21;202602;4.04.001;CC1001;14790.66;Lancamento Contabil - 4.04.001 - Ref 02/2026
DOC-105332;2026-02-27;202602;4.04.001;CC1001;3620.61;Lancamento Contabil - 4.04.001 - Ref 02/2026
DOC-105333;2026-02-28;202602;4.04.001;CC1001;32032.99;Lancamento Contabil - 4.04.001 - Ref 02/2026
DOC-105334;2026-02-02;202602;4.04.001;CC3001;6527.28;Lancamento Contabil - 4.04.001 - Ref 02/2026
DOC-105335;2026-02-05;202602;4.04.001;CC3001;18302.99;Lancamento Contabil - 4.04.001 - Ref 02/2026
DOC-105336;2026-02-07;202602;4.04.001;CC3001;6101.02;Lancamento Contabil - 4.04.001 - Ref 02/2026
DOC-105337;2026-02-09;202602;4.04.001;CC3001;1448.58;Lancamento Contabil - 4.04.001 - Ref 02/2026
DOC-105338;2026-02-16;202602;4.04.001;CC3001;3595.28;Lancamento Contabil - 4.04.001 - Ref 02/2026
DOC-105339;2026-02-18;202602;4.04.001;CC3001;13993.2;Lancamento Contabil - 4.04.001 - Ref 02/2026
DOC-105340;2026-02-19;202602;4.04.001;CC3001;7806.44;Lancamento Contabil - 4.04.001 - Ref 02/2026
DOC-105341;2026-02-22;202602;4.04.001;CC3001;7945.96;Lancamento Contabil - 4.04.001 - Ref 02/2026
DOC-105342;2026-02-24;202602;4.04.001;CC3001;15229.27;Lancamento Contabil - 4.04.001 - Ref 02/2026
DOC-105343;2026-02-25;202602;4.04.001;CC3001;16951.55;Lancamento Contabil - 4.04.001 - Ref 02/2026
DOC-105344;2026-02-05;202602;4.05.001;CC4001;57082.78;Lancamento Contabil - 4.05.001 - Ref 02/2026
DOC-105345;2026-02-08;202602;4.05.001;CC4001;2254.54;Lancamento Contabil - 4.05.001 - Ref 02/2026
DOC-105346;2026-02-10;202602;4.05.001;CC4001;17771.81;Lancamento Contabil - 4.05.001 - Ref 02/2026
DOC-105347;2026-02-13;202602;4.05.001;CC4001;30520.19;Lancamento Contabil - 4.05.001 - Ref 02/2026
DOC-105348;2026-02-15;202602;4.05.001;CC4001;31998.82;Lancamento Contabil - 4.05.001 - Ref 02/2026
DOC-105349;2026-02-17;202602;4.05.001;CC4001;21112.99;Lancamento Contabil - 4.05.001 - Ref 02/2026
DOC-105350;2026-02-19;202602;4.05.001;CC4001;4128.07;Lancamento Contabil - 4.05.001 - Ref 02/2026
DOC-105351;2026-02-24;202602;4.05.001;CC4001;36121.55;Lancamento Contabil - 4.05.001 - Ref 02/2026
DOC-105352;2026-02-25;202602;4.05.001;CC4001;28808.21;Lancamento Contabil - 4.05.001 - Ref 02/2026
DOC-105353;2026-02-01;202602;4.06.001;CC3001;1812.71;Lancamento Contabil - 4.06.001 - Ref 02/2026
DOC-105354;2026-02-03;202602;4.06.001;CC3001;3904.57;Lancamento Contabil - 4.06.001 - Ref 02/2026
DOC-105355;2026-02-05;202602;4.06.001;CC3001;173.05;Lancamento Contabil - 4.06.001 - Ref 02/2026
DOC-105356;2026-02-06;202602;4.06.001;CC3001;4849.9;Lancamento Contabil - 4.06.001 - Ref 02/2026
DOC-105357;2026-02-08;202602;4.06.001;CC3001;7570.47;Lancamento Contabil - 4.06.001 - Ref 02/2026
DOC-105358;2026-02-12;202602;4.06.001;CC3001;9166.18;Lancamento Contabil - 4.06.001 - Ref 02/2026
DOC-105359;2026-02-13;202602;4.06.001;CC3001;10329.32;Lancamento Contabil - 4.06.001 - Ref 02/2026
DOC-105360;2026-02-15;202602;4.06.001;CC3001;17162.93;Lancamento Contabil - 4.06.001 - Ref 02/2026
DOC-105361;2026-02-17;202602;4.06.001;CC3001;2301.41;Lancamento Contabil - 4.06.001 - Ref 02/2026
DOC-105362;2026-02-20;202602;4.06.001;CC3001;1217.57;Lancamento Contabil - 4.06.001 - Ref 02/2026
DOC-105363;2026-02-22;202602;4.06.001;CC3001;18090.03;Lancamento Contabil - 4.06.001 - Ref 02/2026
DOC-105364;2026-02-25;202602;4.06.001;CC3001;1615.41;Lancamento Contabil - 4.06.001 - Ref 02/2026
DOC-105365;2026-02-05;202602;4.06.001;CC1005;25711.72;Lancamento Contabil - 4.06.001 - Ref 02/2026
DOC-105366;2026-02-06;202602;4.06.001;CC1005;12918.11;Lancamento Contabil - 4.06.001 - Ref 02/2026
DOC-105367;2026-02-16;202602;4.06.001;CC1005;4856.08;Lancamento Contabil - 4.06.001 - Ref 02/2026
DOC-105368;2026-02-19;202602;4.06.001;CC1005;27853.01;Lancamento Contabil - 4.06.001 - Ref 02/2026
DOC-105369;2026-02-22;202602;4.06.001;CC1005;715.94;Lancamento Contabil - 4.06.001 - Ref 02/2026
DOC-105370;2026-02-27;202602;4.06.001;CC1005;2523.17;Lancamento Contabil - 4.06.001 - Ref 02/2026
DOC-105371;2026-02-02;202602;5.01.001;CC3001;147691.17;Lancamento Contabil - 5.01.001 - Ref 02/2026
DOC-105372;2026-02-03;202602;5.01.001;CC3001;3802.74;Lancamento Contabil - 5.01.001 - Ref 02/2026
DOC-105373;2026-02-08;202602;5.01.001;CC3001;44661.33;Lancamento Contabil - 5.01.001 - Ref 02/2026
DOC-105374;2026-02-09;202602;5.01.001;CC3001;50068.17;Lancamento Contabil - 5.01.001 - Ref 02/2026
DOC-105375;2026-02-12;202602;5.01.001;CC3001;59252.18;Lancamento Contabil - 5.01.001 - Ref 02/2026
DOC-105376;2026-02-16;202602;5.01.001;CC3001;16541.56;Lancamento Contabil - 5.01.001 - Ref 02/2026
DOC-105377;2026-02-24;202602;5.01.001;CC3001;25403.33;Lancamento Contabil - 5.01.001 - Ref 02/2026
DOC-105378;2026-02-25;202602;5.01.001;CC3001;103969.8;Lancamento Contabil - 5.01.001 - Ref 02/2026
DOC-105379;2026-02-27;202602;5.01.001;CC3001;12148.05;Lancamento Contabil - 5.01.001 - Ref 02/2026
DOC-105380;2026-02-07;202602;5.02.001;CC3001;152666.29;Lancamento Contabil - 5.02.001 - Ref 02/2026
DOC-105381;2026-02-17;202602;5.02.001;CC3001;71996.46;Lancamento Contabil - 5.02.001 - Ref 02/2026
DOC-105382;2026-02-22;202602;5.02.001;CC3001;125033.03;Lancamento Contabil - 5.02.001 - Ref 02/2026
DOC-105383;2026-02-26;202602;5.02.001;CC3001;108851.36;Lancamento Contabil - 5.02.001 - Ref 02/2026
DOC-105384;2026-02-02;202602;5.03.001;CC3001;20070.7;Lancamento Contabil - 5.03.001 - Ref 02/2026
DOC-105385;2026-02-04;202602;5.03.001;CC3001;5614.22;Lancamento Contabil - 5.03.001 - Ref 02/2026
DOC-105386;2026-02-11;202602;5.03.001;CC3001;33723.94;Lancamento Contabil - 5.03.001 - Ref 02/2026
DOC-105387;2026-02-13;202602;5.03.001;CC3001;5971.75;Lancamento Contabil - 5.03.001 - Ref 02/2026
DOC-105388;2026-02-15;202602;5.03.001;CC3001;1528.65;Lancamento Contabil - 5.03.001 - Ref 02/2026
DOC-105389;2026-02-16;202602;5.03.001;CC3001;4895.19;Lancamento Contabil - 5.03.001 - Ref 02/2026
DOC-105390;2026-02-17;202602;5.03.001;CC3001;30067.21;Lancamento Contabil - 5.03.001 - Ref 02/2026
DOC-105391;2026-02-21;202602;5.03.001;CC3001;3822.45;Lancamento Contabil - 5.03.001 - Ref 02/2026
DOC-105392;2026-02-25;202602;5.03.001;CC3001;20098.86;Lancamento Contabil - 5.03.001 - Ref 02/2026
DOC-105393;2026-02-06;202602;6.01.001;CC3001;387177.68;Lancamento Contabil - 6.01.001 - Ref 02/2026
DOC-105394;2026-02-09;202602;6.01.001;CC3001;78329.88;Lancamento Contabil - 6.01.001 - Ref 02/2026
DOC-105395;2026-02-13;202602;6.01.001;CC3001;15795.87;Lancamento Contabil - 6.01.001 - Ref 02/2026
DOC-105396;2026-02-18;202602;6.01.001;CC3001;234293.34;Lancamento Contabil - 6.01.001 - Ref 02/2026
DOC-105397;2026-02-19;202602;6.01.001;CC3001;67824.82;Lancamento Contabil - 6.01.001 - Ref 02/2026
DOC-105398;2026-02-24;202602;6.01.001;CC3001;277563.69;Lancamento Contabil - 6.01.001 - Ref 02/2026
DOC-105399;2026-02-25;202602;6.01.001;CC3001;106222.54;Lancamento Contabil - 6.01.001 - Ref 02/2026
DOC-105400;2026-02-27;202602;6.01.001;CC3001;120675.04;Lancamento Contabil - 6.01.001 - Ref 02/2026
DOC-105401;2026-03-03;202603;1.01.001;CC4001;1848536.23;Lancamento Contabil - 1.01.001 - Ref 03/2026
DOC-105402;2026-03-08;202603;1.01.001;CC4001;1490118.28;Lancamento Contabil - 1.01.001 - Ref 03/2026
DOC-105403;2026-03-09;202603;1.01.001;CC4001;1445635.92;Lancamento Contabil - 1.01.001 - Ref 03/2026
DOC-105404;2026-03-12;202603;1.01.001;CC4001;2356967.13;Lancamento Contabil - 1.01.001 - Ref 03/2026
DOC-105405;2026-03-13;202603;1.01.001;CC4001;5224087.0;Lancamento Contabil - 1.01.001 - Ref 03/2026
DOC-105406;2026-03-17;202603;1.01.001;CC4001;1417946.57;Lancamento Contabil - 1.01.001 - Ref 03/2026
DOC-105407;2026-03-19;202603;1.01.001;CC4001;2345717.87;Lancamento Contabil - 1.01.001 - Ref 03/2026
DOC-105408;2026-03-21;202603;1.01.001;CC4001;3507714.66;Lancamento Contabil - 1.01.001 - Ref 03/2026
DOC-105409;2026-03-26;202603;1.01.001;CC4001;991316.66;Lancamento Contabil - 1.01.001 - Ref 03/2026
DOC-105410;2026-03-27;202603;1.01.001;CC4001;1026449.3;Lancamento Contabil - 1.01.001 - Ref 03/2026
DOC-105411;2026-03-01;202603;1.01.002;CC4001;821818.73;Lancamento Contabil - 1.01.002 - Ref 03/2026
DOC-105412;2026-03-12;202603;1.01.002;CC4001;389992.85;Lancamento Contabil - 1.01.002 - Ref 03/2026
DOC-105413;2026-03-16;202603;1.01.002;CC4001;261121.08;Lancamento Contabil - 1.01.002 - Ref 03/2026
DOC-105414;2026-03-17;202603;1.01.002;CC4001;316481.72;Lancamento Contabil - 1.01.002 - Ref 03/2026
DOC-105415;2026-03-20;202603;1.01.002;CC4001;9020.45;Lancamento Contabil - 1.01.002 - Ref 03/2026
DOC-105416;2026-03-26;202603;1.01.002;CC4001;291994.77;Lancamento Contabil - 1.01.002 - Ref 03/2026
DOC-105417;2026-03-27;202603;1.01.002;CC4001;216082.49;Lancamento Contabil - 1.01.002 - Ref 03/2026
DOC-105418;2026-03-28;202603;1.01.002;CC4001;239366.37;Lancamento Contabil - 1.01.002 - Ref 03/2026
DOC-105419;2026-03-30;202603;1.01.002;CC4001;135103.02;Lancamento Contabil - 1.01.002 - Ref 03/2026
DOC-105420;2026-03-31;202603;1.01.002;CC4001;25779.2;Lancamento Contabil - 1.01.002 - Ref 03/2026
DOC-105421;2026-03-03;202603;1.02.001;CC1004;10998.84;Lancamento Contabil - 1.02.001 - Ref 03/2026
DOC-105422;2026-03-06;202603;1.02.001;CC1004;7777.43;Lancamento Contabil - 1.02.001 - Ref 03/2026
DOC-105423;2026-03-08;202603;1.02.001;CC1004;256528.88;Lancamento Contabil - 1.02.001 - Ref 03/2026
DOC-105424;2026-03-15;202603;1.02.001;CC1004;156888.03;Lancamento Contabil - 1.02.001 - Ref 03/2026
DOC-105425;2026-03-17;202603;1.02.001;CC1004;144359.1;Lancamento Contabil - 1.02.001 - Ref 03/2026
DOC-105426;2026-03-21;202603;1.02.001;CC1004;56580.08;Lancamento Contabil - 1.02.001 - Ref 03/2026
DOC-105427;2026-03-04;202603;2.01.001;CC3001;723834.21;Lancamento Contabil - 2.01.001 - Ref 03/2026
DOC-105428;2026-03-05;202603;2.01.001;CC3001;97644.86;Lancamento Contabil - 2.01.001 - Ref 03/2026
DOC-105429;2026-03-06;202603;2.01.001;CC3001;111656.64;Lancamento Contabil - 2.01.001 - Ref 03/2026
DOC-105430;2026-03-07;202603;2.01.001;CC3001;327328.49;Lancamento Contabil - 2.01.001 - Ref 03/2026
DOC-105431;2026-03-12;202603;2.01.001;CC3001;178777.63;Lancamento Contabil - 2.01.001 - Ref 03/2026
DOC-105432;2026-03-20;202603;2.01.001;CC3001;150704.9;Lancamento Contabil - 2.01.001 - Ref 03/2026
DOC-105433;2026-03-23;202603;2.01.001;CC3001;549327.35;Lancamento Contabil - 2.01.001 - Ref 03/2026
DOC-105434;2026-03-29;202603;2.01.001;CC3001;557965.17;Lancamento Contabil - 2.01.001 - Ref 03/2026
DOC-105435;2026-03-04;202603;2.02.001;CC4001;1744.06;Lancamento Contabil - 2.02.001 - Ref 03/2026
DOC-105436;2026-03-11;202603;2.02.001;CC4001;7347.88;Lancamento Contabil - 2.02.001 - Ref 03/2026
DOC-105437;2026-03-14;202603;2.02.001;CC4001;89906.08;Lancamento Contabil - 2.02.001 - Ref 03/2026
DOC-105438;2026-03-16;202603;2.02.001;CC4001;20842.77;Lancamento Contabil - 2.02.001 - Ref 03/2026
DOC-105439;2026-03-22;202603;2.02.001;CC4001;28426.01;Lancamento Contabil - 2.02.001 - Ref 03/2026
DOC-105440;2026-03-24;202603;2.02.001;CC4001;169.71;Lancamento Contabil - 2.02.001 - Ref 03/2026
DOC-105441;2026-03-26;202603;2.02.001;CC4001;16781.15;Lancamento Contabil - 2.02.001 - Ref 03/2026
DOC-105442;2026-03-01;202603;3.01.001;CC1001;75533.54;Lancamento Contabil - 3.01.001 - Ref 03/2026
DOC-105443;2026-03-02;202603;3.01.001;CC1001;1663040.71;Lancamento Contabil - 3.01.001 - Ref 03/2026
DOC-105444;2026-03-05;202603;3.01.001;CC1001;5006630.83;Lancamento Contabil - 3.01.001 - Ref 03/2026
DOC-105445;2026-03-06;202603;3.01.001;CC1001;6822929.15;Lancamento Contabil - 3.01.001 - Ref 03/2026
DOC-105446;2026-03-07;202603;3.01.001;CC1001;1535771.49;Lancamento Contabil - 3.01.001 - Ref 03/2026
DOC-105447;2026-03-08;202603;3.01.001;CC1001;1210217.96;Lancamento Contabil - 3.01.001 - Ref 03/2026
DOC-105448;2026-03-14;202603;3.01.001;CC1001;5728025.58;Lancamento Contabil - 3.01.001 - Ref 03/2026
DOC-105449;2026-03-16;202603;3.01.001;CC1001;2210976.13;Lancamento Contabil - 3.01.001 - Ref 03/2026
DOC-105450;2026-03-19;202603;3.01.001;CC1001;132503.21;Lancamento Contabil - 3.01.001 - Ref 03/2026
DOC-105451;2026-03-21;202603;3.01.001;CC1001;1237820.96;Lancamento Contabil - 3.01.001 - Ref 03/2026
DOC-105452;2026-03-29;202603;3.01.001;CC1001;542562.27;Lancamento Contabil - 3.01.001 - Ref 03/2026
DOC-105453;2026-03-02;202603;3.02.001;CC1002;272968.89;Lancamento Contabil - 3.02.001 - Ref 03/2026
DOC-105454;2026-03-05;202603;3.02.001;CC1002;138030.85;Lancamento Contabil - 3.02.001 - Ref 03/2026
DOC-105455;2026-03-17;202603;3.02.001;CC1002;56134.75;Lancamento Contabil - 3.02.001 - Ref 03/2026
DOC-105456;2026-03-19;202603;3.02.001;CC1002;219162.65;Lancamento Contabil - 3.02.001 - Ref 03/2026
DOC-105457;2026-03-21;202603;3.02.001;CC1002;554668.55;Lancamento Contabil - 3.02.001 - Ref 03/2026
DOC-105458;2026-03-31;202603;3.02.001;CC1002;341181.43;Lancamento Contabil - 3.02.001 - Ref 03/2026
DOC-105459;2026-03-06;202603;3.02.001;CC1003;118391.08;Lancamento Contabil - 3.02.001 - Ref 03/2026
DOC-105460;2026-03-09;202603;3.02.001;CC1003;785779.81;Lancamento Contabil - 3.02.001 - Ref 03/2026
DOC-105461;2026-03-17;202603;3.02.001;CC1003;697306.71;Lancamento Contabil - 3.02.001 - Ref 03/2026
DOC-105462;2026-03-30;202603;3.02.001;CC1003;67328.68;Lancamento Contabil - 3.02.001 - Ref 03/2026
DOC-105463;2026-03-01;202603;3.03.001;CC1002;66909.65;Lancamento Contabil - 3.03.001 - Ref 03/2026
DOC-105464;2026-03-03;202603;3.03.001;CC1002;2501.88;Lancamento Contabil - 3.03.001 - Ref 03/2026
DOC-105465;2026-03-07;202603;3.03.001;CC1002;25096.32;Lancamento Contabil - 3.03.001 - Ref 03/2026
DOC-105466;2026-03-10;202603;3.03.001;CC1002;54534.8;Lancamento Contabil - 3.03.001 - Ref 03/2026
DOC-105467;2026-03-19;202603;3.03.001;CC1002;87739.49;Lancamento Contabil - 3.03.001 - Ref 03/2026
DOC-105468;2026-03-20;202603;3.03.001;CC1002;72192.38;Lancamento Contabil - 3.03.001 - Ref 03/2026
DOC-105469;2026-03-21;202603;3.03.001;CC1002;120262.17;Lancamento Contabil - 3.03.001 - Ref 03/2026
DOC-105470;2026-03-22;202603;3.03.001;CC1002;29078.86;Lancamento Contabil - 3.03.001 - Ref 03/2026
DOC-105471;2026-03-24;202603;3.03.001;CC1002;73747.08;Lancamento Contabil - 3.03.001 - Ref 03/2026
DOC-105472;2026-03-27;202603;3.03.001;CC1002;8175.82;Lancamento Contabil - 3.03.001 - Ref 03/2026
DOC-105473;2026-03-05;202603;3.03.001;CC1003;19962.83;Lancamento Contabil - 3.03.001 - Ref 03/2026
DOC-105474;2026-03-06;202603;3.03.001;CC1003;51861.83;Lancamento Contabil - 3.03.001 - Ref 03/2026
DOC-105475;2026-03-08;202603;3.03.001;CC1003;44206.58;Lancamento Contabil - 3.03.001 - Ref 03/2026
DOC-105476;2026-03-14;202603;3.03.001;CC1003;174685.44;Lancamento Contabil - 3.03.001 - Ref 03/2026
DOC-105477;2026-03-16;202603;3.03.001;CC1003;12174.4;Lancamento Contabil - 3.03.001 - Ref 03/2026
DOC-105478;2026-03-19;202603;3.03.001;CC1003;25783.71;Lancamento Contabil - 3.03.001 - Ref 03/2026
DOC-105479;2026-03-20;202603;3.03.001;CC1003;14948.88;Lancamento Contabil - 3.03.001 - Ref 03/2026
DOC-105480;2026-03-27;202603;3.03.001;CC1003;21721.47;Lancamento Contabil - 3.03.001 - Ref 03/2026
DOC-105481;2026-03-28;202603;3.03.001;CC1003;72713.09;Lancamento Contabil - 3.03.001 - Ref 03/2026
DOC-105482;2026-03-30;202603;3.03.001;CC1003;43102.02;Lancamento Contabil - 3.03.001 - Ref 03/2026
DOC-105483;2026-03-31;202603;3.03.001;CC1003;80051.65;Lancamento Contabil - 3.03.001 - Ref 03/2026
DOC-105484;2026-03-03;202603;3.03.001;CC1005;3258.87;Lancamento Contabil - 3.03.001 - Ref 03/2026
DOC-105485;2026-03-06;202603;3.03.001;CC1005;116061.34;Lancamento Contabil - 3.03.001 - Ref 03/2026
DOC-105486;2026-03-08;202603;3.03.001;CC1005;21105.98;Lancamento Contabil - 3.03.001 - Ref 03/2026
DOC-105487;2026-03-09;202603;3.03.001;CC1005;19976.29;Lancamento Contabil - 3.03.001 - Ref 03/2026
DOC-105488;2026-03-11;202603;3.03.001;CC1005;37951.01;Lancamento Contabil - 3.03.001 - Ref 03/2026
DOC-105489;2026-03-13;202603;3.03.001;CC1005;149397.53;Lancamento Contabil - 3.03.001 - Ref 03/2026
DOC-105490;2026-03-15;202603;3.03.001;CC1005;2589.25;Lancamento Contabil - 3.03.001 - Ref 03/2026
DOC-105491;2026-03-19;202603;3.03.001;CC1005;22963.54;Lancamento Contabil - 3.03.001 - Ref 03/2026
DOC-105492;2026-03-20;202603;3.03.001;CC1005;102697.47;Lancamento Contabil - 3.03.001 - Ref 03/2026
DOC-105493;2026-03-21;202603;3.03.001;CC1005;26668.11;Lancamento Contabil - 3.03.001 - Ref 03/2026
DOC-105494;2026-03-22;202603;3.03.001;CC1005;11745.12;Lancamento Contabil - 3.03.001 - Ref 03/2026
DOC-105495;2026-03-24;202603;3.03.001;CC1005;29246.54;Lancamento Contabil - 3.03.001 - Ref 03/2026
DOC-105496;2026-03-01;202603;3.04.001;CC1004;51522.21;Lancamento Contabil - 3.04.001 - Ref 03/2026
DOC-105497;2026-03-04;202603;3.04.001;CC1004;261298.16;Lancamento Contabil - 3.04.001 - Ref 03/2026
DOC-105498;2026-03-07;202603;3.04.001;CC1004;151828.16;Lancamento Contabil - 3.04.001 - Ref 03/2026
DOC-105499;2026-03-17;202603;3.04.001;CC1004;74414.69;Lancamento Contabil - 3.04.001 - Ref 03/2026
DOC-105500;2026-03-22;202603;3.04.001;CC1004;471203.46;Lancamento Contabil - 3.04.001 - Ref 03/2026
DOC-105501;2026-03-28;202603;3.04.001;CC1004;66224.19;Lancamento Contabil - 3.04.001 - Ref 03/2026
DOC-105502;2026-03-02;202603;3.05.001;CC1005;148785.49;Lancamento Contabil - 3.05.001 - Ref 03/2026
DOC-105503;2026-03-04;202603;3.05.001;CC1005;73483.17;Lancamento Contabil - 3.05.001 - Ref 03/2026
DOC-105504;2026-03-05;202603;3.05.001;CC1005;15764.18;Lancamento Contabil - 3.05.001 - Ref 03/2026
DOC-105505;2026-03-06;202603;3.05.001;CC1005;45095.26;Lancamento Contabil - 3.05.001 - Ref 03/2026
DOC-105506;2026-03-16;202603;3.05.001;CC1005;64504.42;Lancamento Contabil - 3.05.001 - Ref 03/2026
DOC-105507;2026-03-18;202603;3.05.001;CC1005;143071.29;Lancamento Contabil - 3.05.001 - Ref 03/2026
DOC-105508;2026-03-20;202603;3.05.001;CC1005;107695.48;Lancamento Contabil - 3.05.001 - Ref 03/2026
DOC-105509;2026-03-25;202603;3.05.001;CC1005;36538.13;Lancamento Contabil - 3.05.001 - Ref 03/2026
DOC-105510;2026-03-27;202603;3.05.001;CC1005;75201.24;Lancamento Contabil - 3.05.001 - Ref 03/2026
DOC-105511;2026-03-29;202603;3.05.001;CC1005;41678.89;Lancamento Contabil - 3.05.001 - Ref 03/2026
DOC-105512;2026-03-17;202603;3.06.001;CC1002;598050.98;Lancamento Contabil - 3.06.001 - Ref 03/2026
DOC-105513;2026-03-25;202603;3.06.001;CC1003;544099.15;Lancamento Contabil - 3.06.001 - Ref 03/2026
DOC-105514;2026-03-03;202603;4.01.001;CC2001;490792.83;Lancamento Contabil - 4.01.001 - Ref 03/2026
DOC-105515;2026-03-05;202603;4.01.001;CC2001;12632.06;Lancamento Contabil - 4.01.001 - Ref 03/2026
DOC-105516;2026-03-16;202603;4.01.001;CC2001;345980.64;Lancamento Contabil - 4.01.001 - Ref 03/2026
DOC-105517;2026-03-22;202603;4.01.001;CC2001;296343.48;Lancamento Contabil - 4.01.001 - Ref 03/2026
DOC-105518;2026-03-29;202603;4.01.001;CC2001;1326396.36;Lancamento Contabil - 4.01.001 - Ref 03/2026
DOC-105519;2026-03-01;202603;4.02.001;CC3001;16693.29;Lancamento Contabil - 4.02.001 - Ref 03/2026
DOC-105520;2026-03-02;202603;4.02.001;CC3001;38274.81;Lancamento Contabil - 4.02.001 - Ref 03/2026
DOC-105521;2026-03-12;202603;4.02.001;CC3001;119854.83;Lancamento Contabil - 4.02.001 - Ref 03/2026
DOC-105522;2026-03-14;202603;4.02.001;CC3001;11708.92;Lancamento Contabil - 4.02.001 - Ref 03/2026
DOC-105523;2026-03-17;202603;4.02.001;CC3001;8033.88;Lancamento Contabil - 4.02.001 - Ref 03/2026
DOC-105524;2026-03-21;202603;4.02.001;CC3001;49344.05;Lancamento Contabil - 4.02.001 - Ref 03/2026
DOC-105525;2026-03-22;202603;4.02.001;CC3001;4416.55;Lancamento Contabil - 4.02.001 - Ref 03/2026
DOC-105526;2026-03-24;202603;4.02.001;CC3001;19884.37;Lancamento Contabil - 4.02.001 - Ref 03/2026
DOC-105527;2026-03-25;202603;4.02.001;CC3001;10828.22;Lancamento Contabil - 4.02.001 - Ref 03/2026
DOC-105528;2026-03-27;202603;4.02.001;CC3001;872.88;Lancamento Contabil - 4.02.001 - Ref 03/2026
DOC-105529;2026-03-28;202603;4.02.001;CC3001;8876.97;Lancamento Contabil - 4.02.001 - Ref 03/2026
DOC-105530;2026-03-29;202603;4.02.001;CC3001;6412.84;Lancamento Contabil - 4.02.001 - Ref 03/2026
DOC-105531;2026-03-08;202603;4.02.001;CC3003;29117.03;Lancamento Contabil - 4.02.001 - Ref 03/2026
DOC-105532;2026-03-12;202603;4.02.001;CC3003;74682.33;Lancamento Contabil - 4.02.001 - Ref 03/2026
DOC-105533;2026-03-13;202603;4.02.001;CC3003;7841.57;Lancamento Contabil - 4.02.001 - Ref 03/2026
DOC-105534;2026-03-16;202603;4.02.001;CC3003;41928.95;Lancamento Contabil - 4.02.001 - Ref 03/2026
DOC-105535;2026-03-19;202603;4.02.001;CC3003;1431.19;Lancamento Contabil - 4.02.001 - Ref 03/2026
DOC-105536;2026-03-23;202603;4.02.001;CC3003;19411.79;Lancamento Contabil - 4.02.001 - Ref 03/2026
DOC-105537;2026-03-24;202603;4.02.001;CC3003;1838.58;Lancamento Contabil - 4.02.001 - Ref 03/2026
DOC-105538;2026-03-25;202603;4.02.001;CC3003;68318.65;Lancamento Contabil - 4.02.001 - Ref 03/2026
DOC-105539;2026-03-26;202603;4.02.001;CC3003;36537.54;Lancamento Contabil - 4.02.001 - Ref 03/2026
DOC-105540;2026-03-30;202603;4.02.001;CC3003;26959.5;Lancamento Contabil - 4.02.001 - Ref 03/2026
DOC-105541;2026-03-05;202603;4.03.001;CC3002;107989.04;Lancamento Contabil - 4.03.001 - Ref 03/2026
DOC-105542;2026-03-09;202603;4.03.001;CC3002;38929.09;Lancamento Contabil - 4.03.001 - Ref 03/2026
DOC-105543;2026-03-14;202603;4.03.001;CC3002;80423.95;Lancamento Contabil - 4.03.001 - Ref 03/2026
DOC-105544;2026-03-16;202603;4.03.001;CC3002;22643.38;Lancamento Contabil - 4.03.001 - Ref 03/2026
DOC-105545;2026-03-25;202603;4.03.001;CC3002;3872.42;Lancamento Contabil - 4.03.001 - Ref 03/2026
DOC-105546;2026-03-03;202603;4.04.001;CC1001;22112.03;Lancamento Contabil - 4.04.001 - Ref 03/2026
DOC-105547;2026-03-10;202603;4.04.001;CC1001;3993.9;Lancamento Contabil - 4.04.001 - Ref 03/2026
DOC-105548;2026-03-14;202603;4.04.001;CC1001;26425.96;Lancamento Contabil - 4.04.001 - Ref 03/2026
DOC-105549;2026-03-18;202603;4.04.001;CC1001;19391.41;Lancamento Contabil - 4.04.001 - Ref 03/2026
DOC-105550;2026-03-20;202603;4.04.001;CC1001;28683.4;Lancamento Contabil - 4.04.001 - Ref 03/2026
DOC-105551;2026-03-28;202603;4.04.001;CC1001;297.25;Lancamento Contabil - 4.04.001 - Ref 03/2026
DOC-105552;2026-03-30;202603;4.04.001;CC1001;6379.54;Lancamento Contabil - 4.04.001 - Ref 03/2026
DOC-105553;2026-03-01;202603;4.04.001;CC3001;6562.67;Lancamento Contabil - 4.04.001 - Ref 03/2026
DOC-105554;2026-03-07;202603;4.04.001;CC3001;7490.63;Lancamento Contabil - 4.04.001 - Ref 03/2026
DOC-105555;2026-03-17;202603;4.04.001;CC3001;17010.42;Lancamento Contabil - 4.04.001 - Ref 03/2026
DOC-105556;2026-03-19;202603;4.04.001;CC3001;12556.65;Lancamento Contabil - 4.04.001 - Ref 03/2026
DOC-105557;2026-03-23;202603;4.04.001;CC3001;4816.71;Lancamento Contabil - 4.04.001 - Ref 03/2026
DOC-105558;2026-03-24;202603;4.04.001;CC3001;7174.94;Lancamento Contabil - 4.04.001 - Ref 03/2026
DOC-105559;2026-03-26;202603;4.04.001;CC3001;3329.89;Lancamento Contabil - 4.04.001 - Ref 03/2026
DOC-105560;2026-03-30;202603;4.04.001;CC3001;45869.62;Lancamento Contabil - 4.04.001 - Ref 03/2026
DOC-105561;2026-03-01;202603;4.05.001;CC4001;12435.29;Lancamento Contabil - 4.05.001 - Ref 03/2026
DOC-105562;2026-03-07;202603;4.05.001;CC4001;41301.46;Lancamento Contabil - 4.05.001 - Ref 03/2026
DOC-105563;2026-03-13;202603;4.05.001;CC4001;2325.42;Lancamento Contabil - 4.05.001 - Ref 03/2026
DOC-105564;2026-03-17;202603;4.05.001;CC4001;22273.43;Lancamento Contabil - 4.05.001 - Ref 03/2026
DOC-105565;2026-03-21;202603;4.05.001;CC4001;134688.73;Lancamento Contabil - 4.05.001 - Ref 03/2026
DOC-105566;2026-03-04;202603;4.06.001;CC3001;560.8;Lancamento Contabil - 4.06.001 - Ref 03/2026
DOC-105567;2026-03-05;202603;4.06.001;CC3001;10435.9;Lancamento Contabil - 4.06.001 - Ref 03/2026
DOC-105568;2026-03-09;202603;4.06.001;CC3001;9345.59;Lancamento Contabil - 4.06.001 - Ref 03/2026
DOC-105569;2026-03-12;202603;4.06.001;CC3001;15617.57;Lancamento Contabil - 4.06.001 - Ref 03/2026
DOC-105570;2026-03-14;202603;4.06.001;CC3001;12204.68;Lancamento Contabil - 4.06.001 - Ref 03/2026
DOC-105571;2026-03-19;202603;4.06.001;CC3001;7277.2;Lancamento Contabil - 4.06.001 - Ref 03/2026
DOC-105572;2026-03-21;202603;4.06.001;CC3001;340.32;Lancamento Contabil - 4.06.001 - Ref 03/2026
DOC-105573;2026-03-24;202603;4.06.001;CC3001;9668.85;Lancamento Contabil - 4.06.001 - Ref 03/2026
DOC-105574;2026-03-31;202603;4.06.001;CC3001;11824.46;Lancamento Contabil - 4.06.001 - Ref 03/2026
DOC-105575;2026-03-07;202603;4.06.001;CC1005;10316.07;Lancamento Contabil - 4.06.001 - Ref 03/2026
DOC-105576;2026-03-09;202603;4.06.001;CC1005;4565.51;Lancamento Contabil - 4.06.001 - Ref 03/2026
DOC-105577;2026-03-12;202603;4.06.001;CC1005;1704.33;Lancamento Contabil - 4.06.001 - Ref 03/2026
DOC-105578;2026-03-13;202603;4.06.001;CC1005;11997.66;Lancamento Contabil - 4.06.001 - Ref 03/2026
DOC-105579;2026-03-14;202603;4.06.001;CC1005;8349.23;Lancamento Contabil - 4.06.001 - Ref 03/2026
DOC-105580;2026-03-16;202603;4.06.001;CC1005;25396.0;Lancamento Contabil - 4.06.001 - Ref 03/2026
DOC-105581;2026-03-18;202603;4.06.001;CC1005;1087.87;Lancamento Contabil - 4.06.001 - Ref 03/2026
DOC-105582;2026-03-19;202603;4.06.001;CC1005;1643.97;Lancamento Contabil - 4.06.001 - Ref 03/2026
DOC-105583;2026-03-20;202603;4.06.001;CC1005;1529.88;Lancamento Contabil - 4.06.001 - Ref 03/2026
DOC-105584;2026-03-22;202603;4.06.001;CC1005;10110.1;Lancamento Contabil - 4.06.001 - Ref 03/2026
DOC-105585;2026-03-26;202603;4.06.001;CC1005;1330.02;Lancamento Contabil - 4.06.001 - Ref 03/2026
DOC-105586;2026-03-31;202603;4.06.001;CC1005;443.44;Lancamento Contabil - 4.06.001 - Ref 03/2026
DOC-105587;2026-03-09;202603;5.01.001;CC3001;118356.98;Lancamento Contabil - 5.01.001 - Ref 03/2026
DOC-105588;2026-03-10;202603;5.01.001;CC3001;51950.38;Lancamento Contabil - 5.01.001 - Ref 03/2026
DOC-105589;2026-03-12;202603;5.01.001;CC3001;148949.49;Lancamento Contabil - 5.01.001 - Ref 03/2026
DOC-105590;2026-03-16;202603;5.01.001;CC3001;167400.58;Lancamento Contabil - 5.01.001 - Ref 03/2026
DOC-105591;2026-03-18;202603;5.01.001;CC3001;587.04;Lancamento Contabil - 5.01.001 - Ref 03/2026
DOC-105592;2026-03-30;202603;5.01.001;CC3001;5036.03;Lancamento Contabil - 5.01.001 - Ref 03/2026
DOC-105593;2026-03-04;202603;5.02.001;CC3001;12181.06;Lancamento Contabil - 5.02.001 - Ref 03/2026
DOC-105594;2026-03-05;202603;5.02.001;CC3001;46777.56;Lancamento Contabil - 5.02.001 - Ref 03/2026
DOC-105595;2026-03-08;202603;5.02.001;CC3001;92646.66;Lancamento Contabil - 5.02.001 - Ref 03/2026
DOC-105596;2026-03-13;202603;5.02.001;CC3001;26042.75;Lancamento Contabil - 5.02.001 - Ref 03/2026
DOC-105597;2026-03-22;202603;5.02.001;CC3001;39476.67;Lancamento Contabil - 5.02.001 - Ref 03/2026
DOC-105598;2026-03-23;202603;5.02.001;CC3001;8829.34;Lancamento Contabil - 5.02.001 - Ref 03/2026
DOC-105599;2026-03-24;202603;5.02.001;CC3001;69096.87;Lancamento Contabil - 5.02.001 - Ref 03/2026
DOC-105600;2026-03-25;202603;5.02.001;CC3001;144621.97;Lancamento Contabil - 5.02.001 - Ref 03/2026
DOC-105601;2026-03-28;202603;5.02.001;CC3001;13222.33;Lancamento Contabil - 5.02.001 - Ref 03/2026
DOC-105602;2026-03-02;202603;5.03.001;CC3001;12914.22;Lancamento Contabil - 5.03.001 - Ref 03/2026
DOC-105603;2026-03-04;202603;5.03.001;CC3001;11017.49;Lancamento Contabil - 5.03.001 - Ref 03/2026
DOC-105604;2026-03-06;202603;5.03.001;CC3001;2459.71;Lancamento Contabil - 5.03.001 - Ref 03/2026
DOC-105605;2026-03-07;202603;5.03.001;CC3001;9200.8;Lancamento Contabil - 5.03.001 - Ref 03/2026
DOC-105606;2026-03-11;202603;5.03.001;CC3001;6411.58;Lancamento Contabil - 5.03.001 - Ref 03/2026
DOC-105607;2026-03-13;202603;5.03.001;CC3001;11633.4;Lancamento Contabil - 5.03.001 - Ref 03/2026
DOC-105608;2026-03-17;202603;5.03.001;CC3001;13892.37;Lancamento Contabil - 5.03.001 - Ref 03/2026
DOC-105609;2026-03-18;202603;5.03.001;CC3001;134.53;Lancamento Contabil - 5.03.001 - Ref 03/2026
DOC-105610;2026-03-20;202603;5.03.001;CC3001;22568.83;Lancamento Contabil - 5.03.001 - Ref 03/2026
DOC-105611;2026-03-23;202603;5.03.001;CC3001;19683.41;Lancamento Contabil - 5.03.001 - Ref 03/2026
DOC-105612;2026-03-26;202603;5.03.001;CC3001;7192.65;Lancamento Contabil - 5.03.001 - Ref 03/2026
DOC-105613;2026-03-01;202603;6.01.001;CC3001;14028.01;Lancamento Contabil - 6.01.001 - Ref 03/2026
DOC-105614;2026-03-03;202603;6.01.001;CC3001;362695.8;Lancamento Contabil - 6.01.001 - Ref 03/2026
DOC-105615;2026-03-05;202603;6.01.001;CC3001;800846.57;Lancamento Contabil - 6.01.001 - Ref 03/2026
DOC-105616;2026-03-13;202603;6.01.001;CC3001;70834.81;Lancamento Contabil - 6.01.001 - Ref 03/2026
DOC-105617;2026-03-21;202603;6.01.001;CC3001;100811.27;Lancamento Contabil - 6.01.001 - Ref 03/2026
DOC-105618;2026-03-26;202603;6.01.001;CC3001;52387.0;Lancamento Contabil - 6.01.001 - Ref 03/2026
DOC-105619;2026-04-02;202604;1.01.001;CC4001;1506935.91;Lancamento Contabil - 1.01.001 - Ref 04/2026
DOC-105620;2026-04-03;202604;1.01.001;CC4001;4086177.78;Lancamento Contabil - 1.01.001 - Ref 04/2026
DOC-105621;2026-04-08;202604;1.01.001;CC4001;2810356.68;Lancamento Contabil - 1.01.001 - Ref 04/2026
DOC-105622;2026-04-09;202604;1.01.001;CC4001;1671730.04;Lancamento Contabil - 1.01.001 - Ref 04/2026
DOC-105623;2026-04-12;202604;1.01.001;CC4001;1865568.58;Lancamento Contabil - 1.01.001 - Ref 04/2026
DOC-105624;2026-04-14;202604;1.01.001;CC4001;2825911.27;Lancamento Contabil - 1.01.001 - Ref 04/2026
DOC-105625;2026-04-20;202604;1.01.001;CC4001;20128.6;Lancamento Contabil - 1.01.001 - Ref 04/2026
DOC-105626;2026-04-26;202604;1.01.001;CC4001;279799.59;Lancamento Contabil - 1.01.001 - Ref 04/2026
DOC-105627;2026-04-27;202604;1.01.001;CC4001;7291760.38;Lancamento Contabil - 1.01.001 - Ref 04/2026
DOC-105628;2026-04-29;202604;1.01.001;CC4001;277457.54;Lancamento Contabil - 1.01.001 - Ref 04/2026
DOC-105629;2026-04-30;202604;1.01.001;CC4001;4198583.09;Lancamento Contabil - 1.01.001 - Ref 04/2026
DOC-105630;2026-04-02;202604;1.01.002;CC4001;679369.14;Lancamento Contabil - 1.01.002 - Ref 04/2026
DOC-105631;2026-04-06;202604;1.01.002;CC4001;84886.69;Lancamento Contabil - 1.01.002 - Ref 04/2026
DOC-105632;2026-04-10;202604;1.01.002;CC4001;124464.44;Lancamento Contabil - 1.01.002 - Ref 04/2026
DOC-105633;2026-04-13;202604;1.01.002;CC4001;226294.01;Lancamento Contabil - 1.01.002 - Ref 04/2026
DOC-105634;2026-04-17;202604;1.01.002;CC4001;574057.08;Lancamento Contabil - 1.01.002 - Ref 04/2026
DOC-105635;2026-04-20;202604;1.01.002;CC4001;765286.46;Lancamento Contabil - 1.01.002 - Ref 04/2026
DOC-105636;2026-04-21;202604;1.01.002;CC4001;361815.34;Lancamento Contabil - 1.01.002 - Ref 04/2026
DOC-105637;2026-04-23;202604;1.01.002;CC4001;24365.75;Lancamento Contabil - 1.01.002 - Ref 04/2026
DOC-105638;2026-04-28;202604;1.01.002;CC4001;297462.72;Lancamento Contabil - 1.01.002 - Ref 04/2026
DOC-105639;2026-04-30;202604;1.01.002;CC4001;142034.04;Lancamento Contabil - 1.01.002 - Ref 04/2026
DOC-105640;2026-04-01;202604;1.02.001;CC1004;17874.12;Lancamento Contabil - 1.02.001 - Ref 04/2026
DOC-105641;2026-04-02;202604;1.02.001;CC1004;131766.99;Lancamento Contabil - 1.02.001 - Ref 04/2026
DOC-105642;2026-04-07;202604;1.02.001;CC1004;51005.84;Lancamento Contabil - 1.02.001 - Ref 04/2026
DOC-105643;2026-04-10;202604;1.02.001;CC1004;30267.65;Lancamento Contabil - 1.02.001 - Ref 04/2026
DOC-105644;2026-04-15;202604;1.02.001;CC1004;40846.03;Lancamento Contabil - 1.02.001 - Ref 04/2026
DOC-105645;2026-04-17;202604;1.02.001;CC1004;162434.21;Lancamento Contabil - 1.02.001 - Ref 04/2026
DOC-105646;2026-04-20;202604;1.02.001;CC1004;116525.95;Lancamento Contabil - 1.02.001 - Ref 04/2026
DOC-105647;2026-04-22;202604;1.02.001;CC1004;26797.51;Lancamento Contabil - 1.02.001 - Ref 04/2026
DOC-105648;2026-04-25;202604;1.02.001;CC1004;10537.22;Lancamento Contabil - 1.02.001 - Ref 04/2026
DOC-105649;2026-04-26;202604;1.02.001;CC1004;24476.12;Lancamento Contabil - 1.02.001 - Ref 04/2026
DOC-105650;2026-04-28;202604;1.02.001;CC1004;213716.52;Lancamento Contabil - 1.02.001 - Ref 04/2026
DOC-105651;2026-04-01;202604;2.01.001;CC3001;235832.99;Lancamento Contabil - 2.01.001 - Ref 04/2026
DOC-105652;2026-04-02;202604;2.01.001;CC3001;206374.3;Lancamento Contabil - 2.01.001 - Ref 04/2026
DOC-105653;2026-04-03;202604;2.01.001;CC3001;245583.76;Lancamento Contabil - 2.01.001 - Ref 04/2026
DOC-105654;2026-04-06;202604;2.01.001;CC3001;123358.48;Lancamento Contabil - 2.01.001 - Ref 04/2026
DOC-105655;2026-04-08;202604;2.01.001;CC3001;445421.29;Lancamento Contabil - 2.01.001 - Ref 04/2026
DOC-105656;2026-04-12;202604;2.01.001;CC3001;200523.54;Lancamento Contabil - 2.01.001 - Ref 04/2026
DOC-105657;2026-04-20;202604;2.01.001;CC3001;33602.33;Lancamento Contabil - 2.01.001 - Ref 04/2026
DOC-105658;2026-04-21;202604;2.01.001;CC3001;37403.48;Lancamento Contabil - 2.01.001 - Ref 04/2026
DOC-105659;2026-04-22;202604;2.01.001;CC3001;208341.86;Lancamento Contabil - 2.01.001 - Ref 04/2026
DOC-105660;2026-04-23;202604;2.01.001;CC3001;746461.96;Lancamento Contabil - 2.01.001 - Ref 04/2026
DOC-105661;2026-04-27;202604;2.01.001;CC3001;99790.47;Lancamento Contabil - 2.01.001 - Ref 04/2026
DOC-105662;2026-04-29;202604;2.01.001;CC3001;551274.66;Lancamento Contabil - 2.01.001 - Ref 04/2026
DOC-105663;2026-04-07;202604;2.02.001;CC4001;1400.97;Lancamento Contabil - 2.02.001 - Ref 04/2026
DOC-105664;2026-04-12;202604;2.02.001;CC4001;4065.26;Lancamento Contabil - 2.02.001 - Ref 04/2026
DOC-105665;2026-04-13;202604;2.02.001;CC4001;49342.78;Lancamento Contabil - 2.02.001 - Ref 04/2026
DOC-105666;2026-04-19;202604;2.02.001;CC4001;8429.52;Lancamento Contabil - 2.02.001 - Ref 04/2026
DOC-105667;2026-04-22;202604;2.02.001;CC4001;17562.71;Lancamento Contabil - 2.02.001 - Ref 04/2026
DOC-105668;2026-04-25;202604;2.02.001;CC4001;26361.82;Lancamento Contabil - 2.02.001 - Ref 04/2026
DOC-105669;2026-04-26;202604;2.02.001;CC4001;48923.34;Lancamento Contabil - 2.02.001 - Ref 04/2026
DOC-105670;2026-04-29;202604;2.02.001;CC4001;4548.02;Lancamento Contabil - 2.02.001 - Ref 04/2026
DOC-105671;2026-04-01;202604;3.01.001;CC1001;1527074.09;Lancamento Contabil - 3.01.001 - Ref 04/2026
DOC-105672;2026-04-03;202604;3.01.001;CC1001;1943582.82;Lancamento Contabil - 3.01.001 - Ref 04/2026
DOC-105673;2026-04-09;202604;3.01.001;CC1001;2279158.32;Lancamento Contabil - 3.01.001 - Ref 04/2026
DOC-105674;2026-04-10;202604;3.01.001;CC1001;4994850.05;Lancamento Contabil - 3.01.001 - Ref 04/2026
DOC-105675;2026-04-12;202604;3.01.001;CC1001;551550.69;Lancamento Contabil - 3.01.001 - Ref 04/2026
DOC-105676;2026-04-18;202604;3.01.001;CC1001;4829842.81;Lancamento Contabil - 3.01.001 - Ref 04/2026
DOC-105677;2026-04-19;202604;3.01.001;CC1001;3456860.81;Lancamento Contabil - 3.01.001 - Ref 04/2026
DOC-105678;2026-04-21;202604;3.01.001;CC1001;2376703.28;Lancamento Contabil - 3.01.001 - Ref 04/2026
DOC-105679;2026-04-23;202604;3.01.001;CC1001;3520956.82;Lancamento Contabil - 3.01.001 - Ref 04/2026
DOC-105680;2026-04-24;202604;3.01.001;CC1001;1555084.51;Lancamento Contabil - 3.01.001 - Ref 04/2026
DOC-105681;2026-04-25;202604;3.01.001;CC1001;436199.57;Lancamento Contabil - 3.01.001 - Ref 04/2026
DOC-105682;2026-04-27;202604;3.01.001;CC1001;3209129.03;Lancamento Contabil - 3.01.001 - Ref 04/2026
DOC-105683;2026-04-01;202604;3.02.001;CC1002;140886.81;Lancamento Contabil - 3.02.001 - Ref 04/2026
DOC-105684;2026-04-07;202604;3.02.001;CC1002;810753.88;Lancamento Contabil - 3.02.001 - Ref 04/2026
DOC-105685;2026-04-09;202604;3.02.001;CC1002;302344.69;Lancamento Contabil - 3.02.001 - Ref 04/2026
DOC-105686;2026-04-13;202604;3.02.001;CC1002;30490.91;Lancamento Contabil - 3.02.001 - Ref 04/2026
DOC-105687;2026-04-15;202604;3.02.001;CC1002;204071.81;Lancamento Contabil - 3.02.001 - Ref 04/2026
DOC-105688;2026-04-19;202604;3.02.001;CC1002;482290.17;Lancamento Contabil - 3.02.001 - Ref 04/2026
DOC-105689;2026-04-20;202604;3.02.001;CC1002;539836.93;Lancamento Contabil - 3.02.001 - Ref 04/2026
DOC-105690;2026-04-03;202604;3.02.001;CC1003;186219.01;Lancamento Contabil - 3.02.001 - Ref 04/2026
DOC-105691;2026-04-04;202604;3.02.001;CC1003;614379.78;Lancamento Contabil - 3.02.001 - Ref 04/2026
DOC-105692;2026-04-14;202604;3.02.001;CC1003;85010.79;Lancamento Contabil - 3.02.001 - Ref 04/2026
DOC-105693;2026-04-17;202604;3.02.001;CC1003;144262.03;Lancamento Contabil - 3.02.001 - Ref 04/2026
DOC-105694;2026-04-18;202604;3.02.001;CC1003;624547.06;Lancamento Contabil - 3.02.001 - Ref 04/2026
DOC-105695;2026-04-29;202604;3.02.001;CC1003;618320.87;Lancamento Contabil - 3.02.001 - Ref 04/2026
DOC-105696;2026-04-04;202604;3.03.001;CC1002;14948.27;Lancamento Contabil - 3.03.001 - Ref 04/2026
DOC-105697;2026-04-09;202604;3.03.001;CC1002;321987.24;Lancamento Contabil - 3.03.001 - Ref 04/2026
DOC-105698;2026-04-11;202604;3.03.001;CC1002;62160.09;Lancamento Contabil - 3.03.001 - Ref 04/2026
DOC-105699;2026-04-17;202604;3.03.001;CC1002;31583.5;Lancamento Contabil - 3.03.001 - Ref 04/2026
DOC-105700;2026-04-18;202604;3.03.001;CC1002;43995.4;Lancamento Contabil - 3.03.001 - Ref 04/2026
DOC-105701;2026-04-19;202604;3.03.001;CC1002;87028.37;Lancamento Contabil - 3.03.001 - Ref 04/2026
DOC-105702;2026-04-26;202604;3.03.001;CC1002;46514.23;Lancamento Contabil - 3.03.001 - Ref 04/2026
DOC-105703;2026-04-28;202604;3.03.001;CC1002;62147.71;Lancamento Contabil - 3.03.001 - Ref 04/2026
DOC-105704;2026-04-08;202604;3.03.001;CC1003;10206.01;Lancamento Contabil - 3.03.001 - Ref 04/2026
DOC-105705;2026-04-11;202604;3.03.001;CC1003;24721.48;Lancamento Contabil - 3.03.001 - Ref 04/2026
DOC-105706;2026-04-13;202604;3.03.001;CC1003;59778.36;Lancamento Contabil - 3.03.001 - Ref 04/2026
DOC-105707;2026-04-15;202604;3.03.001;CC1003;41044.38;Lancamento Contabil - 3.03.001 - Ref 04/2026
DOC-105708;2026-04-16;202604;3.03.001;CC1003;29966.59;Lancamento Contabil - 3.03.001 - Ref 04/2026
DOC-105709;2026-04-19;202604;3.03.001;CC1003;96583.62;Lancamento Contabil - 3.03.001 - Ref 04/2026
DOC-105710;2026-04-22;202604;3.03.001;CC1003;157643.42;Lancamento Contabil - 3.03.001 - Ref 04/2026
DOC-105711;2026-04-23;202604;3.03.001;CC1003;99513.37;Lancamento Contabil - 3.03.001 - Ref 04/2026
DOC-105712;2026-04-25;202604;3.03.001;CC1003;28398.44;Lancamento Contabil - 3.03.001 - Ref 04/2026
DOC-105713;2026-04-27;202604;3.03.001;CC1003;96027.85;Lancamento Contabil - 3.03.001 - Ref 04/2026
DOC-105714;2026-04-29;202604;3.03.001;CC1003;11603.19;Lancamento Contabil - 3.03.001 - Ref 04/2026
DOC-105715;2026-04-03;202604;3.03.001;CC1005;482630.11;Lancamento Contabil - 3.03.001 - Ref 04/2026
DOC-105716;2026-04-04;202604;3.03.001;CC1005;82791.83;Lancamento Contabil - 3.03.001 - Ref 04/2026
DOC-105717;2026-04-09;202604;3.03.001;CC1005;19127.82;Lancamento Contabil - 3.03.001 - Ref 04/2026
DOC-105718;2026-04-16;202604;3.03.001;CC1005;41342.21;Lancamento Contabil - 3.03.001 - Ref 04/2026
DOC-105719;2026-04-08;202604;3.04.001;CC1004;251397.11;Lancamento Contabil - 3.04.001 - Ref 04/2026
DOC-105720;2026-04-11;202604;3.04.001;CC1004;129029.96;Lancamento Contabil - 3.04.001 - Ref 04/2026
DOC-105721;2026-04-12;202604;3.04.001;CC1004;37501.63;Lancamento Contabil - 3.04.001 - Ref 04/2026
DOC-105722;2026-04-14;202604;3.04.001;CC1004;104087.4;Lancamento Contabil - 3.04.001 - Ref 04/2026
DOC-105723;2026-04-17;202604;3.04.001;CC1004;96321.44;Lancamento Contabil - 3.04.001 - Ref 04/2026
DOC-105724;2026-04-21;202604;3.04.001;CC1004;136858.28;Lancamento Contabil - 3.04.001 - Ref 04/2026
DOC-105725;2026-04-22;202604;3.04.001;CC1004;34104.64;Lancamento Contabil - 3.04.001 - Ref 04/2026
DOC-105726;2026-04-23;202604;3.04.001;CC1004;256648.02;Lancamento Contabil - 3.04.001 - Ref 04/2026
DOC-105727;2026-04-26;202604;3.04.001;CC1004;47544.93;Lancamento Contabil - 3.04.001 - Ref 04/2026
DOC-105728;2026-04-28;202604;3.04.001;CC1004;152159.68;Lancamento Contabil - 3.04.001 - Ref 04/2026
DOC-105729;2026-04-01;202604;3.05.001;CC1005;6777.9;Lancamento Contabil - 3.05.001 - Ref 04/2026
DOC-105730;2026-04-03;202604;3.05.001;CC1005;140129.09;Lancamento Contabil - 3.05.001 - Ref 04/2026
DOC-105731;2026-04-08;202604;3.05.001;CC1005;22045.17;Lancamento Contabil - 3.05.001 - Ref 04/2026
DOC-105732;2026-04-09;202604;3.05.001;CC1005;101440.71;Lancamento Contabil - 3.05.001 - Ref 04/2026
DOC-105733;2026-04-10;202604;3.05.001;CC1005;145905.18;Lancamento Contabil - 3.05.001 - Ref 04/2026
DOC-105734;2026-04-11;202604;3.05.001;CC1005;74069.21;Lancamento Contabil - 3.05.001 - Ref 04/2026
DOC-105735;2026-04-13;202604;3.05.001;CC1005;121209.4;Lancamento Contabil - 3.05.001 - Ref 04/2026
DOC-105736;2026-04-18;202604;3.05.001;CC1005;97318.91;Lancamento Contabil - 3.05.001 - Ref 04/2026
DOC-105737;2026-04-22;202604;3.05.001;CC1005;39430.92;Lancamento Contabil - 3.05.001 - Ref 04/2026
DOC-105738;2026-04-23;202604;3.05.001;CC1005;148518.12;Lancamento Contabil - 3.05.001 - Ref 04/2026
DOC-105739;2026-04-24;202604;3.05.001;CC1005;31335.85;Lancamento Contabil - 3.05.001 - Ref 04/2026
DOC-105740;2026-04-27;202604;3.05.001;CC1005;76002.43;Lancamento Contabil - 3.05.001 - Ref 04/2026
DOC-105741;2026-04-30;202604;3.06.001;CC1002;638114.24;Lancamento Contabil - 3.06.001 - Ref 04/2026
DOC-105742;2026-04-06;202604;3.06.001;CC1003;663068.28;Lancamento Contabil - 3.06.001 - Ref 04/2026
DOC-105743;2026-04-06;202604;4.01.001;CC2001;328010.62;Lancamento Contabil - 4.01.001 - Ref 04/2026
DOC-105744;2026-04-07;202604;4.01.001;CC2001;511813.65;Lancamento Contabil - 4.01.001 - Ref 04/2026
DOC-105745;2026-04-09;202604;4.01.001;CC2001;151656.82;Lancamento Contabil - 4.01.001 - Ref 04/2026
DOC-105746;2026-04-11;202604;4.01.001;CC2001;208552.14;Lancamento Contabil - 4.01.001 - Ref 04/2026
DOC-105747;2026-04-12;202604;4.01.001;CC2001;449761.25;Lancamento Contabil - 4.01.001 - Ref 04/2026
DOC-105748;2026-04-16;202604;4.01.001;CC2001;19976.07;Lancamento Contabil - 4.01.001 - Ref 04/2026
DOC-105749;2026-04-19;202604;4.01.001;CC2001;50845.1;Lancamento Contabil - 4.01.001 - Ref 04/2026
DOC-105750;2026-04-22;202604;4.01.001;CC2001;237618.26;Lancamento Contabil - 4.01.001 - Ref 04/2026
DOC-105751;2026-04-23;202604;4.01.001;CC2001;334224.53;Lancamento Contabil - 4.01.001 - Ref 04/2026
DOC-105752;2026-04-24;202604;4.01.001;CC2001;374523.01;Lancamento Contabil - 4.01.001 - Ref 04/2026
DOC-105753;2026-04-28;202604;4.01.001;CC2001;103267.32;Lancamento Contabil - 4.01.001 - Ref 04/2026
DOC-105754;2026-04-07;202604;4.02.001;CC3001;14910.82;Lancamento Contabil - 4.02.001 - Ref 04/2026
DOC-105755;2026-04-08;202604;4.02.001;CC3001;19563.8;Lancamento Contabil - 4.02.001 - Ref 04/2026
DOC-105756;2026-04-09;202604;4.02.001;CC3001;84102.91;Lancamento Contabil - 4.02.001 - Ref 04/2026
DOC-105757;2026-04-24;202604;4.02.001;CC3001;4463.91;Lancamento Contabil - 4.02.001 - Ref 04/2026
DOC-105758;2026-04-26;202604;4.02.001;CC3001;99919.0;Lancamento Contabil - 4.02.001 - Ref 04/2026
DOC-105759;2026-04-28;202604;4.02.001;CC3001;31720.15;Lancamento Contabil - 4.02.001 - Ref 04/2026
DOC-105760;2026-04-29;202604;4.02.001;CC3001;51527.45;Lancamento Contabil - 4.02.001 - Ref 04/2026
DOC-105761;2026-04-04;202604;4.02.001;CC3003;4319.96;Lancamento Contabil - 4.02.001 - Ref 04/2026
DOC-105762;2026-04-05;202604;4.02.001;CC3003;18926.71;Lancamento Contabil - 4.02.001 - Ref 04/2026
DOC-105763;2026-04-12;202604;4.02.001;CC3003;4322.42;Lancamento Contabil - 4.02.001 - Ref 04/2026
DOC-105764;2026-04-20;202604;4.02.001;CC3003;149852.57;Lancamento Contabil - 4.02.001 - Ref 04/2026
DOC-105765;2026-04-25;202604;4.02.001;CC3003;75722.18;Lancamento Contabil - 4.02.001 - Ref 04/2026
DOC-105766;2026-04-26;202604;4.02.001;CC3003;28308.35;Lancamento Contabil - 4.02.001 - Ref 04/2026
DOC-105767;2026-04-27;202604;4.02.001;CC3003;11640.14;Lancamento Contabil - 4.02.001 - Ref 04/2026
DOC-105768;2026-04-01;202604;4.03.001;CC3002;10301.6;Lancamento Contabil - 4.03.001 - Ref 04/2026
DOC-105769;2026-04-16;202604;4.03.001;CC3002;48606.86;Lancamento Contabil - 4.03.001 - Ref 04/2026
DOC-105770;2026-04-20;202604;4.03.001;CC3002;168931.67;Lancamento Contabil - 4.03.001 - Ref 04/2026
DOC-105771;2026-04-22;202604;4.03.001;CC3002;225.23;Lancamento Contabil - 4.03.001 - Ref 04/2026
DOC-105772;2026-04-25;202604;4.03.001;CC3002;15962.04;Lancamento Contabil - 4.03.001 - Ref 04/2026
DOC-105773;2026-04-02;202604;4.04.001;CC1001;15452.39;Lancamento Contabil - 4.04.001 - Ref 04/2026
DOC-105774;2026-04-06;202604;4.04.001;CC1001;1040.03;Lancamento Contabil - 4.04.001 - Ref 04/2026
DOC-105775;2026-04-09;202604;4.04.001;CC1001;666.15;Lancamento Contabil - 4.04.001 - Ref 04/2026
DOC-105776;2026-04-11;202604;4.04.001;CC1001;4680.31;Lancamento Contabil - 4.04.001 - Ref 04/2026
DOC-105777;2026-04-12;202604;4.04.001;CC1001;10971.11;Lancamento Contabil - 4.04.001 - Ref 04/2026
DOC-105778;2026-04-16;202604;4.04.001;CC1001;3593.82;Lancamento Contabil - 4.04.001 - Ref 04/2026
DOC-105779;2026-04-17;202604;4.04.001;CC1001;28903.99;Lancamento Contabil - 4.04.001 - Ref 04/2026
DOC-105780;2026-04-19;202604;4.04.001;CC1001;6301.25;Lancamento Contabil - 4.04.001 - Ref 04/2026
DOC-105781;2026-04-20;202604;4.04.001;CC1001;426.58;Lancamento Contabil - 4.04.001 - Ref 04/2026
DOC-105782;2026-04-24;202604;4.04.001;CC1001;27370.81;Lancamento Contabil - 4.04.001 - Ref 04/2026
DOC-105783;2026-04-28;202604;4.04.001;CC1001;2904.78;Lancamento Contabil - 4.04.001 - Ref 04/2026
DOC-105784;2026-04-29;202604;4.04.001;CC1001;1878.09;Lancamento Contabil - 4.04.001 - Ref 04/2026
DOC-105785;2026-04-02;202604;4.04.001;CC3001;730.91;Lancamento Contabil - 4.04.001 - Ref 04/2026
DOC-105786;2026-04-05;202604;4.04.001;CC3001;11.55;Lancamento Contabil - 4.04.001 - Ref 04/2026
DOC-105787;2026-04-08;202604;4.04.001;CC3001;4826.18;Lancamento Contabil - 4.04.001 - Ref 04/2026
DOC-105788;2026-04-13;202604;4.04.001;CC3001;14655.78;Lancamento Contabil - 4.04.001 - Ref 04/2026
DOC-105789;2026-04-14;202604;4.04.001;CC3001;6865.42;Lancamento Contabil - 4.04.001 - Ref 04/2026
DOC-105790;2026-04-17;202604;4.04.001;CC3001;57712.93;Lancamento Contabil - 4.04.001 - Ref 04/2026
DOC-105791;2026-04-19;202604;4.04.001;CC3001;2732.52;Lancamento Contabil - 4.04.001 - Ref 04/2026
DOC-105792;2026-04-25;202604;4.04.001;CC3001;2660.4;Lancamento Contabil - 4.04.001 - Ref 04/2026
DOC-105793;2026-04-02;202604;4.05.001;CC4001;2884.27;Lancamento Contabil - 4.05.001 - Ref 04/2026
DOC-105794;2026-04-04;202604;4.05.001;CC4001;2969.57;Lancamento Contabil - 4.05.001 - Ref 04/2026
DOC-105795;2026-04-06;202604;4.05.001;CC4001;5563.44;Lancamento Contabil - 4.05.001 - Ref 04/2026
DOC-105796;2026-04-12;202604;4.05.001;CC4001;26087.12;Lancamento Contabil - 4.05.001 - Ref 04/2026
DOC-105797;2026-04-13;202604;4.05.001;CC4001;39138.64;Lancamento Contabil - 4.05.001 - Ref 04/2026
DOC-105798;2026-04-15;202604;4.05.001;CC4001;61186.27;Lancamento Contabil - 4.05.001 - Ref 04/2026
DOC-105799;2026-04-17;202604;4.05.001;CC4001;4380.42;Lancamento Contabil - 4.05.001 - Ref 04/2026
DOC-105800;2026-04-18;202604;4.05.001;CC4001;35315.03;Lancamento Contabil - 4.05.001 - Ref 04/2026
DOC-105801;2026-04-22;202604;4.05.001;CC4001;6593.21;Lancamento Contabil - 4.05.001 - Ref 04/2026
DOC-105802;2026-04-23;202604;4.05.001;CC4001;1984.05;Lancamento Contabil - 4.05.001 - Ref 04/2026
DOC-105803;2026-04-28;202604;4.05.001;CC4001;33811.66;Lancamento Contabil - 4.05.001 - Ref 04/2026
DOC-105804;2026-04-01;202604;4.06.001;CC3001;4485.85;Lancamento Contabil - 4.06.001 - Ref 04/2026
DOC-105805;2026-04-04;202604;4.06.001;CC3001;2703.82;Lancamento Contabil - 4.06.001 - Ref 04/2026
DOC-105806;2026-04-07;202604;4.06.001;CC3001;10657.82;Lancamento Contabil - 4.06.001 - Ref 04/2026
DOC-105807;2026-04-11;202604;4.06.001;CC3001;4823.15;Lancamento Contabil - 4.06.001 - Ref 04/2026
DOC-105808;2026-04-13;202604;4.06.001;CC3001;36214.62;Lancamento Contabil - 4.06.001 - Ref 04/2026
DOC-105809;2026-04-19;202604;4.06.001;CC3001;449.53;Lancamento Contabil - 4.06.001 - Ref 04/2026
DOC-105810;2026-04-22;202604;4.06.001;CC3001;3501.41;Lancamento Contabil - 4.06.001 - Ref 04/2026
DOC-105811;2026-04-23;202604;4.06.001;CC3001;5250.48;Lancamento Contabil - 4.06.001 - Ref 04/2026
DOC-105812;2026-04-29;202604;4.06.001;CC3001;5584.6;Lancamento Contabil - 4.06.001 - Ref 04/2026
DOC-105813;2026-04-06;202604;4.06.001;CC1005;2351.43;Lancamento Contabil - 4.06.001 - Ref 04/2026
DOC-105814;2026-04-08;202604;4.06.001;CC1005;8091.03;Lancamento Contabil - 4.06.001 - Ref 04/2026
DOC-105815;2026-04-09;202604;4.06.001;CC1005;12865.04;Lancamento Contabil - 4.06.001 - Ref 04/2026
DOC-105816;2026-04-16;202604;4.06.001;CC1005;17292.09;Lancamento Contabil - 4.06.001 - Ref 04/2026
DOC-105817;2026-04-18;202604;4.06.001;CC1005;10126.68;Lancamento Contabil - 4.06.001 - Ref 04/2026
DOC-105818;2026-04-20;202604;4.06.001;CC1005;11772.48;Lancamento Contabil - 4.06.001 - Ref 04/2026
DOC-105819;2026-04-25;202604;4.06.001;CC1005;4952.5;Lancamento Contabil - 4.06.001 - Ref 04/2026
DOC-105820;2026-04-28;202604;4.06.001;CC1005;10825.37;Lancamento Contabil - 4.06.001 - Ref 04/2026
DOC-105821;2026-04-29;202604;4.06.001;CC1005;2239.89;Lancamento Contabil - 4.06.001 - Ref 04/2026
DOC-105822;2026-04-06;202604;5.01.001;CC3001;48929.07;Lancamento Contabil - 5.01.001 - Ref 04/2026
DOC-105823;2026-04-07;202604;5.01.001;CC3001;26119.17;Lancamento Contabil - 5.01.001 - Ref 04/2026
DOC-105824;2026-04-12;202604;5.01.001;CC3001;253203.97;Lancamento Contabil - 5.01.001 - Ref 04/2026
DOC-105825;2026-04-14;202604;5.01.001;CC3001;29141.39;Lancamento Contabil - 5.01.001 - Ref 04/2026
DOC-105826;2026-04-16;202604;5.01.001;CC3001;8014.78;Lancamento Contabil - 5.01.001 - Ref 04/2026
DOC-105827;2026-04-23;202604;5.01.001;CC3001;58118.42;Lancamento Contabil - 5.01.001 - Ref 04/2026
DOC-105828;2026-04-24;202604;5.01.001;CC3001;4566.54;Lancamento Contabil - 5.01.001 - Ref 04/2026
DOC-105829;2026-04-27;202604;5.01.001;CC3001;9098.6;Lancamento Contabil - 5.01.001 - Ref 04/2026
DOC-105830;2026-04-30;202604;5.01.001;CC3001;19237.22;Lancamento Contabil - 5.01.001 - Ref 04/2026
DOC-105831;2026-04-04;202604;5.02.001;CC3001;35790.83;Lancamento Contabil - 5.02.001 - Ref 04/2026
DOC-105832;2026-04-05;202604;5.02.001;CC3001;32555.24;Lancamento Contabil - 5.02.001 - Ref 04/2026
DOC-105833;2026-04-06;202604;5.02.001;CC3001;92183.78;Lancamento Contabil - 5.02.001 - Ref 04/2026
DOC-105834;2026-04-08;202604;5.02.001;CC3001;77114.49;Lancamento Contabil - 5.02.001 - Ref 04/2026
DOC-105835;2026-04-09;202604;5.02.001;CC3001;31858.19;Lancamento Contabil - 5.02.001 - Ref 04/2026
DOC-105836;2026-04-15;202604;5.02.001;CC3001;23277.97;Lancamento Contabil - 5.02.001 - Ref 04/2026
DOC-105837;2026-04-19;202604;5.02.001;CC3001;21813.79;Lancamento Contabil - 5.02.001 - Ref 04/2026
DOC-105838;2026-04-22;202604;5.02.001;CC3001;85263.84;Lancamento Contabil - 5.02.001 - Ref 04/2026
DOC-105839;2026-04-27;202604;5.02.001;CC3001;3065.94;Lancamento Contabil - 5.02.001 - Ref 04/2026
DOC-105840;2026-04-30;202604;5.02.001;CC3001;739.84;Lancamento Contabil - 5.02.001 - Ref 04/2026
DOC-105841;2026-04-05;202604;5.03.001;CC3001;2234.5;Lancamento Contabil - 5.03.001 - Ref 04/2026
DOC-105842;2026-04-07;202604;5.03.001;CC3001;4278.94;Lancamento Contabil - 5.03.001 - Ref 04/2026
DOC-105843;2026-04-13;202604;5.03.001;CC3001;42940.57;Lancamento Contabil - 5.03.001 - Ref 04/2026
DOC-105844;2026-04-14;202604;5.03.001;CC3001;31262.48;Lancamento Contabil - 5.03.001 - Ref 04/2026
DOC-105845;2026-04-18;202604;5.03.001;CC3001;19706.75;Lancamento Contabil - 5.03.001 - Ref 04/2026
DOC-105846;2026-04-24;202604;5.03.001;CC3001;10484.95;Lancamento Contabil - 5.03.001 - Ref 04/2026
DOC-105847;2026-04-28;202604;5.03.001;CC3001;11702.41;Lancamento Contabil - 5.03.001 - Ref 04/2026
DOC-105848;2026-04-01;202604;6.01.001;CC3001;595979.63;Lancamento Contabil - 6.01.001 - Ref 04/2026
DOC-105849;2026-04-06;202604;6.01.001;CC3001;543765.96;Lancamento Contabil - 6.01.001 - Ref 04/2026
DOC-105850;2026-04-14;202604;6.01.001;CC3001;39060.66;Lancamento Contabil - 6.01.001 - Ref 04/2026
DOC-105851;2026-04-16;202604;6.01.001;CC3001;268536.08;Lancamento Contabil - 6.01.001 - Ref 04/2026
DOC-105852;2026-04-26;202604;6.01.001;CC3001;35401.11;Lancamento Contabil - 6.01.001 - Ref 04/2026
DOC-105853;2026-04-30;202604;6.01.001;CC3001;38705.5;Lancamento Contabil - 6.01.001 - Ref 04/2026
DOC-105854;2026-05-17;202605;1.01.001;CC4001;12393741.11;Lancamento Contabil - 1.01.001 - Ref 05/2026
DOC-105855;2026-05-18;202605;1.01.001;CC4001;430860.49;Lancamento Contabil - 1.01.001 - Ref 05/2026
DOC-105856;2026-05-21;202605;1.01.001;CC4001;3311389.42;Lancamento Contabil - 1.01.001 - Ref 05/2026
DOC-105857;2026-05-24;202605;1.01.001;CC4001;11588834.28;Lancamento Contabil - 1.01.001 - Ref 05/2026
DOC-105858;2026-05-28;202605;1.01.001;CC4001;10836287.3;Lancamento Contabil - 1.01.001 - Ref 05/2026
DOC-105859;2026-05-29;202605;1.01.001;CC4001;786772.92;Lancamento Contabil - 1.01.001 - Ref 05/2026
DOC-105860;2026-05-02;202605;1.01.002;CC4001;227396.31;Lancamento Contabil - 1.01.002 - Ref 05/2026
DOC-105861;2026-05-04;202605;1.01.002;CC4001;480608.26;Lancamento Contabil - 1.01.002 - Ref 05/2026
DOC-105862;2026-05-09;202605;1.01.002;CC4001;86451.65;Lancamento Contabil - 1.01.002 - Ref 05/2026
DOC-105863;2026-05-10;202605;1.01.002;CC4001;1714119.56;Lancamento Contabil - 1.01.002 - Ref 05/2026
DOC-105864;2026-05-13;202605;1.01.002;CC4001;1225904.11;Lancamento Contabil - 1.01.002 - Ref 05/2026
DOC-105865;2026-05-16;202605;1.01.002;CC4001;90946.95;Lancamento Contabil - 1.01.002 - Ref 05/2026
DOC-105866;2026-05-18;202605;1.01.002;CC4001;64302.16;Lancamento Contabil - 1.01.002 - Ref 05/2026
DOC-105867;2026-05-19;202605;1.01.002;CC4001;44451.21;Lancamento Contabil - 1.01.002 - Ref 05/2026
DOC-105868;2026-05-26;202605;1.01.002;CC4001;1195842.94;Lancamento Contabil - 1.01.002 - Ref 05/2026
DOC-105869;2026-05-02;202605;1.02.001;CC1004;104622.08;Lancamento Contabil - 1.02.001 - Ref 05/2026
DOC-105870;2026-05-07;202605;1.02.001;CC1004;160479.68;Lancamento Contabil - 1.02.001 - Ref 05/2026
DOC-105871;2026-05-09;202605;1.02.001;CC1004;13072.41;Lancamento Contabil - 1.02.001 - Ref 05/2026
DOC-105872;2026-05-16;202605;1.02.001;CC1004;45161.56;Lancamento Contabil - 1.02.001 - Ref 05/2026
DOC-105873;2026-05-21;202605;1.02.001;CC1004;470782.27;Lancamento Contabil - 1.02.001 - Ref 05/2026
DOC-105874;2026-05-27;202605;1.02.001;CC1004;419793.35;Lancamento Contabil - 1.02.001 - Ref 05/2026
DOC-105875;2026-05-09;202605;2.01.001;CC3001;1358565.51;Lancamento Contabil - 2.01.001 - Ref 05/2026
DOC-105876;2026-05-11;202605;2.01.001;CC3001;17510.99;Lancamento Contabil - 2.01.001 - Ref 05/2026
DOC-105877;2026-05-12;202605;2.01.001;CC3001;353957.25;Lancamento Contabil - 2.01.001 - Ref 05/2026
DOC-105878;2026-05-15;202605;2.01.001;CC3001;883731.64;Lancamento Contabil - 2.01.001 - Ref 05/2026
DOC-105879;2026-05-24;202605;2.01.001;CC3001;287661.56;Lancamento Contabil - 2.01.001 - Ref 05/2026
DOC-105880;2026-05-01;202605;2.02.001;CC4001;1516.47;Lancamento Contabil - 2.02.001 - Ref 05/2026
DOC-105881;2026-05-04;202605;2.02.001;CC4001;48710.5;Lancamento Contabil - 2.02.001 - Ref 05/2026
DOC-105882;2026-05-09;202605;2.02.001;CC4001;64309.28;Lancamento Contabil - 2.02.001 - Ref 05/2026
DOC-105883;2026-05-12;202605;2.02.001;CC4001;1644.0;Lancamento Contabil - 2.02.001 - Ref 05/2026
DOC-105884;2026-05-14;202605;2.02.001;CC4001;15445.73;Lancamento Contabil - 2.02.001 - Ref 05/2026
DOC-105885;2026-05-18;202605;2.02.001;CC4001;7346.18;Lancamento Contabil - 2.02.001 - Ref 05/2026
DOC-105886;2026-05-26;202605;2.02.001;CC4001;10139.8;Lancamento Contabil - 2.02.001 - Ref 05/2026
DOC-105887;2026-05-27;202605;2.02.001;CC4001;4024.24;Lancamento Contabil - 2.02.001 - Ref 05/2026
DOC-105888;2026-05-31;202605;2.02.001;CC4001;17536.11;Lancamento Contabil - 2.02.001 - Ref 05/2026
DOC-105889;2026-05-06;202605;3.01.001;CC1001;11653648.51;Lancamento Contabil - 3.01.001 - Ref 05/2026
DOC-105890;2026-05-18;202605;3.01.001;CC1001;2571158.35;Lancamento Contabil - 3.01.001 - Ref 05/2026
DOC-105891;2026-05-19;202605;3.01.001;CC1001;318235.56;Lancamento Contabil - 3.01.001 - Ref 05/2026
DOC-105892;2026-05-21;202605;3.01.001;CC1001;3557529.56;Lancamento Contabil - 3.01.001 - Ref 05/2026
DOC-105893;2026-05-25;202605;3.01.001;CC1001;1528968.29;Lancamento Contabil - 3.01.001 - Ref 05/2026
DOC-105894;2026-05-29;202605;3.01.001;CC1001;7123322.61;Lancamento Contabil - 3.01.001 - Ref 05/2026
DOC-105895;2026-05-31;202605;3.01.001;CC1001;2097043.11;Lancamento Contabil - 3.01.001 - Ref 05/2026
DOC-105896;2026-05-11;202605;3.02.001;CC1002;296879.86;Lancamento Contabil - 3.02.001 - Ref 05/2026
DOC-105897;2026-05-12;202605;3.02.001;CC1002;62583.59;Lancamento Contabil - 3.02.001 - Ref 05/2026
DOC-105898;2026-05-15;202605;3.02.001;CC1002;295542.12;Lancamento Contabil - 3.02.001 - Ref 05/2026
DOC-105899;2026-05-16;202605;3.02.001;CC1002;46738.29;Lancamento Contabil - 3.02.001 - Ref 05/2026
DOC-105900;2026-05-17;202605;3.02.001;CC1002;78693.73;Lancamento Contabil - 3.02.001 - Ref 05/2026
DOC-105901;2026-05-22;202605;3.02.001;CC1002;126997.96;Lancamento Contabil - 3.02.001 - Ref 05/2026
DOC-105902;2026-05-24;202605;3.02.001;CC1002;581496.1;Lancamento Contabil - 3.02.001 - Ref 05/2026
DOC-105903;2026-05-25;202605;3.02.001;CC1002;544223.81;Lancamento Contabil - 3.02.001 - Ref 05/2026
DOC-105904;2026-05-10;202605;3.02.001;CC1003;217426.38;Lancamento Contabil - 3.02.001 - Ref 05/2026
DOC-105905;2026-05-13;202605;3.02.001;CC1003;416059.8;Lancamento Contabil - 3.02.001 - Ref 05/2026
DOC-105906;2026-05-15;202605;3.02.001;CC1003;151798.11;Lancamento Contabil - 3.02.001 - Ref 05/2026
DOC-105907;2026-05-20;202605;3.02.001;CC1003;669172.59;Lancamento Contabil - 3.02.001 - Ref 05/2026
DOC-105908;2026-05-21;202605;3.02.001;CC1003;579063.38;Lancamento Contabil - 3.02.001 - Ref 05/2026
DOC-105909;2026-05-06;202605;3.03.001;CC1002;265247.66;Lancamento Contabil - 3.03.001 - Ref 05/2026
DOC-105910;2026-05-11;202605;3.03.001;CC1002;192417.45;Lancamento Contabil - 3.03.001 - Ref 05/2026
DOC-105911;2026-05-14;202605;3.03.001;CC1002;428.84;Lancamento Contabil - 3.03.001 - Ref 05/2026
DOC-105912;2026-05-21;202605;3.03.001;CC1002;45161.35;Lancamento Contabil - 3.03.001 - Ref 05/2026
DOC-105913;2026-05-26;202605;3.03.001;CC1002;64132.14;Lancamento Contabil - 3.03.001 - Ref 05/2026
DOC-105914;2026-05-28;202605;3.03.001;CC1002;30555.92;Lancamento Contabil - 3.03.001 - Ref 05/2026
DOC-105915;2026-05-03;202605;3.03.001;CC1003;17391.15;Lancamento Contabil - 3.03.001 - Ref 05/2026
DOC-105916;2026-05-06;202605;3.03.001;CC1003;3009.11;Lancamento Contabil - 3.03.001 - Ref 05/2026
DOC-105917;2026-05-08;202605;3.03.001;CC1003;80550.67;Lancamento Contabil - 3.03.001 - Ref 05/2026
DOC-105918;2026-05-11;202605;3.03.001;CC1003;23789.14;Lancamento Contabil - 3.03.001 - Ref 05/2026
DOC-105919;2026-05-21;202605;3.03.001;CC1003;4200.52;Lancamento Contabil - 3.03.001 - Ref 05/2026
DOC-105920;2026-05-24;202605;3.03.001;CC1003;20518.4;Lancamento Contabil - 3.03.001 - Ref 05/2026
DOC-105921;2026-05-26;202605;3.03.001;CC1003;126487.7;Lancamento Contabil - 3.03.001 - Ref 05/2026
DOC-105922;2026-05-28;202605;3.03.001;CC1003;148990.96;Lancamento Contabil - 3.03.001 - Ref 05/2026
DOC-105923;2026-05-29;202605;3.03.001;CC1003;51549.68;Lancamento Contabil - 3.03.001 - Ref 05/2026
DOC-105924;2026-05-30;202605;3.03.001;CC1003;42029.03;Lancamento Contabil - 3.03.001 - Ref 05/2026
DOC-105925;2026-05-09;202605;3.03.001;CC1005;14491.88;Lancamento Contabil - 3.03.001 - Ref 05/2026
DOC-105926;2026-05-12;202605;3.03.001;CC1005;36449.02;Lancamento Contabil - 3.03.001 - Ref 05/2026
DOC-105927;2026-05-13;202605;3.03.001;CC1005;184704.98;Lancamento Contabil - 3.03.001 - Ref 05/2026
DOC-105928;2026-05-15;202605;3.03.001;CC1005;73004.23;Lancamento Contabil - 3.03.001 - Ref 05/2026
DOC-105929;2026-05-20;202605;3.03.001;CC1005;40569.43;Lancamento Contabil - 3.03.001 - Ref 05/2026
DOC-105930;2026-05-21;202605;3.03.001;CC1005;208169.72;Lancamento Contabil - 3.03.001 - Ref 05/2026
DOC-105931;2026-05-23;202605;3.03.001;CC1005;3795.94;Lancamento Contabil - 3.03.001 - Ref 05/2026
DOC-105932;2026-05-30;202605;3.03.001;CC1005;18038.48;Lancamento Contabil - 3.03.001 - Ref 05/2026
DOC-105933;2026-05-01;202605;3.04.001;CC1004;100287.87;Lancamento Contabil - 3.04.001 - Ref 05/2026
DOC-105934;2026-05-03;202605;3.04.001;CC1004;114889.51;Lancamento Contabil - 3.04.001 - Ref 05/2026
DOC-105935;2026-05-05;202605;3.04.001;CC1004;4850.76;Lancamento Contabil - 3.04.001 - Ref 05/2026
DOC-105936;2026-05-06;202605;3.04.001;CC1004;62003.2;Lancamento Contabil - 3.04.001 - Ref 05/2026
DOC-105937;2026-05-08;202605;3.04.001;CC1004;125881.46;Lancamento Contabil - 3.04.001 - Ref 05/2026
DOC-105938;2026-05-09;202605;3.04.001;CC1004;143927.55;Lancamento Contabil - 3.04.001 - Ref 05/2026
DOC-105939;2026-05-14;202605;3.04.001;CC1004;122166.55;Lancamento Contabil - 3.04.001 - Ref 05/2026
DOC-105940;2026-05-15;202605;3.04.001;CC1004;46449.97;Lancamento Contabil - 3.04.001 - Ref 05/2026
DOC-105941;2026-05-22;202605;3.04.001;CC1004;11800.42;Lancamento Contabil - 3.04.001 - Ref 05/2026
DOC-105942;2026-05-24;202605;3.04.001;CC1004;66950.29;Lancamento Contabil - 3.04.001 - Ref 05/2026
DOC-105943;2026-05-28;202605;3.04.001;CC1004;16565.1;Lancamento Contabil - 3.04.001 - Ref 05/2026
DOC-105944;2026-05-31;202605;3.04.001;CC1004;354458.13;Lancamento Contabil - 3.04.001 - Ref 05/2026
DOC-105945;2026-05-03;202605;3.05.001;CC1005;159578.04;Lancamento Contabil - 3.05.001 - Ref 05/2026
DOC-105946;2026-05-04;202605;3.05.001;CC1005;75638.08;Lancamento Contabil - 3.05.001 - Ref 05/2026
DOC-105947;2026-05-06;202605;3.05.001;CC1005;40737.48;Lancamento Contabil - 3.05.001 - Ref 05/2026
DOC-105948;2026-05-13;202605;3.05.001;CC1005;183443.07;Lancamento Contabil - 3.05.001 - Ref 05/2026
DOC-105949;2026-05-16;202605;3.05.001;CC1005;221578.55;Lancamento Contabil - 3.05.001 - Ref 05/2026
DOC-105950;2026-05-18;202605;3.05.001;CC1005;122704.34;Lancamento Contabil - 3.05.001 - Ref 05/2026
DOC-105951;2026-05-29;202605;3.05.001;CC1005;5280.32;Lancamento Contabil - 3.05.001 - Ref 05/2026
DOC-105952;2026-05-02;202605;3.06.001;CC1002;675801.94;Lancamento Contabil - 3.06.001 - Ref 05/2026
DOC-105953;2026-05-01;202605;3.06.001;CC1003;665168.49;Lancamento Contabil - 3.06.001 - Ref 05/2026
DOC-105954;2026-05-03;202605;4.01.001;CC2001;683058.54;Lancamento Contabil - 4.01.001 - Ref 05/2026
DOC-105955;2026-05-04;202605;4.01.001;CC2001;6484.21;Lancamento Contabil - 4.01.001 - Ref 05/2026
DOC-105956;2026-05-05;202605;4.01.001;CC2001;445721.45;Lancamento Contabil - 4.01.001 - Ref 05/2026
DOC-105957;2026-05-09;202605;4.01.001;CC2001;204802.91;Lancamento Contabil - 4.01.001 - Ref 05/2026
DOC-105958;2026-05-13;202605;4.01.001;CC2001;188841.04;Lancamento Contabil - 4.01.001 - Ref 05/2026
DOC-105959;2026-05-17;202605;4.01.001;CC2001;2271.84;Lancamento Contabil - 4.01.001 - Ref 05/2026
DOC-105960;2026-05-20;202605;4.01.001;CC2001;545949.39;Lancamento Contabil - 4.01.001 - Ref 05/2026
DOC-105961;2026-05-21;202605;4.01.001;CC2001;142276.6;Lancamento Contabil - 4.01.001 - Ref 05/2026
DOC-105962;2026-05-25;202605;4.01.001;CC2001;248241.07;Lancamento Contabil - 4.01.001 - Ref 05/2026
DOC-105963;2026-05-29;202605;4.01.001;CC2001;360795.57;Lancamento Contabil - 4.01.001 - Ref 05/2026
DOC-105964;2026-05-05;202605;4.02.001;CC3001;28810.63;Lancamento Contabil - 4.02.001 - Ref 05/2026
DOC-105965;2026-05-08;202605;4.02.001;CC3001;19401.21;Lancamento Contabil - 4.02.001 - Ref 05/2026
DOC-105966;2026-05-10;202605;4.02.001;CC3001;116808.01;Lancamento Contabil - 4.02.001 - Ref 05/2026
DOC-105967;2026-05-15;202605;4.02.001;CC3001;39061.44;Lancamento Contabil - 4.02.001 - Ref 05/2026
DOC-105968;2026-05-21;202605;4.02.001;CC3001;13458.64;Lancamento Contabil - 4.02.001 - Ref 05/2026
DOC-105969;2026-05-24;202605;4.02.001;CC3001;5139.85;Lancamento Contabil - 4.02.001 - Ref 05/2026
DOC-105970;2026-05-25;202605;4.02.001;CC3001;70277.2;Lancamento Contabil - 4.02.001 - Ref 05/2026
DOC-105971;2026-05-31;202605;4.02.001;CC3001;17095.36;Lancamento Contabil - 4.02.001 - Ref 05/2026
DOC-105972;2026-05-01;202605;4.02.001;CC3003;35255.34;Lancamento Contabil - 4.02.001 - Ref 05/2026
DOC-105973;2026-05-02;202605;4.02.001;CC3003;20771.49;Lancamento Contabil - 4.02.001 - Ref 05/2026
DOC-105974;2026-05-06;202605;4.02.001;CC3003;7239.33;Lancamento Contabil - 4.02.001 - Ref 05/2026
DOC-105975;2026-05-09;202605;4.02.001;CC3003;30043.83;Lancamento Contabil - 4.02.001 - Ref 05/2026
DOC-105976;2026-05-11;202605;4.02.001;CC3003;2043.22;Lancamento Contabil - 4.02.001 - Ref 05/2026
DOC-105977;2026-05-12;202605;4.02.001;CC3003;17406.32;Lancamento Contabil - 4.02.001 - Ref 05/2026
DOC-105978;2026-05-15;202605;4.02.001;CC3003;25817.12;Lancamento Contabil - 4.02.001 - Ref 05/2026
DOC-105979;2026-05-16;202605;4.02.001;CC3003;18694.55;Lancamento Contabil - 4.02.001 - Ref 05/2026
DOC-105980;2026-05-18;202605;4.02.001;CC3003;45073.02;Lancamento Contabil - 4.02.001 - Ref 05/2026
DOC-105981;2026-05-22;202605;4.02.001;CC3003;57437.2;Lancamento Contabil - 4.02.001 - Ref 05/2026
DOC-105982;2026-05-27;202605;4.02.001;CC3003;48144.2;Lancamento Contabil - 4.02.001 - Ref 05/2026
DOC-105983;2026-05-31;202605;4.02.001;CC3003;1292.02;Lancamento Contabil - 4.02.001 - Ref 05/2026
DOC-105984;2026-05-05;202605;4.03.001;CC3002;58532.45;Lancamento Contabil - 4.03.001 - Ref 05/2026
DOC-105985;2026-05-06;202605;4.03.001;CC3002;38617.04;Lancamento Contabil - 4.03.001 - Ref 05/2026
DOC-105986;2026-05-14;202605;4.03.001;CC3002;39624.53;Lancamento Contabil - 4.03.001 - Ref 05/2026
DOC-105987;2026-05-15;202605;4.03.001;CC3002;7743.97;Lancamento Contabil - 4.03.001 - Ref 05/2026
DOC-105988;2026-05-18;202605;4.03.001;CC3002;12028.54;Lancamento Contabil - 4.03.001 - Ref 05/2026
DOC-105989;2026-05-19;202605;4.03.001;CC3002;13637.49;Lancamento Contabil - 4.03.001 - Ref 05/2026
DOC-105990;2026-05-20;202605;4.03.001;CC3002;3670.38;Lancamento Contabil - 4.03.001 - Ref 05/2026
DOC-105991;2026-05-21;202605;4.03.001;CC3002;676.52;Lancamento Contabil - 4.03.001 - Ref 05/2026
DOC-105992;2026-05-23;202605;4.03.001;CC3002;62926.7;Lancamento Contabil - 4.03.001 - Ref 05/2026
DOC-105993;2026-05-24;202605;4.03.001;CC3002;5902.79;Lancamento Contabil - 4.03.001 - Ref 05/2026
DOC-105994;2026-05-27;202605;4.03.001;CC3002;5881.24;Lancamento Contabil - 4.03.001 - Ref 05/2026
DOC-105995;2026-05-03;202605;4.04.001;CC1001;649.98;Lancamento Contabil - 4.04.001 - Ref 05/2026
DOC-105996;2026-05-08;202605;4.04.001;CC1001;19695.88;Lancamento Contabil - 4.04.001 - Ref 05/2026
DOC-105997;2026-05-10;202605;4.04.001;CC1001;6471.87;Lancamento Contabil - 4.04.001 - Ref 05/2026
DOC-105998;2026-05-12;202605;4.04.001;CC1001;8210.25;Lancamento Contabil - 4.04.001 - Ref 05/2026
DOC-105999;2026-05-15;202605;4.04.001;CC1001;18109.07;Lancamento Contabil - 4.04.001 - Ref 05/2026
DOC-106000;2026-05-16;202605;4.04.001;CC1001;3165.98;Lancamento Contabil - 4.04.001 - Ref 05/2026
DOC-106001;2026-05-18;202605;4.04.001;CC1001;7253.41;Lancamento Contabil - 4.04.001 - Ref 05/2026
DOC-106002;2026-05-21;202605;4.04.001;CC1001;295.44;Lancamento Contabil - 4.04.001 - Ref 05/2026
DOC-106003;2026-05-27;202605;4.04.001;CC1001;1543.5;Lancamento Contabil - 4.04.001 - Ref 05/2026
DOC-106004;2026-05-28;202605;4.04.001;CC1001;13283.89;Lancamento Contabil - 4.04.001 - Ref 05/2026
DOC-106005;2026-05-29;202605;4.04.001;CC1001;10868.06;Lancamento Contabil - 4.04.001 - Ref 05/2026
DOC-106006;2026-05-31;202605;4.04.001;CC1001;3223.5;Lancamento Contabil - 4.04.001 - Ref 05/2026
DOC-106007;2026-05-01;202605;4.04.001;CC3001;4.23;Lancamento Contabil - 4.04.001 - Ref 05/2026
DOC-106008;2026-05-05;202605;4.04.001;CC3001;4843.75;Lancamento Contabil - 4.04.001 - Ref 05/2026
DOC-106009;2026-05-09;202605;4.04.001;CC3001;4096.53;Lancamento Contabil - 4.04.001 - Ref 05/2026
DOC-106010;2026-05-10;202605;4.04.001;CC3001;5058.69;Lancamento Contabil - 4.04.001 - Ref 05/2026
DOC-106011;2026-05-12;202605;4.04.001;CC3001;28763.53;Lancamento Contabil - 4.04.001 - Ref 05/2026
DOC-106012;2026-05-17;202605;4.04.001;CC3001;5755.67;Lancamento Contabil - 4.04.001 - Ref 05/2026
DOC-106013;2026-05-25;202605;4.04.001;CC3001;3730.09;Lancamento Contabil - 4.04.001 - Ref 05/2026
DOC-106014;2026-05-28;202605;4.04.001;CC3001;12311.53;Lancamento Contabil - 4.04.001 - Ref 05/2026
DOC-106015;2026-05-29;202605;4.04.001;CC3001;35217.61;Lancamento Contabil - 4.04.001 - Ref 05/2026
DOC-106016;2026-05-30;202605;4.04.001;CC3001;4846.19;Lancamento Contabil - 4.04.001 - Ref 05/2026
DOC-106017;2026-05-01;202605;4.05.001;CC4001;1009.55;Lancamento Contabil - 4.05.001 - Ref 05/2026
DOC-106018;2026-05-10;202605;4.05.001;CC4001;5439.32;Lancamento Contabil - 4.05.001 - Ref 05/2026
DOC-106019;2026-05-14;202605;4.05.001;CC4001;16995.45;Lancamento Contabil - 4.05.001 - Ref 05/2026
DOC-106020;2026-05-16;202605;4.05.001;CC4001;9874.83;Lancamento Contabil - 4.05.001 - Ref 05/2026
DOC-106021;2026-05-18;202605;4.05.001;CC4001;20947.58;Lancamento Contabil - 4.05.001 - Ref 05/2026
DOC-106022;2026-05-20;202605;4.05.001;CC4001;39604.93;Lancamento Contabil - 4.05.001 - Ref 05/2026
DOC-106023;2026-05-23;202605;4.05.001;CC4001;19420.35;Lancamento Contabil - 4.05.001 - Ref 05/2026
DOC-106024;2026-05-25;202605;4.05.001;CC4001;11427.57;Lancamento Contabil - 4.05.001 - Ref 05/2026
DOC-106025;2026-05-27;202605;4.05.001;CC4001;8392.14;Lancamento Contabil - 4.05.001 - Ref 05/2026
DOC-106026;2026-05-28;202605;4.05.001;CC4001;504.75;Lancamento Contabil - 4.05.001 - Ref 05/2026
DOC-106027;2026-05-30;202605;4.05.001;CC4001;51290.72;Lancamento Contabil - 4.05.001 - Ref 05/2026
DOC-106028;2026-05-01;202605;4.06.001;CC3001;13706.71;Lancamento Contabil - 4.06.001 - Ref 05/2026
DOC-106029;2026-05-07;202605;4.06.001;CC3001;4172.59;Lancamento Contabil - 4.06.001 - Ref 05/2026
DOC-106030;2026-05-12;202605;4.06.001;CC3001;10994.84;Lancamento Contabil - 4.06.001 - Ref 05/2026
DOC-106031;2026-05-14;202605;4.06.001;CC3001;11024.68;Lancamento Contabil - 4.06.001 - Ref 05/2026
DOC-106032;2026-05-18;202605;4.06.001;CC3001;7361.5;Lancamento Contabil - 4.06.001 - Ref 05/2026
DOC-106033;2026-05-26;202605;4.06.001;CC3001;22562.34;Lancamento Contabil - 4.06.001 - Ref 05/2026
DOC-106034;2026-05-29;202605;4.06.001;CC3001;3840.29;Lancamento Contabil - 4.06.001 - Ref 05/2026
DOC-106035;2026-05-06;202605;4.06.001;CC1005;4497.16;Lancamento Contabil - 4.06.001 - Ref 05/2026
DOC-106036;2026-05-08;202605;4.06.001;CC1005;5827.9;Lancamento Contabil - 4.06.001 - Ref 05/2026
DOC-106037;2026-05-09;202605;4.06.001;CC1005;8230.03;Lancamento Contabil - 4.06.001 - Ref 05/2026
DOC-106038;2026-05-13;202605;4.06.001;CC1005;11574.97;Lancamento Contabil - 4.06.001 - Ref 05/2026
DOC-106039;2026-05-21;202605;4.06.001;CC1005;3793.56;Lancamento Contabil - 4.06.001 - Ref 05/2026
DOC-106040;2026-05-23;202605;4.06.001;CC1005;7845.26;Lancamento Contabil - 4.06.001 - Ref 05/2026
DOC-106041;2026-05-24;202605;4.06.001;CC1005;1233.06;Lancamento Contabil - 4.06.001 - Ref 05/2026
DOC-106042;2026-05-25;202605;4.06.001;CC1005;20378.7;Lancamento Contabil - 4.06.001 - Ref 05/2026
DOC-106043;2026-05-30;202605;4.06.001;CC1005;3648.32;Lancamento Contabil - 4.06.001 - Ref 05/2026
DOC-106044;2026-05-31;202605;4.06.001;CC1005;9877.01;Lancamento Contabil - 4.06.001 - Ref 05/2026
DOC-106045;2026-05-08;202605;5.01.001;CC3001;82499.15;Lancamento Contabil - 5.01.001 - Ref 05/2026
DOC-106046;2026-05-14;202605;5.01.001;CC3001;292624.58;Lancamento Contabil - 5.01.001 - Ref 05/2026
DOC-106047;2026-05-17;202605;5.01.001;CC3001;72815.02;Lancamento Contabil - 5.01.001 - Ref 05/2026
DOC-106048;2026-05-21;202605;5.01.001;CC3001;74243.29;Lancamento Contabil - 5.01.001 - Ref 05/2026
DOC-106049;2026-05-25;202605;5.01.001;CC3001;14044.87;Lancamento Contabil - 5.01.001 - Ref 05/2026
DOC-106050;2026-05-07;202605;5.02.001;CC3001;53668.82;Lancamento Contabil - 5.02.001 - Ref 05/2026
DOC-106051;2026-05-09;202605;5.02.001;CC3001;9380.56;Lancamento Contabil - 5.02.001 - Ref 05/2026
DOC-106052;2026-05-10;202605;5.02.001;CC3001;76022.2;Lancamento Contabil - 5.02.001 - Ref 05/2026
DOC-106053;2026-05-14;202605;5.02.001;CC3001;79938.81;Lancamento Contabil - 5.02.001 - Ref 05/2026
DOC-106054;2026-05-18;202605;5.02.001;CC3001;94920.69;Lancamento Contabil - 5.02.001 - Ref 05/2026
DOC-106055;2026-05-21;202605;5.02.001;CC3001;24289.4;Lancamento Contabil - 5.02.001 - Ref 05/2026
DOC-106056;2026-05-24;202605;5.02.001;CC3001;37383.89;Lancamento Contabil - 5.02.001 - Ref 05/2026
DOC-106057;2026-05-26;202605;5.02.001;CC3001;49852.23;Lancamento Contabil - 5.02.001 - Ref 05/2026
DOC-106058;2026-05-04;202605;5.03.001;CC3001;2827.86;Lancamento Contabil - 5.03.001 - Ref 05/2026
DOC-106059;2026-05-05;202605;5.03.001;CC3001;55770.77;Lancamento Contabil - 5.03.001 - Ref 05/2026
DOC-106060;2026-05-06;202605;5.03.001;CC3001;13631.52;Lancamento Contabil - 5.03.001 - Ref 05/2026
DOC-106061;2026-05-10;202605;5.03.001;CC3001;16369.4;Lancamento Contabil - 5.03.001 - Ref 05/2026
DOC-106062;2026-05-21;202605;5.03.001;CC3001;36803.28;Lancamento Contabil - 5.03.001 - Ref 05/2026
DOC-106063;2026-05-01;202605;6.01.001;CC3001;89003.19;Lancamento Contabil - 6.01.001 - Ref 05/2026
DOC-106064;2026-05-02;202605;6.01.001;CC3001;153360.95;Lancamento Contabil - 6.01.001 - Ref 05/2026
DOC-106065;2026-05-05;202605;6.01.001;CC3001;12153.6;Lancamento Contabil - 6.01.001 - Ref 05/2026
DOC-106066;2026-05-07;202605;6.01.001;CC3001;110083.84;Lancamento Contabil - 6.01.001 - Ref 05/2026
DOC-106067;2026-05-09;202605;6.01.001;CC3001;31687.92;Lancamento Contabil - 6.01.001 - Ref 05/2026
DOC-106068;2026-05-11;202605;6.01.001;CC3001;134078.65;Lancamento Contabil - 6.01.001 - Ref 05/2026
DOC-106069;2026-05-15;202605;6.01.001;CC3001;159410.76;Lancamento Contabil - 6.01.001 - Ref 05/2026
DOC-106070;2026-05-16;202605;6.01.001;CC3001;127835.86;Lancamento Contabil - 6.01.001 - Ref 05/2026
DOC-106071;2026-05-20;202605;6.01.001;CC3001;210648.79;Lancamento Contabil - 6.01.001 - Ref 05/2026
DOC-106072;2026-05-23;202605;6.01.001;CC3001;64251.08;Lancamento Contabil - 6.01.001 - Ref 05/2026
DOC-106073;2026-05-31;202605;6.01.001;CC3001;227632.85;Lancamento Contabil - 6.01.001 - Ref 05/2026
DOC-106074;2026-06-01;202606;1.01.001;CC4001;5443230.9;Lancamento Contabil - 1.01.001 - Ref 06/2026
DOC-106075;2026-06-03;202606;1.01.001;CC4001;96568.55;Lancamento Contabil - 1.01.001 - Ref 06/2026
DOC-106076;2026-06-04;202606;1.01.001;CC4001;5531234.11;Lancamento Contabil - 1.01.001 - Ref 06/2026
DOC-106077;2026-06-05;202606;1.01.001;CC4001;5023441.63;Lancamento Contabil - 1.01.001 - Ref 06/2026
DOC-106078;2026-06-06;202606;1.01.001;CC4001;1932738.2;Lancamento Contabil - 1.01.001 - Ref 06/2026
DOC-106079;2026-06-08;202606;1.01.001;CC4001;467492.62;Lancamento Contabil - 1.01.001 - Ref 06/2026
DOC-106080;2026-06-09;202606;1.01.001;CC4001;496884.38;Lancamento Contabil - 1.01.001 - Ref 06/2026
DOC-106081;2026-06-10;202606;1.01.001;CC4001;13377843.79;Lancamento Contabil - 1.01.001 - Ref 06/2026
DOC-106082;2026-06-15;202606;1.01.001;CC4001;6091816.2;Lancamento Contabil - 1.01.001 - Ref 06/2026
DOC-106083;2026-06-23;202606;1.01.001;CC4001;708471.7;Lancamento Contabil - 1.01.001 - Ref 06/2026
DOC-106084;2026-06-25;202606;1.01.001;CC4001;2299322.5;Lancamento Contabil - 1.01.001 - Ref 06/2026
DOC-106085;2026-06-30;202606;1.01.001;CC4001;4678449.36;Lancamento Contabil - 1.01.001 - Ref 06/2026
DOC-106086;2026-06-07;202606;1.01.002;CC4001;1885801.5;Lancamento Contabil - 1.01.002 - Ref 06/2026
DOC-106087;2026-06-11;202606;1.01.002;CC4001;46633.95;Lancamento Contabil - 1.01.002 - Ref 06/2026
DOC-106088;2026-06-14;202606;1.01.002;CC4001;282060.07;Lancamento Contabil - 1.01.002 - Ref 06/2026
DOC-106089;2026-06-16;202606;1.01.002;CC4001;2303344.86;Lancamento Contabil - 1.01.002 - Ref 06/2026
DOC-106090;2026-06-02;202606;1.02.001;CC1004;61263.33;Lancamento Contabil - 1.02.001 - Ref 06/2026
DOC-106091;2026-06-11;202606;1.02.001;CC1004;14002.98;Lancamento Contabil - 1.02.001 - Ref 06/2026
DOC-106092;2026-06-12;202606;1.02.001;CC1004;5774.89;Lancamento Contabil - 1.02.001 - Ref 06/2026
DOC-106093;2026-06-15;202606;1.02.001;CC1004;56685.98;Lancamento Contabil - 1.02.001 - Ref 06/2026
DOC-106094;2026-06-16;202606;1.02.001;CC1004;430692.88;Lancamento Contabil - 1.02.001 - Ref 06/2026
DOC-106095;2026-06-23;202606;1.02.001;CC1004;108587.18;Lancamento Contabil - 1.02.001 - Ref 06/2026
DOC-106096;2026-06-26;202606;1.02.001;CC1004;257309.75;Lancamento Contabil - 1.02.001 - Ref 06/2026
DOC-106097;2026-06-30;202606;1.02.001;CC1004;505775.15;Lancamento Contabil - 1.02.001 - Ref 06/2026
DOC-106098;2026-06-02;202606;2.01.001;CC3001;308528.02;Lancamento Contabil - 2.01.001 - Ref 06/2026
DOC-106099;2026-06-05;202606;2.01.001;CC3001;124924.95;Lancamento Contabil - 2.01.001 - Ref 06/2026
DOC-106100;2026-06-09;202606;2.01.001;CC3001;428372.72;Lancamento Contabil - 2.01.001 - Ref 06/2026
DOC-106101;2026-06-25;202606;2.01.001;CC3001;1404528.87;Lancamento Contabil - 2.01.001 - Ref 06/2026
DOC-106102;2026-06-27;202606;2.01.001;CC3001;960067.54;Lancamento Contabil - 2.01.001 - Ref 06/2026
DOC-106103;2026-06-01;202606;2.02.001;CC4001;17568.03;Lancamento Contabil - 2.02.001 - Ref 06/2026
DOC-106104;2026-06-03;202606;2.02.001;CC4001;49286.75;Lancamento Contabil - 2.02.001 - Ref 06/2026
DOC-106105;2026-06-04;202606;2.02.001;CC4001;2705.57;Lancamento Contabil - 2.02.001 - Ref 06/2026
DOC-106106;2026-06-06;202606;2.02.001;CC4001;15813.17;Lancamento Contabil - 2.02.001 - Ref 06/2026
DOC-106107;2026-06-07;202606;2.02.001;CC4001;43812.69;Lancamento Contabil - 2.02.001 - Ref 06/2026
DOC-106108;2026-06-08;202606;2.02.001;CC4001;10926.75;Lancamento Contabil - 2.02.001 - Ref 06/2026
DOC-106109;2026-06-09;202606;2.02.001;CC4001;13620.73;Lancamento Contabil - 2.02.001 - Ref 06/2026
DOC-106110;2026-06-13;202606;2.02.001;CC4001;1513.01;Lancamento Contabil - 2.02.001 - Ref 06/2026
DOC-106111;2026-06-16;202606;2.02.001;CC4001;6749.15;Lancamento Contabil - 2.02.001 - Ref 06/2026
DOC-106112;2026-06-18;202606;2.02.001;CC4001;8123.77;Lancamento Contabil - 2.02.001 - Ref 06/2026
DOC-106113;2026-06-02;202606;3.01.001;CC1001;6548745.09;Lancamento Contabil - 3.01.001 - Ref 06/2026
DOC-106114;2026-06-04;202606;3.01.001;CC1001;749520.16;Lancamento Contabil - 3.01.001 - Ref 06/2026
DOC-106115;2026-06-07;202606;3.01.001;CC1001;1393825.84;Lancamento Contabil - 3.01.001 - Ref 06/2026
DOC-106116;2026-06-08;202606;3.01.001;CC1001;2510217.83;Lancamento Contabil - 3.01.001 - Ref 06/2026
DOC-106117;2026-06-15;202606;3.01.001;CC1001;399235.02;Lancamento Contabil - 3.01.001 - Ref 06/2026
DOC-106118;2026-06-17;202606;3.01.001;CC1001;1503466.45;Lancamento Contabil - 3.01.001 - Ref 06/2026
DOC-106119;2026-06-24;202606;3.01.001;CC1001;3026525.5;Lancamento Contabil - 3.01.001 - Ref 06/2026
DOC-106120;2026-06-25;202606;3.01.001;CC1001;4549066.96;Lancamento Contabil - 3.01.001 - Ref 06/2026
DOC-106121;2026-06-29;202606;3.01.001;CC1001;2220462.97;Lancamento Contabil - 3.01.001 - Ref 06/2026
DOC-106122;2026-06-30;202606;3.01.001;CC1001;2494820.54;Lancamento Contabil - 3.01.001 - Ref 06/2026
DOC-106123;2026-06-02;202606;3.02.001;CC1002;42594.99;Lancamento Contabil - 3.02.001 - Ref 06/2026
DOC-106124;2026-06-04;202606;3.02.001;CC1002;375496.02;Lancamento Contabil - 3.02.001 - Ref 06/2026
DOC-106125;2026-06-06;202606;3.02.001;CC1002;176234.23;Lancamento Contabil - 3.02.001 - Ref 06/2026
DOC-106126;2026-06-10;202606;3.02.001;CC1002;194074.12;Lancamento Contabil - 3.02.001 - Ref 06/2026
DOC-106127;2026-06-11;202606;3.02.001;CC1002;34234.94;Lancamento Contabil - 3.02.001 - Ref 06/2026
DOC-106128;2026-06-13;202606;3.02.001;CC1002;81035.08;Lancamento Contabil - 3.02.001 - Ref 06/2026
DOC-106129;2026-06-17;202606;3.02.001;CC1002;133176.72;Lancamento Contabil - 3.02.001 - Ref 06/2026
DOC-106130;2026-06-18;202606;3.02.001;CC1002;203474.77;Lancamento Contabil - 3.02.001 - Ref 06/2026
DOC-106131;2026-06-21;202606;3.02.001;CC1002;15198.64;Lancamento Contabil - 3.02.001 - Ref 06/2026
DOC-106132;2026-06-22;202606;3.02.001;CC1002;454123.62;Lancamento Contabil - 3.02.001 - Ref 06/2026
DOC-106133;2026-06-24;202606;3.02.001;CC1002;305896.29;Lancamento Contabil - 3.02.001 - Ref 06/2026
DOC-106134;2026-06-02;202606;3.02.001;CC1003;93381.58;Lancamento Contabil - 3.02.001 - Ref 06/2026
DOC-106135;2026-06-07;202606;3.02.001;CC1003;512625.65;Lancamento Contabil - 3.02.001 - Ref 06/2026
DOC-106136;2026-06-10;202606;3.02.001;CC1003;216421.98;Lancamento Contabil - 3.02.001 - Ref 06/2026
DOC-106137;2026-06-12;202606;3.02.001;CC1003;183551.66;Lancamento Contabil - 3.02.001 - Ref 06/2026
DOC-106138;2026-06-16;202606;3.02.001;CC1003;111845.94;Lancamento Contabil - 3.02.001 - Ref 06/2026
DOC-106139;2026-06-21;202606;3.02.001;CC1003;257700.4;Lancamento Contabil - 3.02.001 - Ref 06/2026
DOC-106140;2026-06-22;202606;3.02.001;CC1003;387797.5;Lancamento Contabil - 3.02.001 - Ref 06/2026
DOC-106141;2026-06-27;202606;3.02.001;CC1003;156791.78;Lancamento Contabil - 3.02.001 - Ref 06/2026
DOC-106142;2026-06-01;202606;3.03.001;CC1002;183402.58;Lancamento Contabil - 3.03.001 - Ref 06/2026
DOC-106143;2026-06-08;202606;3.03.001;CC1002;7881.84;Lancamento Contabil - 3.03.001 - Ref 06/2026
DOC-106144;2026-06-11;202606;3.03.001;CC1002;290122.83;Lancamento Contabil - 3.03.001 - Ref 06/2026
DOC-106145;2026-06-14;202606;3.03.001;CC1002;90531.77;Lancamento Contabil - 3.03.001 - Ref 06/2026
DOC-106146;2026-06-21;202606;3.03.001;CC1002;44955.29;Lancamento Contabil - 3.03.001 - Ref 06/2026
DOC-106147;2026-06-04;202606;3.03.001;CC1003;32695.42;Lancamento Contabil - 3.03.001 - Ref 06/2026
DOC-106148;2026-06-08;202606;3.03.001;CC1003;77938.9;Lancamento Contabil - 3.03.001 - Ref 06/2026
DOC-106149;2026-06-09;202606;3.03.001;CC1003;257403.55;Lancamento Contabil - 3.03.001 - Ref 06/2026
DOC-106150;2026-06-13;202606;3.03.001;CC1003;56158.72;Lancamento Contabil - 3.03.001 - Ref 06/2026
DOC-106151;2026-06-19;202606;3.03.001;CC1003;163641.52;Lancamento Contabil - 3.03.001 - Ref 06/2026
DOC-106152;2026-06-26;202606;3.03.001;CC1003;12030.01;Lancamento Contabil - 3.03.001 - Ref 06/2026
DOC-106153;2026-06-02;202606;3.03.001;CC1005;317905.32;Lancamento Contabil - 3.03.001 - Ref 06/2026
DOC-106154;2026-06-19;202606;3.03.001;CC1005;51067.6;Lancamento Contabil - 3.03.001 - Ref 06/2026
DOC-106155;2026-06-23;202606;3.03.001;CC1005;150364.11;Lancamento Contabil - 3.03.001 - Ref 06/2026
DOC-106156;2026-06-26;202606;3.03.001;CC1005;57481.92;Lancamento Contabil - 3.03.001 - Ref 06/2026
DOC-106157;2026-06-03;202606;3.04.001;CC1004;56791.3;Lancamento Contabil - 3.04.001 - Ref 06/2026
DOC-106158;2026-06-05;202606;3.04.001;CC1004;163243.11;Lancamento Contabil - 3.04.001 - Ref 06/2026
DOC-106159;2026-06-06;202606;3.04.001;CC1004;158986.18;Lancamento Contabil - 3.04.001 - Ref 06/2026
DOC-106160;2026-06-08;202606;3.04.001;CC1004;27905.91;Lancamento Contabil - 3.04.001 - Ref 06/2026
DOC-106161;2026-06-12;202606;3.04.001;CC1004;275276.41;Lancamento Contabil - 3.04.001 - Ref 06/2026
DOC-106162;2026-06-16;202606;3.04.001;CC1004;96779.17;Lancamento Contabil - 3.04.001 - Ref 06/2026
DOC-106163;2026-06-20;202606;3.04.001;CC1004;51512.46;Lancamento Contabil - 3.04.001 - Ref 06/2026
DOC-106164;2026-06-23;202606;3.04.001;CC1004;75129.7;Lancamento Contabil - 3.04.001 - Ref 06/2026
DOC-106165;2026-06-25;202606;3.04.001;CC1004;100138.68;Lancamento Contabil - 3.04.001 - Ref 06/2026
DOC-106166;2026-06-26;202606;3.04.001;CC1004;88463.49;Lancamento Contabil - 3.04.001 - Ref 06/2026
DOC-106167;2026-06-29;202606;3.04.001;CC1004;71820.08;Lancamento Contabil - 3.04.001 - Ref 06/2026
DOC-106168;2026-06-02;202606;3.05.001;CC1005;120784.77;Lancamento Contabil - 3.05.001 - Ref 06/2026
DOC-106169;2026-06-05;202606;3.05.001;CC1005;56264.84;Lancamento Contabil - 3.05.001 - Ref 06/2026
DOC-106170;2026-06-12;202606;3.05.001;CC1005;10130.46;Lancamento Contabil - 3.05.001 - Ref 06/2026
DOC-106171;2026-06-18;202606;3.05.001;CC1005;104770.18;Lancamento Contabil - 3.05.001 - Ref 06/2026
DOC-106172;2026-06-21;202606;3.05.001;CC1005;194297.27;Lancamento Contabil - 3.05.001 - Ref 06/2026
DOC-106173;2026-06-25;202606;3.05.001;CC1005;212212.37;Lancamento Contabil - 3.05.001 - Ref 06/2026
DOC-106174;2026-06-27;202606;3.05.001;CC1005;33200.83;Lancamento Contabil - 3.05.001 - Ref 06/2026
DOC-106175;2026-06-28;202606;3.05.001;CC1005;10499.58;Lancamento Contabil - 3.05.001 - Ref 06/2026
DOC-106176;2026-06-30;202606;3.05.001;CC1005;52679.82;Lancamento Contabil - 3.05.001 - Ref 06/2026
DOC-106177;2026-06-26;202606;3.06.001;CC1002;647036.37;Lancamento Contabil - 3.06.001 - Ref 06/2026
DOC-106178;2026-06-04;202606;3.06.001;CC1003;624823.52;Lancamento Contabil - 3.06.001 - Ref 06/2026
DOC-106179;2026-06-08;202606;4.01.001;CC2001;1055311.66;Lancamento Contabil - 4.01.001 - Ref 06/2026
DOC-106180;2026-06-11;202606;4.01.001;CC2001;406224.49;Lancamento Contabil - 4.01.001 - Ref 06/2026
DOC-106181;2026-06-16;202606;4.01.001;CC2001;124826.46;Lancamento Contabil - 4.01.001 - Ref 06/2026
DOC-106182;2026-06-18;202606;4.01.001;CC2001;207246.34;Lancamento Contabil - 4.01.001 - Ref 06/2026
DOC-106183;2026-06-21;202606;4.01.001;CC2001;474321.03;Lancamento Contabil - 4.01.001 - Ref 06/2026
DOC-106184;2026-06-26;202606;4.01.001;CC2001;106342.96;Lancamento Contabil - 4.01.001 - Ref 06/2026
DOC-106185;2026-06-01;202606;4.02.001;CC3001;25869.05;Lancamento Contabil - 4.02.001 - Ref 06/2026
DOC-106186;2026-06-07;202606;4.02.001;CC3001;57253.87;Lancamento Contabil - 4.02.001 - Ref 06/2026
DOC-106187;2026-06-12;202606;4.02.001;CC3001;50188.53;Lancamento Contabil - 4.02.001 - Ref 06/2026
DOC-106188;2026-06-13;202606;4.02.001;CC3001;60230.23;Lancamento Contabil - 4.02.001 - Ref 06/2026
DOC-106189;2026-06-15;202606;4.02.001;CC3001;5788.79;Lancamento Contabil - 4.02.001 - Ref 06/2026
DOC-106190;2026-06-23;202606;4.02.001;CC3001;2909.5;Lancamento Contabil - 4.02.001 - Ref 06/2026
DOC-106191;2026-06-24;202606;4.02.001;CC3001;7423.82;Lancamento Contabil - 4.02.001 - Ref 06/2026
DOC-106192;2026-06-26;202606;4.02.001;CC3001;46502.55;Lancamento Contabil - 4.02.001 - Ref 06/2026
DOC-106193;2026-06-29;202606;4.02.001;CC3001;73787.21;Lancamento Contabil - 4.02.001 - Ref 06/2026
DOC-106194;2026-06-02;202606;4.02.001;CC3003;109681.35;Lancamento Contabil - 4.02.001 - Ref 06/2026
DOC-106195;2026-06-09;202606;4.02.001;CC3003;6518.0;Lancamento Contabil - 4.02.001 - Ref 06/2026
DOC-106196;2026-06-15;202606;4.02.001;CC3003;164724.33;Lancamento Contabil - 4.02.001 - Ref 06/2026
DOC-106197;2026-06-16;202606;4.02.001;CC3003;30787.33;Lancamento Contabil - 4.02.001 - Ref 06/2026
DOC-106198;2026-06-23;202606;4.02.001;CC3003;523.1;Lancamento Contabil - 4.02.001 - Ref 06/2026
DOC-106199;2026-06-29;202606;4.02.001;CC3003;32664.58;Lancamento Contabil - 4.02.001 - Ref 06/2026
DOC-106200;2026-06-06;202606;4.03.001;CC3002;9281.14;Lancamento Contabil - 4.03.001 - Ref 06/2026
DOC-106201;2026-06-07;202606;4.03.001;CC3002;14402.02;Lancamento Contabil - 4.03.001 - Ref 06/2026
DOC-106202;2026-06-09;202606;4.03.001;CC3002;21326.84;Lancamento Contabil - 4.03.001 - Ref 06/2026
DOC-106203;2026-06-10;202606;4.03.001;CC3002;45606.45;Lancamento Contabil - 4.03.001 - Ref 06/2026
DOC-106204;2026-06-11;202606;4.03.001;CC3002;24350.31;Lancamento Contabil - 4.03.001 - Ref 06/2026
DOC-106205;2026-06-12;202606;4.03.001;CC3002;12782.29;Lancamento Contabil - 4.03.001 - Ref 06/2026
DOC-106206;2026-06-15;202606;4.03.001;CC3002;38434.05;Lancamento Contabil - 4.03.001 - Ref 06/2026
DOC-106207;2026-06-16;202606;4.03.001;CC3002;52993.7;Lancamento Contabil - 4.03.001 - Ref 06/2026
DOC-106208;2026-06-18;202606;4.03.001;CC3002;2864.34;Lancamento Contabil - 4.03.001 - Ref 06/2026
DOC-106209;2026-06-19;202606;4.03.001;CC3002;17046.36;Lancamento Contabil - 4.03.001 - Ref 06/2026
DOC-106210;2026-06-23;202606;4.03.001;CC3002;7517.62;Lancamento Contabil - 4.03.001 - Ref 06/2026
DOC-106211;2026-06-29;202606;4.03.001;CC3002;1082.42;Lancamento Contabil - 4.03.001 - Ref 06/2026
DOC-106212;2026-06-01;202606;4.04.001;CC1001;8112.34;Lancamento Contabil - 4.04.001 - Ref 06/2026
DOC-106213;2026-06-03;202606;4.04.001;CC1001;14590.61;Lancamento Contabil - 4.04.001 - Ref 06/2026
DOC-106214;2026-06-05;202606;4.04.001;CC1001;1306.29;Lancamento Contabil - 4.04.001 - Ref 06/2026
DOC-106215;2026-06-06;202606;4.04.001;CC1001;12294.24;Lancamento Contabil - 4.04.001 - Ref 06/2026
DOC-106216;2026-06-09;202606;4.04.001;CC1001;14105.13;Lancamento Contabil - 4.04.001 - Ref 06/2026
DOC-106217;2026-06-10;202606;4.04.001;CC1001;18052.74;Lancamento Contabil - 4.04.001 - Ref 06/2026
DOC-106218;2026-06-12;202606;4.04.001;CC1001;2264.68;Lancamento Contabil - 4.04.001 - Ref 06/2026
DOC-106219;2026-06-15;202606;4.04.001;CC1001;17211.9;Lancamento Contabil - 4.04.001 - Ref 06/2026
DOC-106220;2026-06-17;202606;4.04.001;CC1001;2840.38;Lancamento Contabil - 4.04.001 - Ref 06/2026
DOC-106221;2026-06-18;202606;4.04.001;CC1001;5904.39;Lancamento Contabil - 4.04.001 - Ref 06/2026
DOC-106222;2026-06-26;202606;4.04.001;CC1001;380.74;Lancamento Contabil - 4.04.001 - Ref 06/2026
DOC-106223;2026-06-28;202606;4.04.001;CC1001;329.65;Lancamento Contabil - 4.04.001 - Ref 06/2026
DOC-106224;2026-06-01;202606;4.04.001;CC3001;5668.08;Lancamento Contabil - 4.04.001 - Ref 06/2026
DOC-106225;2026-06-03;202606;4.04.001;CC3001;4043.39;Lancamento Contabil - 4.04.001 - Ref 06/2026
DOC-106226;2026-06-06;202606;4.04.001;CC3001;21219.28;Lancamento Contabil - 4.04.001 - Ref 06/2026
DOC-106227;2026-06-08;202606;4.04.001;CC3001;7.69;Lancamento Contabil - 4.04.001 - Ref 06/2026
DOC-106228;2026-06-11;202606;4.04.001;CC3001;31380.12;Lancamento Contabil - 4.04.001 - Ref 06/2026
DOC-106229;2026-06-12;202606;4.04.001;CC3001;1580.48;Lancamento Contabil - 4.04.001 - Ref 06/2026
DOC-106230;2026-06-20;202606;4.04.001;CC3001;4068.85;Lancamento Contabil - 4.04.001 - Ref 06/2026
DOC-106231;2026-06-24;202606;4.04.001;CC3001;9344.06;Lancamento Contabil - 4.04.001 - Ref 06/2026
DOC-106232;2026-06-25;202606;4.04.001;CC3001;12697.14;Lancamento Contabil - 4.04.001 - Ref 06/2026
DOC-106233;2026-06-27;202606;4.04.001;CC3001;8393.7;Lancamento Contabil - 4.04.001 - Ref 06/2026
DOC-106234;2026-06-05;202606;4.05.001;CC4001;8171.93;Lancamento Contabil - 4.05.001 - Ref 06/2026
DOC-106235;2026-06-07;202606;4.05.001;CC4001;70198.22;Lancamento Contabil - 4.05.001 - Ref 06/2026
DOC-106236;2026-06-10;202606;4.05.001;CC4001;21682.37;Lancamento Contabil - 4.05.001 - Ref 06/2026
DOC-106237;2026-06-11;202606;4.05.001;CC4001;501.08;Lancamento Contabil - 4.05.001 - Ref 06/2026
DOC-106238;2026-06-13;202606;4.05.001;CC4001;11885.17;Lancamento Contabil - 4.05.001 - Ref 06/2026
DOC-106239;2026-06-14;202606;4.05.001;CC4001;43944.04;Lancamento Contabil - 4.05.001 - Ref 06/2026
DOC-106240;2026-06-16;202606;4.05.001;CC4001;7581.23;Lancamento Contabil - 4.05.001 - Ref 06/2026
DOC-106241;2026-06-17;202606;4.05.001;CC4001;2099.04;Lancamento Contabil - 4.05.001 - Ref 06/2026
DOC-106242;2026-06-18;202606;4.05.001;CC4001;30015.95;Lancamento Contabil - 4.05.001 - Ref 06/2026
DOC-106243;2026-06-20;202606;4.05.001;CC4001;19683.1;Lancamento Contabil - 4.05.001 - Ref 06/2026
DOC-106244;2026-06-22;202606;4.05.001;CC4001;17850.06;Lancamento Contabil - 4.05.001 - Ref 06/2026
DOC-106245;2026-06-27;202606;4.05.001;CC4001;1163.63;Lancamento Contabil - 4.05.001 - Ref 06/2026
DOC-106246;2026-06-02;202606;4.06.001;CC3001;2236.93;Lancamento Contabil - 4.06.001 - Ref 06/2026
DOC-106247;2026-06-03;202606;4.06.001;CC3001;6733.89;Lancamento Contabil - 4.06.001 - Ref 06/2026
DOC-106248;2026-06-04;202606;4.06.001;CC3001;7558.46;Lancamento Contabil - 4.06.001 - Ref 06/2026
DOC-106249;2026-06-05;202606;4.06.001;CC3001;3201.09;Lancamento Contabil - 4.06.001 - Ref 06/2026
DOC-106250;2026-06-06;202606;4.06.001;CC3001;28466.47;Lancamento Contabil - 4.06.001 - Ref 06/2026
DOC-106251;2026-06-17;202606;4.06.001;CC3001;17744.98;Lancamento Contabil - 4.06.001 - Ref 06/2026
DOC-106252;2026-06-22;202606;4.06.001;CC3001;12304.42;Lancamento Contabil - 4.06.001 - Ref 06/2026
DOC-106253;2026-06-25;202606;4.06.001;CC3001;779.69;Lancamento Contabil - 4.06.001 - Ref 06/2026
DOC-106254;2026-06-30;202606;4.06.001;CC3001;1077.27;Lancamento Contabil - 4.06.001 - Ref 06/2026
DOC-106255;2026-06-02;202606;4.06.001;CC1005;7175.13;Lancamento Contabil - 4.06.001 - Ref 06/2026
DOC-106256;2026-06-04;202606;4.06.001;CC1005;1851.91;Lancamento Contabil - 4.06.001 - Ref 06/2026
DOC-106257;2026-06-07;202606;4.06.001;CC1005;40471.39;Lancamento Contabil - 4.06.001 - Ref 06/2026
DOC-106258;2026-06-16;202606;4.06.001;CC1005;1824.33;Lancamento Contabil - 4.06.001 - Ref 06/2026
DOC-106259;2026-06-19;202606;4.06.001;CC1005;7064.97;Lancamento Contabil - 4.06.001 - Ref 06/2026
DOC-106260;2026-06-21;202606;4.06.001;CC1005;4785.59;Lancamento Contabil - 4.06.001 - Ref 06/2026
DOC-106261;2026-06-30;202606;4.06.001;CC1005;10780.96;Lancamento Contabil - 4.06.001 - Ref 06/2026
DOC-106262;2026-06-02;202606;5.01.001;CC3001;12438.66;Lancamento Contabil - 5.01.001 - Ref 06/2026
DOC-106263;2026-06-08;202606;5.01.001;CC3001;84700.56;Lancamento Contabil - 5.01.001 - Ref 06/2026
DOC-106264;2026-06-09;202606;5.01.001;CC3001;1604.61;Lancamento Contabil - 5.01.001 - Ref 06/2026
DOC-106265;2026-06-12;202606;5.01.001;CC3001;94894.03;Lancamento Contabil - 5.01.001 - Ref 06/2026
DOC-106266;2026-06-16;202606;5.01.001;CC3001;69313.23;Lancamento Contabil - 5.01.001 - Ref 06/2026
DOC-106267;2026-06-17;202606;5.01.001;CC3001;13679.28;Lancamento Contabil - 5.01.001 - Ref 06/2026
DOC-106268;2026-06-19;202606;5.01.001;CC3001;60310.78;Lancamento Contabil - 5.01.001 - Ref 06/2026
DOC-106269;2026-06-20;202606;5.01.001;CC3001;1228.12;Lancamento Contabil - 5.01.001 - Ref 06/2026
DOC-106270;2026-06-22;202606;5.01.001;CC3001;131954.68;Lancamento Contabil - 5.01.001 - Ref 06/2026
DOC-106271;2026-06-23;202606;5.01.001;CC3001;28961.24;Lancamento Contabil - 5.01.001 - Ref 06/2026
DOC-106272;2026-06-01;202606;5.02.001;CC3001;26475.91;Lancamento Contabil - 5.02.001 - Ref 06/2026
DOC-106273;2026-06-07;202606;5.02.001;CC3001;32993.43;Lancamento Contabil - 5.02.001 - Ref 06/2026
DOC-106274;2026-06-16;202606;5.02.001;CC3001;5034.24;Lancamento Contabil - 5.02.001 - Ref 06/2026
DOC-106275;2026-06-21;202606;5.02.001;CC3001;332779.46;Lancamento Contabil - 5.02.001 - Ref 06/2026
DOC-106276;2026-06-30;202606;5.02.001;CC3001;2936.8;Lancamento Contabil - 5.02.001 - Ref 06/2026
DOC-106277;2026-06-02;202606;5.03.001;CC3001;59666.53;Lancamento Contabil - 5.03.001 - Ref 06/2026
DOC-106278;2026-06-12;202606;5.03.001;CC3001;5664.41;Lancamento Contabil - 5.03.001 - Ref 06/2026
DOC-106279;2026-06-15;202606;5.03.001;CC3001;15235.61;Lancamento Contabil - 5.03.001 - Ref 06/2026
DOC-106280;2026-06-21;202606;5.03.001;CC3001;13209.38;Lancamento Contabil - 5.03.001 - Ref 06/2026
DOC-106281;2026-06-26;202606;5.03.001;CC3001;24345.23;Lancamento Contabil - 5.03.001 - Ref 06/2026
DOC-106282;2026-06-02;202606;6.01.001;CC3001;11689.98;Lancamento Contabil - 6.01.001 - Ref 06/2026
DOC-106283;2026-06-03;202606;6.01.001;CC3001;35752.02;Lancamento Contabil - 6.01.001 - Ref 06/2026
DOC-106284;2026-06-09;202606;6.01.001;CC3001;40085.11;Lancamento Contabil - 6.01.001 - Ref 06/2026
DOC-106285;2026-06-12;202606;6.01.001;CC3001;222400.2;Lancamento Contabil - 6.01.001 - Ref 06/2026
DOC-106286;2026-06-14;202606;6.01.001;CC3001;34797.4;Lancamento Contabil - 6.01.001 - Ref 06/2026
DOC-106287;2026-06-17;202606;6.01.001;CC3001;141428.65;Lancamento Contabil - 6.01.001 - Ref 06/2026
DOC-106288;2026-06-20;202606;6.01.001;CC3001;40228.66;Lancamento Contabil - 6.01.001 - Ref 06/2026
DOC-106289;2026-06-23;202606;6.01.001;CC3001;328257.34;Lancamento Contabil - 6.01.001 - Ref 06/2026
DOC-106290;2026-06-24;202606;6.01.001;CC3001;473105.63;Lancamento Contabil - 6.01.001 - Ref 06/2026
DOC-106291;2026-06-27;202606;6.01.001;CC3001;121298.05;Lancamento Contabil - 6.01.001 - Ref 06/2026
DOC-106292;2026-06-29;202606;6.01.001;CC3001;72088.5;Lancamento Contabil - 6.01.001 - Ref 06/2026
DOC-106293;2026-06-30;202606;6.01.001;CC3001;44256.19;Lancamento Contabil - 6.01.001 - Ref 06/2026
DOC-106294;2026-07-03;202607;1.01.001;CC4001;20151385.13;Lancamento Contabil - 1.01.001 - Ref 07/2026
DOC-106295;2026-07-04;202607;1.01.001;CC4001;3527125.36;Lancamento Contabil - 1.01.001 - Ref 07/2026
DOC-106296;2026-07-07;202607;1.01.001;CC4001;8273501.73;Lancamento Contabil - 1.01.001 - Ref 07/2026
DOC-106297;2026-07-08;202607;1.01.001;CC4001;4696989.62;Lancamento Contabil - 1.01.001 - Ref 07/2026
DOC-106298;2026-07-17;202607;1.01.001;CC4001;5022721.94;Lancamento Contabil - 1.01.001 - Ref 07/2026
DOC-106299;2026-07-18;202607;1.01.001;CC4001;2178357.46;Lancamento Contabil - 1.01.001 - Ref 07/2026
DOC-106300;2026-07-24;202607;1.01.001;CC4001;4241712.78;Lancamento Contabil - 1.01.001 - Ref 07/2026
DOC-106301;2026-07-28;202607;1.01.001;CC4001;4447769.14;Lancamento Contabil - 1.01.001 - Ref 07/2026
DOC-106302;2026-07-06;202607;1.01.002;CC4001;538836.12;Lancamento Contabil - 1.01.002 - Ref 07/2026
DOC-106303;2026-07-07;202607;1.01.002;CC4001;1240860.44;Lancamento Contabil - 1.01.002 - Ref 07/2026
DOC-106304;2026-07-08;202607;1.01.002;CC4001;175515.85;Lancamento Contabil - 1.01.002 - Ref 07/2026
DOC-106305;2026-07-17;202607;1.01.002;CC4001;18944.53;Lancamento Contabil - 1.01.002 - Ref 07/2026
DOC-106306;2026-07-18;202607;1.01.002;CC4001;301309.41;Lancamento Contabil - 1.01.002 - Ref 07/2026
DOC-106307;2026-07-19;202607;1.01.002;CC4001;345471.18;Lancamento Contabil - 1.01.002 - Ref 07/2026
DOC-106308;2026-07-21;202607;1.01.002;CC4001;81044.22;Lancamento Contabil - 1.01.002 - Ref 07/2026
DOC-106309;2026-07-22;202607;1.01.002;CC4001;627893.81;Lancamento Contabil - 1.01.002 - Ref 07/2026
DOC-106310;2026-07-23;202607;1.01.002;CC4001;1843183.09;Lancamento Contabil - 1.01.002 - Ref 07/2026
DOC-106311;2026-07-31;202607;1.01.002;CC4001;1280612.36;Lancamento Contabil - 1.01.002 - Ref 07/2026
DOC-106312;2026-07-04;202607;1.02.001;CC1004;195425.29;Lancamento Contabil - 1.02.001 - Ref 07/2026
DOC-106313;2026-07-12;202607;1.02.001;CC1004;96962.87;Lancamento Contabil - 1.02.001 - Ref 07/2026
DOC-106314;2026-07-15;202607;1.02.001;CC1004;124696.49;Lancamento Contabil - 1.02.001 - Ref 07/2026
DOC-106315;2026-07-19;202607;1.02.001;CC1004;303695.9;Lancamento Contabil - 1.02.001 - Ref 07/2026
DOC-106316;2026-07-21;202607;1.02.001;CC1004;104870.95;Lancamento Contabil - 1.02.001 - Ref 07/2026
DOC-106317;2026-07-22;202607;1.02.001;CC1004;74885.99;Lancamento Contabil - 1.02.001 - Ref 07/2026
DOC-106318;2026-07-23;202607;1.02.001;CC1004;108966.25;Lancamento Contabil - 1.02.001 - Ref 07/2026
DOC-106319;2026-07-24;202607;1.02.001;CC1004;138735.08;Lancamento Contabil - 1.02.001 - Ref 07/2026
DOC-106320;2026-07-25;202607;1.02.001;CC1004;33597.73;Lancamento Contabil - 1.02.001 - Ref 07/2026
DOC-106321;2026-07-29;202607;1.02.001;CC1004;370583.55;Lancamento Contabil - 1.02.001 - Ref 07/2026
DOC-106322;2026-07-04;202607;2.01.001;CC3001;618761.45;Lancamento Contabil - 2.01.001 - Ref 07/2026
DOC-106323;2026-07-06;202607;2.01.001;CC3001;553485.4;Lancamento Contabil - 2.01.001 - Ref 07/2026
DOC-106324;2026-07-11;202607;2.01.001;CC3001;57824.99;Lancamento Contabil - 2.01.001 - Ref 07/2026
DOC-106325;2026-07-13;202607;2.01.001;CC3001;511360.68;Lancamento Contabil - 2.01.001 - Ref 07/2026
DOC-106326;2026-07-17;202607;2.01.001;CC3001;71136.05;Lancamento Contabil - 2.01.001 - Ref 07/2026
DOC-106327;2026-07-18;202607;2.01.001;CC3001;45226.16;Lancamento Contabil - 2.01.001 - Ref 07/2026
DOC-106328;2026-07-22;202607;2.01.001;CC3001;413443.63;Lancamento Contabil - 2.01.001 - Ref 07/2026
DOC-106329;2026-07-26;202607;2.01.001;CC3001;284420.87;Lancamento Contabil - 2.01.001 - Ref 07/2026
DOC-106330;2026-07-29;202607;2.01.001;CC3001;490349.72;Lancamento Contabil - 2.01.001 - Ref 07/2026
DOC-106331;2026-07-31;202607;2.01.001;CC3001;51565.47;Lancamento Contabil - 2.01.001 - Ref 07/2026
DOC-106332;2026-07-11;202607;2.02.001;CC4001;64271.89;Lancamento Contabil - 2.02.001 - Ref 07/2026
DOC-106333;2026-07-12;202607;2.02.001;CC4001;12167.29;Lancamento Contabil - 2.02.001 - Ref 07/2026
DOC-106334;2026-07-15;202607;2.02.001;CC4001;17180.63;Lancamento Contabil - 2.02.001 - Ref 07/2026
DOC-106335;2026-07-18;202607;2.02.001;CC4001;5815.71;Lancamento Contabil - 2.02.001 - Ref 07/2026
DOC-106336;2026-07-20;202607;2.02.001;CC4001;1470.42;Lancamento Contabil - 2.02.001 - Ref 07/2026
DOC-106337;2026-07-31;202607;2.02.001;CC4001;55020.84;Lancamento Contabil - 2.02.001 - Ref 07/2026
DOC-106338;2026-07-11;202607;3.01.001;CC1001;1524086.49;Lancamento Contabil - 3.01.001 - Ref 07/2026
DOC-106339;2026-07-12;202607;3.01.001;CC1001;2491588.32;Lancamento Contabil - 3.01.001 - Ref 07/2026
DOC-106340;2026-07-14;202607;3.01.001;CC1001;4742765.24;Lancamento Contabil - 3.01.001 - Ref 07/2026
DOC-106341;2026-07-20;202607;3.01.001;CC1001;113017.36;Lancamento Contabil - 3.01.001 - Ref 07/2026
DOC-106342;2026-07-21;202607;3.01.001;CC1001;7511606.76;Lancamento Contabil - 3.01.001 - Ref 07/2026
DOC-106343;2026-07-24;202607;3.01.001;CC1001;3475917.78;Lancamento Contabil - 3.01.001 - Ref 07/2026
DOC-106344;2026-07-25;202607;3.01.001;CC1001;1473450.8;Lancamento Contabil - 3.01.001 - Ref 07/2026
DOC-106345;2026-07-28;202607;3.01.001;CC1001;287374.64;Lancamento Contabil - 3.01.001 - Ref 07/2026
DOC-106346;2026-07-29;202607;3.01.001;CC1001;801427.35;Lancamento Contabil - 3.01.001 - Ref 07/2026
DOC-106347;2026-07-07;202607;3.02.001;CC1002;140839.94;Lancamento Contabil - 3.02.001 - Ref 07/2026
DOC-106348;2026-07-13;202607;3.02.001;CC1002;33233.05;Lancamento Contabil - 3.02.001 - Ref 07/2026
DOC-106349;2026-07-18;202607;3.02.001;CC1002;574608.12;Lancamento Contabil - 3.02.001 - Ref 07/2026
DOC-106350;2026-07-19;202607;3.02.001;CC1002;416119.23;Lancamento Contabil - 3.02.001 - Ref 07/2026
DOC-106351;2026-07-24;202607;3.02.001;CC1002;253901.17;Lancamento Contabil - 3.02.001 - Ref 07/2026
DOC-106352;2026-07-25;202607;3.02.001;CC1002;221359.1;Lancamento Contabil - 3.02.001 - Ref 07/2026
DOC-106353;2026-07-30;202607;3.02.001;CC1002;119697.8;Lancamento Contabil - 3.02.001 - Ref 07/2026
DOC-106354;2026-07-01;202607;3.02.001;CC1003;222942.26;Lancamento Contabil - 3.02.001 - Ref 07/2026
DOC-106355;2026-07-02;202607;3.02.001;CC1003;710420.65;Lancamento Contabil - 3.02.001 - Ref 07/2026
DOC-106356;2026-07-10;202607;3.02.001;CC1003;38900.01;Lancamento Contabil - 3.02.001 - Ref 07/2026
DOC-106357;2026-07-12;202607;3.02.001;CC1003;183007.95;Lancamento Contabil - 3.02.001 - Ref 07/2026
DOC-106358;2026-07-13;202607;3.02.001;CC1003;111114.07;Lancamento Contabil - 3.02.001 - Ref 07/2026
DOC-106359;2026-07-15;202607;3.02.001;CC1003;119139.21;Lancamento Contabil - 3.02.001 - Ref 07/2026
DOC-106360;2026-07-24;202607;3.02.001;CC1003;59028.07;Lancamento Contabil - 3.02.001 - Ref 07/2026
DOC-106361;2026-07-30;202607;3.02.001;CC1003;351023.53;Lancamento Contabil - 3.02.001 - Ref 07/2026
DOC-106362;2026-07-05;202607;3.03.001;CC1002;111189.92;Lancamento Contabil - 3.03.001 - Ref 07/2026
DOC-106363;2026-07-10;202607;3.03.001;CC1002;61379.01;Lancamento Contabil - 3.03.001 - Ref 07/2026
DOC-106364;2026-07-17;202607;3.03.001;CC1002;27476.85;Lancamento Contabil - 3.03.001 - Ref 07/2026
DOC-106365;2026-07-29;202607;3.03.001;CC1002;383026.15;Lancamento Contabil - 3.03.001 - Ref 07/2026
DOC-106366;2026-07-07;202607;3.03.001;CC1003;42235.19;Lancamento Contabil - 3.03.001 - Ref 07/2026
DOC-106367;2026-07-08;202607;3.03.001;CC1003;226486.52;Lancamento Contabil - 3.03.001 - Ref 07/2026
DOC-106368;2026-07-10;202607;3.03.001;CC1003;95687.87;Lancamento Contabil - 3.03.001 - Ref 07/2026
DOC-106369;2026-07-28;202607;3.03.001;CC1003;103915.59;Lancamento Contabil - 3.03.001 - Ref 07/2026
DOC-106370;2026-07-01;202607;3.03.001;CC1005;11209.35;Lancamento Contabil - 3.03.001 - Ref 07/2026
DOC-106371;2026-07-09;202607;3.03.001;CC1005;39164.72;Lancamento Contabil - 3.03.001 - Ref 07/2026
DOC-106372;2026-07-17;202607;3.03.001;CC1005;115196.6;Lancamento Contabil - 3.03.001 - Ref 07/2026
DOC-106373;2026-07-18;202607;3.03.001;CC1005;115842.97;Lancamento Contabil - 3.03.001 - Ref 07/2026
DOC-106374;2026-07-23;202607;3.03.001;CC1005;35640.32;Lancamento Contabil - 3.03.001 - Ref 07/2026
DOC-106375;2026-07-25;202607;3.03.001;CC1005;65150.43;Lancamento Contabil - 3.03.001 - Ref 07/2026
DOC-106376;2026-07-27;202607;3.03.001;CC1005;22723.83;Lancamento Contabil - 3.03.001 - Ref 07/2026
DOC-106377;2026-07-29;202607;3.03.001;CC1005;24965.44;Lancamento Contabil - 3.03.001 - Ref 07/2026
DOC-106378;2026-07-30;202607;3.03.001;CC1005;2464.57;Lancamento Contabil - 3.03.001 - Ref 07/2026
DOC-106379;2026-07-02;202607;3.04.001;CC1004;528958.03;Lancamento Contabil - 3.04.001 - Ref 07/2026
DOC-106380;2026-07-04;202607;3.04.001;CC1004;55123.02;Lancamento Contabil - 3.04.001 - Ref 07/2026
DOC-106381;2026-07-05;202607;3.04.001;CC1004;60143.34;Lancamento Contabil - 3.04.001 - Ref 07/2026
DOC-106382;2026-07-12;202607;3.04.001;CC1004;76400.3;Lancamento Contabil - 3.04.001 - Ref 07/2026
DOC-106383;2026-07-15;202607;3.04.001;CC1004;31749.86;Lancamento Contabil - 3.04.001 - Ref 07/2026
DOC-106384;2026-07-27;202607;3.04.001;CC1004;237530.22;Lancamento Contabil - 3.04.001 - Ref 07/2026
DOC-106385;2026-07-03;202607;3.05.001;CC1005;165051.79;Lancamento Contabil - 3.05.001 - Ref 07/2026
DOC-106386;2026-07-08;202607;3.05.001;CC1005;109309.89;Lancamento Contabil - 3.05.001 - Ref 07/2026
DOC-106387;2026-07-09;202607;3.05.001;CC1005;39658.72;Lancamento Contabil - 3.05.001 - Ref 07/2026
DOC-106388;2026-07-10;202607;3.05.001;CC1005;141097.42;Lancamento Contabil - 3.05.001 - Ref 07/2026
DOC-106389;2026-07-12;202607;3.05.001;CC1005;16575.66;Lancamento Contabil - 3.05.001 - Ref 07/2026
DOC-106390;2026-07-19;202607;3.05.001;CC1005;103089.15;Lancamento Contabil - 3.05.001 - Ref 07/2026
DOC-106391;2026-07-28;202607;3.05.001;CC1005;77071.74;Lancamento Contabil - 3.05.001 - Ref 07/2026
DOC-106392;2026-07-29;202607;3.05.001;CC1005;41812.27;Lancamento Contabil - 3.05.001 - Ref 07/2026
DOC-106393;2026-07-19;202607;3.06.001;CC1002;606329.54;Lancamento Contabil - 3.06.001 - Ref 07/2026
DOC-106394;2026-07-13;202607;3.06.001;CC1003;516297.96;Lancamento Contabil - 3.06.001 - Ref 07/2026
DOC-106395;2026-07-03;202607;4.01.001;CC2001;141087.13;Lancamento Contabil - 4.01.001 - Ref 07/2026
DOC-106396;2026-07-06;202607;4.01.001;CC2001;309947.34;Lancamento Contabil - 4.01.001 - Ref 07/2026
DOC-106397;2026-07-11;202607;4.01.001;CC2001;217299.46;Lancamento Contabil - 4.01.001 - Ref 07/2026
DOC-106398;2026-07-16;202607;4.01.001;CC2001;1163706.69;Lancamento Contabil - 4.01.001 - Ref 07/2026
DOC-106399;2026-07-24;202607;4.01.001;CC2001;218063.72;Lancamento Contabil - 4.01.001 - Ref 07/2026
DOC-106400;2026-07-26;202607;4.01.001;CC2001;221949.25;Lancamento Contabil - 4.01.001 - Ref 07/2026
DOC-106401;2026-07-31;202607;4.01.001;CC2001;229656.59;Lancamento Contabil - 4.01.001 - Ref 07/2026
DOC-106402;2026-07-02;202607;4.02.001;CC3001;29491.79;Lancamento Contabil - 4.02.001 - Ref 07/2026
DOC-106403;2026-07-04;202607;4.02.001;CC3001;12593.76;Lancamento Contabil - 4.02.001 - Ref 07/2026
DOC-106404;2026-07-10;202607;4.02.001;CC3001;52744.03;Lancamento Contabil - 4.02.001 - Ref 07/2026
DOC-106405;2026-07-19;202607;4.02.001;CC3001;1211.41;Lancamento Contabil - 4.02.001 - Ref 07/2026
DOC-106406;2026-07-20;202607;4.02.001;CC3001;63370.42;Lancamento Contabil - 4.02.001 - Ref 07/2026
DOC-106407;2026-07-21;202607;4.02.001;CC3001;22264.73;Lancamento Contabil - 4.02.001 - Ref 07/2026
DOC-106408;2026-07-23;202607;4.02.001;CC3001;15728.66;Lancamento Contabil - 4.02.001 - Ref 07/2026
DOC-106409;2026-07-27;202607;4.02.001;CC3001;21289.88;Lancamento Contabil - 4.02.001 - Ref 07/2026
DOC-106410;2026-07-29;202607;4.02.001;CC3001;34090.6;Lancamento Contabil - 4.02.001 - Ref 07/2026
DOC-106411;2026-07-30;202607;4.02.001;CC3001;397.85;Lancamento Contabil - 4.02.001 - Ref 07/2026
DOC-106412;2026-07-31;202607;4.02.001;CC3001;63551.83;Lancamento Contabil - 4.02.001 - Ref 07/2026
DOC-106413;2026-07-02;202607;4.02.001;CC3003;22000.2;Lancamento Contabil - 4.02.001 - Ref 07/2026
DOC-106414;2026-07-03;202607;4.02.001;CC3003;15610.95;Lancamento Contabil - 4.02.001 - Ref 07/2026
DOC-106415;2026-07-04;202607;4.02.001;CC3003;5529.91;Lancamento Contabil - 4.02.001 - Ref 07/2026
DOC-106416;2026-07-08;202607;4.02.001;CC3003;21514.72;Lancamento Contabil - 4.02.001 - Ref 07/2026
DOC-106417;2026-07-11;202607;4.02.001;CC3003;25489.95;Lancamento Contabil - 4.02.001 - Ref 07/2026
DOC-106418;2026-07-12;202607;4.02.001;CC3003;19212.51;Lancamento Contabil - 4.02.001 - Ref 07/2026
DOC-106419;2026-07-14;202607;4.02.001;CC3003;42194.2;Lancamento Contabil - 4.02.001 - Ref 07/2026
DOC-106420;2026-07-25;202607;4.02.001;CC3003;20303.44;Lancamento Contabil - 4.02.001 - Ref 07/2026
DOC-106421;2026-07-28;202607;4.02.001;CC3003;120977.46;Lancamento Contabil - 4.02.001 - Ref 07/2026
DOC-106422;2026-07-30;202607;4.02.001;CC3003;33988.82;Lancamento Contabil - 4.02.001 - Ref 07/2026
DOC-106423;2026-07-02;202607;4.03.001;CC3002;33236.99;Lancamento Contabil - 4.03.001 - Ref 07/2026
DOC-106424;2026-07-13;202607;4.03.001;CC3002;26963.34;Lancamento Contabil - 4.03.001 - Ref 07/2026
DOC-106425;2026-07-21;202607;4.03.001;CC3002;55322.67;Lancamento Contabil - 4.03.001 - Ref 07/2026
DOC-106426;2026-07-25;202607;4.03.001;CC3002;129587.87;Lancamento Contabil - 4.03.001 - Ref 07/2026
DOC-106427;2026-07-02;202607;4.04.001;CC1001;1356.56;Lancamento Contabil - 4.04.001 - Ref 07/2026
DOC-106428;2026-07-05;202607;4.04.001;CC1001;1252.89;Lancamento Contabil - 4.04.001 - Ref 07/2026
DOC-106429;2026-07-11;202607;4.04.001;CC1001;31582.75;Lancamento Contabil - 4.04.001 - Ref 07/2026
DOC-106430;2026-07-17;202607;4.04.001;CC1001;3979.96;Lancamento Contabil - 4.04.001 - Ref 07/2026
DOC-106431;2026-07-18;202607;4.04.001;CC1001;18373.41;Lancamento Contabil - 4.04.001 - Ref 07/2026
DOC-106432;2026-07-19;202607;4.04.001;CC1001;13017.39;Lancamento Contabil - 4.04.001 - Ref 07/2026
DOC-106433;2026-07-29;202607;4.04.001;CC1001;29751.62;Lancamento Contabil - 4.04.001 - Ref 07/2026
DOC-106434;2026-07-31;202607;4.04.001;CC1001;2222.2;Lancamento Contabil - 4.04.001 - Ref 07/2026
DOC-106435;2026-07-02;202607;4.04.001;CC3001;20332.35;Lancamento Contabil - 4.04.001 - Ref 07/2026
DOC-106436;2026-07-05;202607;4.04.001;CC3001;3725.8;Lancamento Contabil - 4.04.001 - Ref 07/2026
DOC-106437;2026-07-13;202607;4.04.001;CC3001;2751.4;Lancamento Contabil - 4.04.001 - Ref 07/2026
DOC-106438;2026-07-15;202607;4.04.001;CC3001;6484.79;Lancamento Contabil - 4.04.001 - Ref 07/2026
DOC-106439;2026-07-22;202607;4.04.001;CC3001;18524.7;Lancamento Contabil - 4.04.001 - Ref 07/2026
DOC-106440;2026-07-24;202607;4.04.001;CC3001;12603.01;Lancamento Contabil - 4.04.001 - Ref 07/2026
DOC-106441;2026-07-25;202607;4.04.001;CC3001;37526.57;Lancamento Contabil - 4.04.001 - Ref 07/2026
DOC-106442;2026-07-03;202607;4.05.001;CC4001;549.24;Lancamento Contabil - 4.05.001 - Ref 07/2026
DOC-106443;2026-07-05;202607;4.05.001;CC4001;2881.29;Lancamento Contabil - 4.05.001 - Ref 07/2026
DOC-106444;2026-07-08;202607;4.05.001;CC4001;22623.02;Lancamento Contabil - 4.05.001 - Ref 07/2026
DOC-106445;2026-07-10;202607;4.05.001;CC4001;41336.56;Lancamento Contabil - 4.05.001 - Ref 07/2026
DOC-106446;2026-07-11;202607;4.05.001;CC4001;8079.96;Lancamento Contabil - 4.05.001 - Ref 07/2026
DOC-106447;2026-07-13;202607;4.05.001;CC4001;6578.2;Lancamento Contabil - 4.05.001 - Ref 07/2026
DOC-106448;2026-07-14;202607;4.05.001;CC4001;37206.37;Lancamento Contabil - 4.05.001 - Ref 07/2026
DOC-106449;2026-07-16;202607;4.05.001;CC4001;1396.34;Lancamento Contabil - 4.05.001 - Ref 07/2026
DOC-106450;2026-07-19;202607;4.05.001;CC4001;11093.37;Lancamento Contabil - 4.05.001 - Ref 07/2026
DOC-106451;2026-07-25;202607;4.05.001;CC4001;16958.84;Lancamento Contabil - 4.05.001 - Ref 07/2026
DOC-106452;2026-07-26;202607;4.05.001;CC4001;19772.5;Lancamento Contabil - 4.05.001 - Ref 07/2026
DOC-106453;2026-07-31;202607;4.05.001;CC4001;31380.48;Lancamento Contabil - 4.05.001 - Ref 07/2026
DOC-106454;2026-07-03;202607;4.06.001;CC3001;24737.05;Lancamento Contabil - 4.06.001 - Ref 07/2026
DOC-106455;2026-07-09;202607;4.06.001;CC3001;22288.08;Lancamento Contabil - 4.06.001 - Ref 07/2026
DOC-106456;2026-07-13;202607;4.06.001;CC3001;28744.2;Lancamento Contabil - 4.06.001 - Ref 07/2026
DOC-106457;2026-07-18;202607;4.06.001;CC3001;8439.57;Lancamento Contabil - 4.06.001 - Ref 07/2026
DOC-106458;2026-07-05;202607;4.06.001;CC1005;873.37;Lancamento Contabil - 4.06.001 - Ref 07/2026
DOC-106459;2026-07-07;202607;4.06.001;CC1005;1254.12;Lancamento Contabil - 4.06.001 - Ref 07/2026
DOC-106460;2026-07-14;202607;4.06.001;CC1005;2511.6;Lancamento Contabil - 4.06.001 - Ref 07/2026
DOC-106461;2026-07-16;202607;4.06.001;CC1005;6848.36;Lancamento Contabil - 4.06.001 - Ref 07/2026
DOC-106462;2026-07-17;202607;4.06.001;CC1005;18123.11;Lancamento Contabil - 4.06.001 - Ref 07/2026
DOC-106463;2026-07-18;202607;4.06.001;CC1005;11931.24;Lancamento Contabil - 4.06.001 - Ref 07/2026
DOC-106464;2026-07-23;202607;4.06.001;CC1005;15365.54;Lancamento Contabil - 4.06.001 - Ref 07/2026
DOC-106465;2026-07-25;202607;4.06.001;CC1005;4268.58;Lancamento Contabil - 4.06.001 - Ref 07/2026
DOC-106466;2026-07-27;202607;4.06.001;CC1005;5121.01;Lancamento Contabil - 4.06.001 - Ref 07/2026
DOC-106467;2026-07-29;202607;4.06.001;CC1005;4940.69;Lancamento Contabil - 4.06.001 - Ref 07/2026
DOC-106468;2026-07-03;202607;5.01.001;CC3001;8320.24;Lancamento Contabil - 5.01.001 - Ref 07/2026
DOC-106469;2026-07-07;202607;5.01.001;CC3001;2179.46;Lancamento Contabil - 5.01.001 - Ref 07/2026
DOC-106470;2026-07-08;202607;5.01.001;CC3001;68926.17;Lancamento Contabil - 5.01.001 - Ref 07/2026
DOC-106471;2026-07-13;202607;5.01.001;CC3001;13271.74;Lancamento Contabil - 5.01.001 - Ref 07/2026
DOC-106472;2026-07-17;202607;5.01.001;CC3001;80681.1;Lancamento Contabil - 5.01.001 - Ref 07/2026
DOC-106473;2026-07-18;202607;5.01.001;CC3001;55486.52;Lancamento Contabil - 5.01.001 - Ref 07/2026
DOC-106474;2026-07-19;202607;5.01.001;CC3001;132780.49;Lancamento Contabil - 5.01.001 - Ref 07/2026
DOC-106475;2026-07-20;202607;5.01.001;CC3001;23969.88;Lancamento Contabil - 5.01.001 - Ref 07/2026
DOC-106476;2026-07-21;202607;5.01.001;CC3001;49443.55;Lancamento Contabil - 5.01.001 - Ref 07/2026
DOC-106477;2026-07-23;202607;5.01.001;CC3001;28501.18;Lancamento Contabil - 5.01.001 - Ref 07/2026
DOC-106478;2026-07-24;202607;5.01.001;CC3001;45396.62;Lancamento Contabil - 5.01.001 - Ref 07/2026
DOC-106479;2026-07-03;202607;5.02.001;CC3001;39397.83;Lancamento Contabil - 5.02.001 - Ref 07/2026
DOC-106480;2026-07-04;202607;5.02.001;CC3001;13792.28;Lancamento Contabil - 5.02.001 - Ref 07/2026
DOC-106481;2026-07-11;202607;5.02.001;CC3001;46785.07;Lancamento Contabil - 5.02.001 - Ref 07/2026
DOC-106482;2026-07-14;202607;5.02.001;CC3001;49618.74;Lancamento Contabil - 5.02.001 - Ref 07/2026
DOC-106483;2026-07-19;202607;5.02.001;CC3001;109786.86;Lancamento Contabil - 5.02.001 - Ref 07/2026
DOC-106484;2026-07-22;202607;5.02.001;CC3001;87754.32;Lancamento Contabil - 5.02.001 - Ref 07/2026
DOC-106485;2026-07-25;202607;5.02.001;CC3001;71920.96;Lancamento Contabil - 5.02.001 - Ref 07/2026
DOC-106486;2026-07-28;202607;5.02.001;CC3001;7940.61;Lancamento Contabil - 5.02.001 - Ref 07/2026
DOC-106487;2026-07-01;202607;5.03.001;CC3001;29602.69;Lancamento Contabil - 5.03.001 - Ref 07/2026
DOC-106488;2026-07-07;202607;5.03.001;CC3001;33279.35;Lancamento Contabil - 5.03.001 - Ref 07/2026
DOC-106489;2026-07-10;202607;5.03.001;CC3001;748.04;Lancamento Contabil - 5.03.001 - Ref 07/2026
DOC-106490;2026-07-11;202607;5.03.001;CC3001;22655.93;Lancamento Contabil - 5.03.001 - Ref 07/2026
DOC-106491;2026-07-12;202607;5.03.001;CC3001;506.63;Lancamento Contabil - 5.03.001 - Ref 07/2026
DOC-106492;2026-07-14;202607;5.03.001;CC3001;6032.63;Lancamento Contabil - 5.03.001 - Ref 07/2026
DOC-106493;2026-07-20;202607;5.03.001;CC3001;10304.27;Lancamento Contabil - 5.03.001 - Ref 07/2026
DOC-106494;2026-07-21;202607;5.03.001;CC3001;2113.31;Lancamento Contabil - 5.03.001 - Ref 07/2026
DOC-106495;2026-07-29;202607;5.03.001;CC3001;18084.69;Lancamento Contabil - 5.03.001 - Ref 07/2026
DOC-106496;2026-07-30;202607;5.03.001;CC3001;110.62;Lancamento Contabil - 5.03.001 - Ref 07/2026
DOC-106497;2026-07-12;202607;6.01.001;CC3001;40194.54;Lancamento Contabil - 6.01.001 - Ref 07/2026
DOC-106498;2026-07-15;202607;6.01.001;CC3001;189257.65;Lancamento Contabil - 6.01.001 - Ref 07/2026
DOC-106499;2026-07-20;202607;6.01.001;CC3001;272788.78;Lancamento Contabil - 6.01.001 - Ref 07/2026
DOC-106500;2026-07-26;202607;6.01.001;CC3001;540872.22;Lancamento Contabil - 6.01.001 - Ref 07/2026
DOC-106501;2026-07-27;202607;6.01.001;CC3001;266115.65;Lancamento Contabil - 6.01.001 - Ref 07/2026
DOC-106502;2026-07-30;202607;6.01.001;CC3001;242519.17;Lancamento Contabil - 6.01.001 - Ref 07/2026
DOC-106503;2026-08-02;202608;1.01.001;CC4001;13541256.62;Lancamento Contabil - 1.01.001 - Ref 08/2026
DOC-106504;2026-08-07;202608;1.01.001;CC4001;6507740.05;Lancamento Contabil - 1.01.001 - Ref 08/2026
DOC-106505;2026-08-08;202608;1.01.001;CC4001;15799737.15;Lancamento Contabil - 1.01.001 - Ref 08/2026
DOC-106506;2026-08-15;202608;1.01.001;CC4001;8886630.98;Lancamento Contabil - 1.01.001 - Ref 08/2026
DOC-106507;2026-08-22;202608;1.01.001;CC4001;928235.42;Lancamento Contabil - 1.01.001 - Ref 08/2026
DOC-106508;2026-08-27;202608;1.01.001;CC4001;2567908.81;Lancamento Contabil - 1.01.001 - Ref 08/2026
DOC-106509;2026-08-02;202608;1.01.002;CC4001;556110.57;Lancamento Contabil - 1.01.002 - Ref 08/2026
DOC-106510;2026-08-03;202608;1.01.002;CC4001;391664.92;Lancamento Contabil - 1.01.002 - Ref 08/2026
DOC-106511;2026-08-04;202608;1.01.002;CC4001;683247.99;Lancamento Contabil - 1.01.002 - Ref 08/2026
DOC-106512;2026-08-05;202608;1.01.002;CC4001;37951.04;Lancamento Contabil - 1.01.002 - Ref 08/2026
DOC-106513;2026-08-08;202608;1.01.002;CC4001;1404311.13;Lancamento Contabil - 1.01.002 - Ref 08/2026
DOC-106514;2026-08-24;202608;1.01.002;CC4001;71304.33;Lancamento Contabil - 1.01.002 - Ref 08/2026
DOC-106515;2026-08-25;202608;1.01.002;CC4001;3595.93;Lancamento Contabil - 1.01.002 - Ref 08/2026
DOC-106516;2026-08-28;202608;1.01.002;CC4001;1808953.12;Lancamento Contabil - 1.01.002 - Ref 08/2026
DOC-106517;2026-08-29;202608;1.01.002;CC4001;100140.57;Lancamento Contabil - 1.01.002 - Ref 08/2026
DOC-106518;2026-08-01;202608;1.02.001;CC1004;198259.66;Lancamento Contabil - 1.02.001 - Ref 08/2026
DOC-106519;2026-08-10;202608;1.02.001;CC1004;535312.63;Lancamento Contabil - 1.02.001 - Ref 08/2026
DOC-106520;2026-08-11;202608;1.02.001;CC1004;88145.38;Lancamento Contabil - 1.02.001 - Ref 08/2026
DOC-106521;2026-08-27;202608;1.02.001;CC1004;253392.12;Lancamento Contabil - 1.02.001 - Ref 08/2026
DOC-106522;2026-08-28;202608;1.02.001;CC1004;47537.88;Lancamento Contabil - 1.02.001 - Ref 08/2026
DOC-106523;2026-08-30;202608;1.02.001;CC1004;223894.81;Lancamento Contabil - 1.02.001 - Ref 08/2026
DOC-106524;2026-08-01;202608;2.01.001;CC3001;374881.91;Lancamento Contabil - 2.01.001 - Ref 08/2026
DOC-106525;2026-08-10;202608;2.01.001;CC3001;216851.13;Lancamento Contabil - 2.01.001 - Ref 08/2026
DOC-106526;2026-08-11;202608;2.01.001;CC3001;343380.09;Lancamento Contabil - 2.01.001 - Ref 08/2026
DOC-106527;2026-08-15;202608;2.01.001;CC3001;180094.89;Lancamento Contabil - 2.01.001 - Ref 08/2026
DOC-106528;2026-08-16;202608;2.01.001;CC3001;2122264.93;Lancamento Contabil - 2.01.001 - Ref 08/2026
DOC-106529;2026-08-07;202608;2.02.001;CC4001;9881.02;Lancamento Contabil - 2.02.001 - Ref 08/2026
DOC-106530;2026-08-17;202608;2.02.001;CC4001;6418.28;Lancamento Contabil - 2.02.001 - Ref 08/2026
DOC-106531;2026-08-18;202608;2.02.001;CC4001;22657.26;Lancamento Contabil - 2.02.001 - Ref 08/2026
DOC-106532;2026-08-24;202608;2.02.001;CC4001;58927.27;Lancamento Contabil - 2.02.001 - Ref 08/2026
DOC-106533;2026-08-25;202608;2.02.001;CC4001;9571.56;Lancamento Contabil - 2.02.001 - Ref 08/2026
DOC-106534;2026-08-29;202608;2.02.001;CC4001;32776.75;Lancamento Contabil - 2.02.001 - Ref 08/2026
DOC-106535;2026-08-30;202608;2.02.001;CC4001;13857.85;Lancamento Contabil - 2.02.001 - Ref 08/2026
DOC-106536;2026-08-05;202608;3.01.001;CC1001;279891.48;Lancamento Contabil - 3.01.001 - Ref 08/2026
DOC-106537;2026-08-16;202608;3.01.001;CC1001;1919512.29;Lancamento Contabil - 3.01.001 - Ref 08/2026
DOC-106538;2026-08-18;202608;3.01.001;CC1001;1178650.44;Lancamento Contabil - 3.01.001 - Ref 08/2026
DOC-106539;2026-08-20;202608;3.01.001;CC1001;1720496.34;Lancamento Contabil - 3.01.001 - Ref 08/2026
DOC-106540;2026-08-22;202608;3.01.001;CC1001;3606773.4;Lancamento Contabil - 3.01.001 - Ref 08/2026
DOC-106541;2026-08-23;202608;3.01.001;CC1001;949935.84;Lancamento Contabil - 3.01.001 - Ref 08/2026
DOC-106542;2026-08-24;202608;3.01.001;CC1001;3786739.22;Lancamento Contabil - 3.01.001 - Ref 08/2026
DOC-106543;2026-08-26;202608;3.01.001;CC1001;2272559.37;Lancamento Contabil - 3.01.001 - Ref 08/2026
DOC-106544;2026-08-13;202608;3.02.001;CC1002;98664.43;Lancamento Contabil - 3.02.001 - Ref 08/2026
DOC-106545;2026-08-19;202608;3.02.001;CC1002;1029543.82;Lancamento Contabil - 3.02.001 - Ref 08/2026
DOC-106546;2026-08-22;202608;3.02.001;CC1002;275693.56;Lancamento Contabil - 3.02.001 - Ref 08/2026
DOC-106547;2026-08-29;202608;3.02.001;CC1002;11230.75;Lancamento Contabil - 3.02.001 - Ref 08/2026
DOC-106548;2026-08-01;202608;3.02.001;CC1003;85251.26;Lancamento Contabil - 3.02.001 - Ref 08/2026
DOC-106549;2026-08-02;202608;3.02.001;CC1003;210481.63;Lancamento Contabil - 3.02.001 - Ref 08/2026
DOC-106550;2026-08-06;202608;3.02.001;CC1003;12499.88;Lancamento Contabil - 3.02.001 - Ref 08/2026
DOC-106551;2026-08-07;202608;3.02.001;CC1003;5211.47;Lancamento Contabil - 3.02.001 - Ref 08/2026
DOC-106552;2026-08-09;202608;3.02.001;CC1003;128891.99;Lancamento Contabil - 3.02.001 - Ref 08/2026
DOC-106553;2026-08-10;202608;3.02.001;CC1003;87202.82;Lancamento Contabil - 3.02.001 - Ref 08/2026
DOC-106554;2026-08-15;202608;3.02.001;CC1003;124344.05;Lancamento Contabil - 3.02.001 - Ref 08/2026
DOC-106555;2026-08-20;202608;3.02.001;CC1003;65698.69;Lancamento Contabil - 3.02.001 - Ref 08/2026
DOC-106556;2026-08-23;202608;3.02.001;CC1003;38801.53;Lancamento Contabil - 3.02.001 - Ref 08/2026
DOC-106557;2026-08-28;202608;3.02.001;CC1003;251890.26;Lancamento Contabil - 3.02.001 - Ref 08/2026
DOC-106558;2026-08-30;202608;3.02.001;CC1003;155805.46;Lancamento Contabil - 3.02.001 - Ref 08/2026
DOC-106559;2026-08-31;202608;3.02.001;CC1003;48147.14;Lancamento Contabil - 3.02.001 - Ref 08/2026
DOC-106560;2026-08-09;202608;3.03.001;CC1002;8281.77;Lancamento Contabil - 3.03.001 - Ref 08/2026
DOC-106561;2026-08-13;202608;3.03.001;CC1002;17622.41;Lancamento Contabil - 3.03.001 - Ref 08/2026
DOC-106562;2026-08-22;202608;3.03.001;CC1002;8402.84;Lancamento Contabil - 3.03.001 - Ref 08/2026
DOC-106563;2026-08-28;202608;3.03.001;CC1002;184811.07;Lancamento Contabil - 3.03.001 - Ref 08/2026
DOC-106564;2026-08-30;202608;3.03.001;CC1002;154209.07;Lancamento Contabil - 3.03.001 - Ref 08/2026
DOC-106565;2026-08-01;202608;3.03.001;CC1003;51749.35;Lancamento Contabil - 3.03.001 - Ref 08/2026
DOC-106566;2026-08-04;202608;3.03.001;CC1003;46583.88;Lancamento Contabil - 3.03.001 - Ref 08/2026
DOC-106567;2026-08-08;202608;3.03.001;CC1003;40922.31;Lancamento Contabil - 3.03.001 - Ref 08/2026
DOC-106568;2026-08-10;202608;3.03.001;CC1003;23964.66;Lancamento Contabil - 3.03.001 - Ref 08/2026
DOC-106569;2026-08-13;202608;3.03.001;CC1003;38008.71;Lancamento Contabil - 3.03.001 - Ref 08/2026
DOC-106570;2026-08-17;202608;3.03.001;CC1003;1446.28;Lancamento Contabil - 3.03.001 - Ref 08/2026
DOC-106571;2026-08-21;202608;3.03.001;CC1003;35917.7;Lancamento Contabil - 3.03.001 - Ref 08/2026
DOC-106572;2026-08-26;202608;3.03.001;CC1003;55627.59;Lancamento Contabil - 3.03.001 - Ref 08/2026
DOC-106573;2026-08-28;202608;3.03.001;CC1003;25654.57;Lancamento Contabil - 3.03.001 - Ref 08/2026
DOC-106574;2026-08-11;202608;3.03.001;CC1005;54812.21;Lancamento Contabil - 3.03.001 - Ref 08/2026
DOC-106575;2026-08-16;202608;3.03.001;CC1005;62841.04;Lancamento Contabil - 3.03.001 - Ref 08/2026
DOC-106576;2026-08-20;202608;3.03.001;CC1005;109026.03;Lancamento Contabil - 3.03.001 - Ref 08/2026
DOC-106577;2026-08-28;202608;3.03.001;CC1005;22312.08;Lancamento Contabil - 3.03.001 - Ref 08/2026
DOC-106578;2026-08-29;202608;3.03.001;CC1005;78197.84;Lancamento Contabil - 3.03.001 - Ref 08/2026
DOC-106579;2026-08-01;202608;3.04.001;CC1004;38942.76;Lancamento Contabil - 3.04.001 - Ref 08/2026
DOC-106580;2026-08-02;202608;3.04.001;CC1004;101327.33;Lancamento Contabil - 3.04.001 - Ref 08/2026
DOC-106581;2026-08-03;202608;3.04.001;CC1004;35460.48;Lancamento Contabil - 3.04.001 - Ref 08/2026
DOC-106582;2026-08-06;202608;3.04.001;CC1004;34452.27;Lancamento Contabil - 3.04.001 - Ref 08/2026
DOC-106583;2026-08-07;202608;3.04.001;CC1004;40757.05;Lancamento Contabil - 3.04.001 - Ref 08/2026
DOC-106584;2026-08-08;202608;3.04.001;CC1004;65382.61;Lancamento Contabil - 3.04.001 - Ref 08/2026
DOC-106585;2026-08-10;202608;3.04.001;CC1004;158007.98;Lancamento Contabil - 3.04.001 - Ref 08/2026
DOC-106586;2026-08-15;202608;3.04.001;CC1004;3610.87;Lancamento Contabil - 3.04.001 - Ref 08/2026
DOC-106587;2026-08-17;202608;3.04.001;CC1004;2595.12;Lancamento Contabil - 3.04.001 - Ref 08/2026
DOC-106588;2026-08-18;202608;3.04.001;CC1004;131061.77;Lancamento Contabil - 3.04.001 - Ref 08/2026
DOC-106589;2026-08-23;202608;3.04.001;CC1004;35667.45;Lancamento Contabil - 3.04.001 - Ref 08/2026
DOC-106590;2026-08-28;202608;3.04.001;CC1004;45095.28;Lancamento Contabil - 3.04.001 - Ref 08/2026
DOC-106591;2026-08-01;202608;3.05.001;CC1005;84707.97;Lancamento Contabil - 3.05.001 - Ref 08/2026
DOC-106592;2026-08-06;202608;3.05.001;CC1005;79714.47;Lancamento Contabil - 3.05.001 - Ref 08/2026
DOC-106593;2026-08-12;202608;3.05.001;CC1005;21651.39;Lancamento Contabil - 3.05.001 - Ref 08/2026
DOC-106594;2026-08-13;202608;3.05.001;CC1005;21193.07;Lancamento Contabil - 3.05.001 - Ref 08/2026
DOC-106595;2026-08-16;202608;3.05.001;CC1005;105445.96;Lancamento Contabil - 3.05.001 - Ref 08/2026
DOC-106596;2026-08-22;202608;3.05.001;CC1005;4353.55;Lancamento Contabil - 3.05.001 - Ref 08/2026
DOC-106597;2026-08-24;202608;3.05.001;CC1005;123434.07;Lancamento Contabil - 3.05.001 - Ref 08/2026
DOC-106598;2026-08-26;202608;3.05.001;CC1005;17192.19;Lancamento Contabil - 3.05.001 - Ref 08/2026
DOC-106599;2026-08-29;202608;3.05.001;CC1005;52103.61;Lancamento Contabil - 3.05.001 - Ref 08/2026
DOC-106600;2026-08-21;202608;3.06.001;CC1002;402986.87;Lancamento Contabil - 3.06.001 - Ref 08/2026
DOC-106601;2026-08-10;202608;3.06.001;CC1003;384093.97;Lancamento Contabil - 3.06.001 - Ref 08/2026
DOC-106602;2026-08-02;202608;4.01.001;CC2001;80685.11;Lancamento Contabil - 4.01.001 - Ref 08/2026
DOC-106603;2026-08-09;202608;4.01.001;CC2001;62146.62;Lancamento Contabil - 4.01.001 - Ref 08/2026
DOC-106604;2026-08-13;202608;4.01.001;CC2001;1092631.29;Lancamento Contabil - 4.01.001 - Ref 08/2026
DOC-106605;2026-08-17;202608;4.01.001;CC2001;265935.67;Lancamento Contabil - 4.01.001 - Ref 08/2026
DOC-106606;2026-08-21;202608;4.01.001;CC2001;198064.86;Lancamento Contabil - 4.01.001 - Ref 08/2026
DOC-106607;2026-08-26;202608;4.01.001;CC2001;84013.6;Lancamento Contabil - 4.01.001 - Ref 08/2026
DOC-106608;2026-08-30;202608;4.01.001;CC2001;9648.29;Lancamento Contabil - 4.01.001 - Ref 08/2026
DOC-106609;2026-08-08;202608;4.02.001;CC3001;108974.72;Lancamento Contabil - 4.02.001 - Ref 08/2026
DOC-106610;2026-08-09;202608;4.02.001;CC3001;58513.24;Lancamento Contabil - 4.02.001 - Ref 08/2026
DOC-106611;2026-08-18;202608;4.02.001;CC3001;139480.35;Lancamento Contabil - 4.02.001 - Ref 08/2026
DOC-106612;2026-08-31;202608;4.02.001;CC3001;2580.71;Lancamento Contabil - 4.02.001 - Ref 08/2026
DOC-106613;2026-08-03;202608;4.02.001;CC3003;28968.32;Lancamento Contabil - 4.02.001 - Ref 08/2026
DOC-106614;2026-08-05;202608;4.02.001;CC3003;17156.14;Lancamento Contabil - 4.02.001 - Ref 08/2026
DOC-106615;2026-08-11;202608;4.02.001;CC3003;37590.97;Lancamento Contabil - 4.02.001 - Ref 08/2026
DOC-106616;2026-08-13;202608;4.02.001;CC3003;4763.41;Lancamento Contabil - 4.02.001 - Ref 08/2026
DOC-106617;2026-08-22;202608;4.02.001;CC3003;195406.22;Lancamento Contabil - 4.02.001 - Ref 08/2026
DOC-106618;2026-08-29;202608;4.02.001;CC3003;16018.32;Lancamento Contabil - 4.02.001 - Ref 08/2026
DOC-106619;2026-08-08;202608;4.03.001;CC3002;69372.53;Lancamento Contabil - 4.03.001 - Ref 08/2026
DOC-106620;2026-08-14;202608;4.03.001;CC3002;13227.72;Lancamento Contabil - 4.03.001 - Ref 08/2026
DOC-106621;2026-08-17;202608;4.03.001;CC3002;43753.96;Lancamento Contabil - 4.03.001 - Ref 08/2026
DOC-106622;2026-08-19;202608;4.03.001;CC3002;87.85;Lancamento Contabil - 4.03.001 - Ref 08/2026
DOC-106623;2026-08-20;202608;4.03.001;CC3002;22592.11;Lancamento Contabil - 4.03.001 - Ref 08/2026
DOC-106624;2026-08-21;202608;4.03.001;CC3002;38223.14;Lancamento Contabil - 4.03.001 - Ref 08/2026
DOC-106625;2026-08-22;202608;4.03.001;CC3002;2465.11;Lancamento Contabil - 4.03.001 - Ref 08/2026
DOC-106626;2026-08-25;202608;4.03.001;CC3002;1655.42;Lancamento Contabil - 4.03.001 - Ref 08/2026
DOC-106627;2026-08-28;202608;4.03.001;CC3002;9052.12;Lancamento Contabil - 4.03.001 - Ref 08/2026
DOC-106628;2026-08-30;202608;4.03.001;CC3002;44442.2;Lancamento Contabil - 4.03.001 - Ref 08/2026
DOC-106629;2026-08-10;202608;4.04.001;CC1001;24008.1;Lancamento Contabil - 4.04.001 - Ref 08/2026
DOC-106630;2026-08-11;202608;4.04.001;CC1001;23022.11;Lancamento Contabil - 4.04.001 - Ref 08/2026
DOC-106631;2026-08-14;202608;4.04.001;CC1001;4672.24;Lancamento Contabil - 4.04.001 - Ref 08/2026
DOC-106632;2026-08-15;202608;4.04.001;CC1001;24.26;Lancamento Contabil - 4.04.001 - Ref 08/2026
DOC-106633;2026-08-18;202608;4.04.001;CC1001;51026.17;Lancamento Contabil - 4.04.001 - Ref 08/2026
DOC-106634;2026-08-20;202608;4.04.001;CC1001;2814.67;Lancamento Contabil - 4.04.001 - Ref 08/2026
DOC-106635;2026-08-05;202608;4.04.001;CC3001;6398.21;Lancamento Contabil - 4.04.001 - Ref 08/2026
DOC-106636;2026-08-07;202608;4.04.001;CC3001;29922.79;Lancamento Contabil - 4.04.001 - Ref 08/2026
DOC-106637;2026-08-18;202608;4.04.001;CC3001;2241.07;Lancamento Contabil - 4.04.001 - Ref 08/2026
DOC-106638;2026-08-19;202608;4.04.001;CC3001;25309.96;Lancamento Contabil - 4.04.001 - Ref 08/2026
DOC-106639;2026-08-21;202608;4.04.001;CC3001;4895.22;Lancamento Contabil - 4.04.001 - Ref 08/2026
DOC-106640;2026-08-22;202608;4.04.001;CC3001;36407.76;Lancamento Contabil - 4.04.001 - Ref 08/2026
DOC-106641;2026-08-05;202608;4.05.001;CC4001;15857.28;Lancamento Contabil - 4.05.001 - Ref 08/2026
DOC-106642;2026-08-10;202608;4.05.001;CC4001;27538.93;Lancamento Contabil - 4.05.001 - Ref 08/2026
DOC-106643;2026-08-17;202608;4.05.001;CC4001;40474.01;Lancamento Contabil - 4.05.001 - Ref 08/2026
DOC-106644;2026-08-23;202608;4.05.001;CC4001;8311.2;Lancamento Contabil - 4.05.001 - Ref 08/2026
DOC-106645;2026-08-28;202608;4.05.001;CC4001;59874.47;Lancamento Contabil - 4.05.001 - Ref 08/2026
DOC-106646;2026-08-30;202608;4.05.001;CC4001;15946.58;Lancamento Contabil - 4.05.001 - Ref 08/2026
DOC-106647;2026-08-31;202608;4.05.001;CC4001;48036.54;Lancamento Contabil - 4.05.001 - Ref 08/2026
DOC-106648;2026-08-03;202608;4.06.001;CC3001;1338.1;Lancamento Contabil - 4.06.001 - Ref 08/2026
DOC-106649;2026-08-05;202608;4.06.001;CC3001;5403.91;Lancamento Contabil - 4.06.001 - Ref 08/2026
DOC-106650;2026-08-06;202608;4.06.001;CC3001;2769.86;Lancamento Contabil - 4.06.001 - Ref 08/2026
DOC-106651;2026-08-11;202608;4.06.001;CC3001;13459.08;Lancamento Contabil - 4.06.001 - Ref 08/2026
DOC-106652;2026-08-18;202608;4.06.001;CC3001;2963.92;Lancamento Contabil - 4.06.001 - Ref 08/2026
DOC-106653;2026-08-19;202608;4.06.001;CC3001;20822.2;Lancamento Contabil - 4.06.001 - Ref 08/2026
DOC-106654;2026-08-21;202608;4.06.001;CC3001;21693.08;Lancamento Contabil - 4.06.001 - Ref 08/2026
DOC-106655;2026-08-23;202608;4.06.001;CC3001;2133.31;Lancamento Contabil - 4.06.001 - Ref 08/2026
DOC-106656;2026-08-25;202608;4.06.001;CC3001;9281.36;Lancamento Contabil - 4.06.001 - Ref 08/2026
DOC-106657;2026-08-30;202608;4.06.001;CC3001;895.5;Lancamento Contabil - 4.06.001 - Ref 08/2026
DOC-106658;2026-08-05;202608;4.06.001;CC1005;8951.11;Lancamento Contabil - 4.06.001 - Ref 08/2026
DOC-106659;2026-08-06;202608;4.06.001;CC1005;22510.13;Lancamento Contabil - 4.06.001 - Ref 08/2026
DOC-106660;2026-08-11;202608;4.06.001;CC1005;19406.19;Lancamento Contabil - 4.06.001 - Ref 08/2026
DOC-106661;2026-08-27;202608;4.06.001;CC1005;17657.06;Lancamento Contabil - 4.06.001 - Ref 08/2026
DOC-106662;2026-08-29;202608;4.06.001;CC1005;5982.3;Lancamento Contabil - 4.06.001 - Ref 08/2026
DOC-106663;2026-08-11;202608;5.01.001;CC3001;174745.27;Lancamento Contabil - 5.01.001 - Ref 08/2026
DOC-106664;2026-08-14;202608;5.01.001;CC3001;96487.09;Lancamento Contabil - 5.01.001 - Ref 08/2026
DOC-106665;2026-08-25;202608;5.01.001;CC3001;169809.82;Lancamento Contabil - 5.01.001 - Ref 08/2026
DOC-106666;2026-08-29;202608;5.01.001;CC3001;39405.92;Lancamento Contabil - 5.01.001 - Ref 08/2026
DOC-106667;2026-08-04;202608;5.02.001;CC3001;19094.56;Lancamento Contabil - 5.02.001 - Ref 08/2026
DOC-106668;2026-08-05;202608;5.02.001;CC3001;19804.3;Lancamento Contabil - 5.02.001 - Ref 08/2026
DOC-106669;2026-08-07;202608;5.02.001;CC3001;1269.67;Lancamento Contabil - 5.02.001 - Ref 08/2026
DOC-106670;2026-08-09;202608;5.02.001;CC3001;20306.5;Lancamento Contabil - 5.02.001 - Ref 08/2026
DOC-106671;2026-08-10;202608;5.02.001;CC3001;79165.73;Lancamento Contabil - 5.02.001 - Ref 08/2026
DOC-106672;2026-08-15;202608;5.02.001;CC3001;110802.33;Lancamento Contabil - 5.02.001 - Ref 08/2026
DOC-106673;2026-08-21;202608;5.02.001;CC3001;35552.51;Lancamento Contabil - 5.02.001 - Ref 08/2026
DOC-106674;2026-08-24;202608;5.02.001;CC3001;29594.81;Lancamento Contabil - 5.02.001 - Ref 08/2026
DOC-106675;2026-08-27;202608;5.02.001;CC3001;1524.3;Lancamento Contabil - 5.02.001 - Ref 08/2026
DOC-106676;2026-08-29;202608;5.02.001;CC3001;102902.13;Lancamento Contabil - 5.02.001 - Ref 08/2026
DOC-106677;2026-08-01;202608;5.03.001;CC3001;54799.0;Lancamento Contabil - 5.03.001 - Ref 08/2026
DOC-106678;2026-08-06;202608;5.03.001;CC3001;524.51;Lancamento Contabil - 5.03.001 - Ref 08/2026
DOC-106679;2026-08-09;202608;5.03.001;CC3001;18498.54;Lancamento Contabil - 5.03.001 - Ref 08/2026
DOC-106680;2026-08-20;202608;5.03.001;CC3001;16910.57;Lancamento Contabil - 5.03.001 - Ref 08/2026
DOC-106681;2026-08-25;202608;5.03.001;CC3001;5259.01;Lancamento Contabil - 5.03.001 - Ref 08/2026
DOC-106682;2026-08-28;202608;5.03.001;CC3001;11898.41;Lancamento Contabil - 5.03.001 - Ref 08/2026
DOC-106683;2026-08-01;202608;6.01.001;CC3001;250228.16;Lancamento Contabil - 6.01.001 - Ref 08/2026
DOC-106684;2026-08-03;202608;6.01.001;CC3001;307662.37;Lancamento Contabil - 6.01.001 - Ref 08/2026
DOC-106685;2026-08-08;202608;6.01.001;CC3001;169.88;Lancamento Contabil - 6.01.001 - Ref 08/2026
DOC-106686;2026-08-12;202608;6.01.001;CC3001;654356.49;Lancamento Contabil - 6.01.001 - Ref 08/2026
DOC-106687;2026-08-20;202608;6.01.001;CC3001;42581.97;Lancamento Contabil - 6.01.001 - Ref 08/2026
DOC-106688;2026-08-22;202608;6.01.001;CC3001;63018.4;Lancamento Contabil - 6.01.001 - Ref 08/2026
DOC-106689;2026-08-30;202608;6.01.001;CC3001;72442.89;Lancamento Contabil - 6.01.001 - Ref 08/2026
DOC-106690;2026-09-05;202609;1.01.001;CC4001;1784549.42;Lancamento Contabil - 1.01.001 - Ref 09/2026
DOC-106691;2026-09-06;202609;1.01.001;CC4001;126970.78;Lancamento Contabil - 1.01.001 - Ref 09/2026
DOC-106692;2026-09-12;202609;1.01.001;CC4001;1516776.93;Lancamento Contabil - 1.01.001 - Ref 09/2026
DOC-106693;2026-09-13;202609;1.01.001;CC4001;349558.48;Lancamento Contabil - 1.01.001 - Ref 09/2026
DOC-106694;2026-09-16;202609;1.01.001;CC4001;655786.61;Lancamento Contabil - 1.01.001 - Ref 09/2026
DOC-106695;2026-09-17;202609;1.01.001;CC4001;3393514.13;Lancamento Contabil - 1.01.001 - Ref 09/2026
DOC-106696;2026-09-20;202609;1.01.001;CC4001;1569821.41;Lancamento Contabil - 1.01.001 - Ref 09/2026
DOC-106697;2026-09-21;202609;1.01.001;CC4001;4359652.33;Lancamento Contabil - 1.01.001 - Ref 09/2026
DOC-106698;2026-09-23;202609;1.01.001;CC4001;1756646.64;Lancamento Contabil - 1.01.001 - Ref 09/2026
DOC-106699;2026-09-26;202609;1.01.001;CC4001;16958947.14;Lancamento Contabil - 1.01.001 - Ref 09/2026
DOC-106700;2026-09-28;202609;1.01.001;CC4001;14203716.11;Lancamento Contabil - 1.01.001 - Ref 09/2026
DOC-106701;2026-09-01;202609;1.01.002;CC4001;417205.51;Lancamento Contabil - 1.01.002 - Ref 09/2026
DOC-106702;2026-09-02;202609;1.01.002;CC4001;218241.52;Lancamento Contabil - 1.01.002 - Ref 09/2026
DOC-106703;2026-09-05;202609;1.01.002;CC4001;239324.47;Lancamento Contabil - 1.01.002 - Ref 09/2026
DOC-106704;2026-09-06;202609;1.01.002;CC4001;264703.72;Lancamento Contabil - 1.01.002 - Ref 09/2026
DOC-106705;2026-09-07;202609;1.01.002;CC4001;648526.0;Lancamento Contabil - 1.01.002 - Ref 09/2026
DOC-106706;2026-09-08;202609;1.01.002;CC4001;299635.49;Lancamento Contabil - 1.01.002 - Ref 09/2026
DOC-106707;2026-09-09;202609;1.01.002;CC4001;969004.91;Lancamento Contabil - 1.01.002 - Ref 09/2026
DOC-106708;2026-09-14;202609;1.01.002;CC4001;1438327.5;Lancamento Contabil - 1.01.002 - Ref 09/2026
DOC-106709;2026-09-25;202609;1.01.002;CC4001;204167.79;Lancamento Contabil - 1.01.002 - Ref 09/2026
DOC-106710;2026-09-27;202609;1.01.002;CC4001;410218.74;Lancamento Contabil - 1.01.002 - Ref 09/2026
DOC-106711;2026-09-28;202609;1.01.002;CC4001;49812.53;Lancamento Contabil - 1.01.002 - Ref 09/2026
DOC-106712;2026-09-03;202609;1.02.001;CC1004;52932.08;Lancamento Contabil - 1.02.001 - Ref 09/2026
DOC-106713;2026-09-06;202609;1.02.001;CC1004;479519.72;Lancamento Contabil - 1.02.001 - Ref 09/2026
DOC-106714;2026-09-11;202609;1.02.001;CC1004;39497.33;Lancamento Contabil - 1.02.001 - Ref 09/2026
DOC-106715;2026-09-15;202609;1.02.001;CC1004;139404.9;Lancamento Contabil - 1.02.001 - Ref 09/2026
DOC-106716;2026-09-16;202609;1.02.001;CC1004;213317.4;Lancamento Contabil - 1.02.001 - Ref 09/2026
DOC-106717;2026-09-20;202609;1.02.001;CC1004;269835.61;Lancamento Contabil - 1.02.001 - Ref 09/2026
DOC-106718;2026-09-23;202609;1.02.001;CC1004;110710.78;Lancamento Contabil - 1.02.001 - Ref 09/2026
DOC-106719;2026-09-02;202609;2.01.001;CC3001;625119.84;Lancamento Contabil - 2.01.001 - Ref 09/2026
DOC-106720;2026-09-08;202609;2.01.001;CC3001;258269.75;Lancamento Contabil - 2.01.001 - Ref 09/2026
DOC-106721;2026-09-11;202609;2.01.001;CC3001;177988.61;Lancamento Contabil - 2.01.001 - Ref 09/2026
DOC-106722;2026-09-13;202609;2.01.001;CC3001;21400.21;Lancamento Contabil - 2.01.001 - Ref 09/2026
DOC-106723;2026-09-14;202609;2.01.001;CC3001;192121.07;Lancamento Contabil - 2.01.001 - Ref 09/2026
DOC-106724;2026-09-20;202609;2.01.001;CC3001;528455.02;Lancamento Contabil - 2.01.001 - Ref 09/2026
DOC-106725;2026-09-23;202609;2.01.001;CC3001;293087.74;Lancamento Contabil - 2.01.001 - Ref 09/2026
DOC-106726;2026-09-24;202609;2.01.001;CC3001;548704.15;Lancamento Contabil - 2.01.001 - Ref 09/2026
DOC-106727;2026-09-25;202609;2.01.001;CC3001;209440.15;Lancamento Contabil - 2.01.001 - Ref 09/2026
DOC-106728;2026-09-27;202609;2.01.001;CC3001;38763.99;Lancamento Contabil - 2.01.001 - Ref 09/2026
DOC-106729;2026-09-29;202609;2.01.001;CC3001;4222.28;Lancamento Contabil - 2.01.001 - Ref 09/2026
DOC-106730;2026-09-02;202609;2.02.001;CC4001;50156.6;Lancamento Contabil - 2.02.001 - Ref 09/2026
DOC-106731;2026-09-04;202609;2.02.001;CC4001;11259.59;Lancamento Contabil - 2.02.001 - Ref 09/2026
DOC-106732;2026-09-08;202609;2.02.001;CC4001;21981.0;Lancamento Contabil - 2.02.001 - Ref 09/2026
DOC-106733;2026-09-15;202609;2.02.001;CC4001;17554.75;Lancamento Contabil - 2.02.001 - Ref 09/2026
DOC-106734;2026-09-17;202609;2.02.001;CC4001;16972.25;Lancamento Contabil - 2.02.001 - Ref 09/2026
DOC-106735;2026-09-21;202609;2.02.001;CC4001;8449.46;Lancamento Contabil - 2.02.001 - Ref 09/2026
DOC-106736;2026-09-23;202609;2.02.001;CC4001;4708.13;Lancamento Contabil - 2.02.001 - Ref 09/2026
DOC-106737;2026-09-25;202609;2.02.001;CC4001;7033.12;Lancamento Contabil - 2.02.001 - Ref 09/2026
DOC-106738;2026-09-26;202609;2.02.001;CC4001;1827.93;Lancamento Contabil - 2.02.001 - Ref 09/2026
DOC-106739;2026-09-27;202609;2.02.001;CC4001;7090.83;Lancamento Contabil - 2.02.001 - Ref 09/2026
DOC-106740;2026-09-28;202609;2.02.001;CC4001;296.83;Lancamento Contabil - 2.02.001 - Ref 09/2026
DOC-106741;2026-09-30;202609;2.02.001;CC4001;31691.19;Lancamento Contabil - 2.02.001 - Ref 09/2026
DOC-106742;2026-09-02;202609;3.01.001;CC1001;342383.42;Lancamento Contabil - 3.01.001 - Ref 09/2026
DOC-106743;2026-09-07;202609;3.01.001;CC1001;3256245.14;Lancamento Contabil - 3.01.001 - Ref 09/2026
DOC-106744;2026-09-10;202609;3.01.001;CC1001;193829.08;Lancamento Contabil - 3.01.001 - Ref 09/2026
DOC-106745;2026-09-13;202609;3.01.001;CC1001;382027.25;Lancamento Contabil - 3.01.001 - Ref 09/2026
DOC-106746;2026-09-15;202609;3.01.001;CC1001;398711.12;Lancamento Contabil - 3.01.001 - Ref 09/2026
DOC-106747;2026-09-17;202609;3.01.001;CC1001;7640.27;Lancamento Contabil - 3.01.001 - Ref 09/2026
DOC-106748;2026-09-18;202609;3.01.001;CC1001;1645223.57;Lancamento Contabil - 3.01.001 - Ref 09/2026
DOC-106749;2026-09-21;202609;3.01.001;CC1001;29271.85;Lancamento Contabil - 3.01.001 - Ref 09/2026
DOC-106750;2026-09-24;202609;3.01.001;CC1001;2535302.13;Lancamento Contabil - 3.01.001 - Ref 09/2026
DOC-106751;2026-09-26;202609;3.01.001;CC1001;2004101.13;Lancamento Contabil - 3.01.001 - Ref 09/2026
DOC-106752;2026-09-28;202609;3.01.001;CC1001;690301.37;Lancamento Contabil - 3.01.001 - Ref 09/2026
DOC-106753;2026-09-30;202609;3.01.001;CC1001;706086.23;Lancamento Contabil - 3.01.001 - Ref 09/2026
DOC-106754;2026-09-06;202609;3.02.001;CC1002;145661.32;Lancamento Contabil - 3.02.001 - Ref 09/2026
DOC-106755;2026-09-10;202609;3.02.001;CC1002;6403.1;Lancamento Contabil - 3.02.001 - Ref 09/2026
DOC-106756;2026-09-14;202609;3.02.001;CC1002;7767.78;Lancamento Contabil - 3.02.001 - Ref 09/2026
DOC-106757;2026-09-15;202609;3.02.001;CC1002;85428.41;Lancamento Contabil - 3.02.001 - Ref 09/2026
DOC-106758;2026-09-20;202609;3.02.001;CC1002;111515.08;Lancamento Contabil - 3.02.001 - Ref 09/2026
DOC-106759;2026-09-25;202609;3.02.001;CC1002;305833.34;Lancamento Contabil - 3.02.001 - Ref 09/2026
DOC-106760;2026-09-27;202609;3.02.001;CC1002;15455.37;Lancamento Contabil - 3.02.001 - Ref 09/2026
DOC-106761;2026-09-28;202609;3.02.001;CC1002;241802.82;Lancamento Contabil - 3.02.001 - Ref 09/2026
DOC-106762;2026-09-05;202609;3.02.001;CC1003;156253.42;Lancamento Contabil - 3.02.001 - Ref 09/2026
DOC-106763;2026-09-17;202609;3.02.001;CC1003;332022.64;Lancamento Contabil - 3.02.001 - Ref 09/2026
DOC-106764;2026-09-23;202609;3.02.001;CC1003;252276.48;Lancamento Contabil - 3.02.001 - Ref 09/2026
DOC-106765;2026-09-29;202609;3.02.001;CC1003;338696.79;Lancamento Contabil - 3.02.001 - Ref 09/2026
DOC-106766;2026-09-03;202609;3.03.001;CC1002;43630.2;Lancamento Contabil - 3.03.001 - Ref 09/2026
DOC-106767;2026-09-04;202609;3.03.001;CC1002;15712.13;Lancamento Contabil - 3.03.001 - Ref 09/2026
DOC-106768;2026-09-05;202609;3.03.001;CC1002;18193.09;Lancamento Contabil - 3.03.001 - Ref 09/2026
DOC-106769;2026-09-06;202609;3.03.001;CC1002;50946.1;Lancamento Contabil - 3.03.001 - Ref 09/2026
DOC-106770;2026-09-15;202609;3.03.001;CC1002;33022.29;Lancamento Contabil - 3.03.001 - Ref 09/2026
DOC-106771;2026-09-17;202609;3.03.001;CC1002;18184.66;Lancamento Contabil - 3.03.001 - Ref 09/2026
DOC-106772;2026-09-18;202609;3.03.001;CC1002;8037.18;Lancamento Contabil - 3.03.001 - Ref 09/2026
DOC-106773;2026-09-19;202609;3.03.001;CC1002;58315.83;Lancamento Contabil - 3.03.001 - Ref 09/2026
DOC-106774;2026-09-21;202609;3.03.001;CC1002;23206.5;Lancamento Contabil - 3.03.001 - Ref 09/2026
DOC-106775;2026-09-24;202609;3.03.001;CC1002;6740.91;Lancamento Contabil - 3.03.001 - Ref 09/2026
DOC-106776;2026-09-27;202609;3.03.001;CC1002;8455.49;Lancamento Contabil - 3.03.001 - Ref 09/2026
DOC-106777;2026-09-01;202609;3.03.001;CC1003;33421.41;Lancamento Contabil - 3.03.001 - Ref 09/2026
DOC-106778;2026-09-06;202609;3.03.001;CC1003;928.46;Lancamento Contabil - 3.03.001 - Ref 09/2026
DOC-106779;2026-09-07;202609;3.03.001;CC1003;99528.49;Lancamento Contabil - 3.03.001 - Ref 09/2026
DOC-106780;2026-09-11;202609;3.03.001;CC1003;2872.12;Lancamento Contabil - 3.03.001 - Ref 09/2026
DOC-106781;2026-09-14;202609;3.03.001;CC1003;32696.4;Lancamento Contabil - 3.03.001 - Ref 09/2026
DOC-106782;2026-09-15;202609;3.03.001;CC1003;10326.4;Lancamento Contabil - 3.03.001 - Ref 09/2026
DOC-106783;2026-09-19;202609;3.03.001;CC1003;13936.31;Lancamento Contabil - 3.03.001 - Ref 09/2026
DOC-106784;2026-09-23;202609;3.03.001;CC1003;43713.2;Lancamento Contabil - 3.03.001 - Ref 09/2026
DOC-106785;2026-09-25;202609;3.03.001;CC1003;10952.04;Lancamento Contabil - 3.03.001 - Ref 09/2026
DOC-106786;2026-09-28;202609;3.03.001;CC1003;15856.91;Lancamento Contabil - 3.03.001 - Ref 09/2026
DOC-106787;2026-09-09;202609;3.03.001;CC1005;12534.29;Lancamento Contabil - 3.03.001 - Ref 09/2026
DOC-106788;2026-09-11;202609;3.03.001;CC1005;11709.92;Lancamento Contabil - 3.03.001 - Ref 09/2026
DOC-106789;2026-09-21;202609;3.03.001;CC1005;51317.65;Lancamento Contabil - 3.03.001 - Ref 09/2026
DOC-106790;2026-09-23;202609;3.03.001;CC1005;101194.15;Lancamento Contabil - 3.03.001 - Ref 09/2026
DOC-106791;2026-09-30;202609;3.03.001;CC1005;120720.45;Lancamento Contabil - 3.03.001 - Ref 09/2026
DOC-106792;2026-09-03;202609;3.04.001;CC1004;14650.82;Lancamento Contabil - 3.04.001 - Ref 09/2026
DOC-106793;2026-09-04;202609;3.04.001;CC1004;6181.48;Lancamento Contabil - 3.04.001 - Ref 09/2026
DOC-106794;2026-09-23;202609;3.04.001;CC1004;210192.04;Lancamento Contabil - 3.04.001 - Ref 09/2026
DOC-106795;2026-09-24;202609;3.04.001;CC1004;22509.98;Lancamento Contabil - 3.04.001 - Ref 09/2026
DOC-106796;2026-09-28;202609;3.04.001;CC1004;143083.28;Lancamento Contabil - 3.04.001 - Ref 09/2026
DOC-106797;2026-09-30;202609;3.04.001;CC1004;148426.35;Lancamento Contabil - 3.04.001 - Ref 09/2026
DOC-106798;2026-09-03;202609;3.05.001;CC1005;88698.95;Lancamento Contabil - 3.05.001 - Ref 09/2026
DOC-106799;2026-09-06;202609;3.05.001;CC1005;75409.24;Lancamento Contabil - 3.05.001 - Ref 09/2026
DOC-106800;2026-09-12;202609;3.05.001;CC1005;46699.71;Lancamento Contabil - 3.05.001 - Ref 09/2026
DOC-106801;2026-09-13;202609;3.05.001;CC1005;21149.9;Lancamento Contabil - 3.05.001 - Ref 09/2026
DOC-106802;2026-09-17;202609;3.05.001;CC1005;15658.63;Lancamento Contabil - 3.05.001 - Ref 09/2026
DOC-106803;2026-09-20;202609;3.05.001;CC1005;6684.21;Lancamento Contabil - 3.05.001 - Ref 09/2026
DOC-106804;2026-09-21;202609;3.05.001;CC1005;36657.78;Lancamento Contabil - 3.05.001 - Ref 09/2026
DOC-106805;2026-09-23;202609;3.05.001;CC1005;45258.5;Lancamento Contabil - 3.05.001 - Ref 09/2026
DOC-106806;2026-09-24;202609;3.05.001;CC1005;22896.76;Lancamento Contabil - 3.05.001 - Ref 09/2026
DOC-106807;2026-09-25;202609;3.05.001;CC1005;33170.56;Lancamento Contabil - 3.05.001 - Ref 09/2026
DOC-106808;2026-09-27;202609;3.05.001;CC1005;23233.01;Lancamento Contabil - 3.05.001 - Ref 09/2026
DOC-106809;2026-09-18;202609;3.06.001;CC1002;332597.96;Lancamento Contabil - 3.06.001 - Ref 09/2026
DOC-106810;2026-09-13;202609;3.06.001;CC1003;304062.63;Lancamento Contabil - 3.06.001 - Ref 09/2026
DOC-106811;2026-09-06;202609;4.01.001;CC2001;227568.55;Lancamento Contabil - 4.01.001 - Ref 09/2026
DOC-106812;2026-09-11;202609;4.01.001;CC2001;468501.43;Lancamento Contabil - 4.01.001 - Ref 09/2026
DOC-106813;2026-09-25;202609;4.01.001;CC2001;57005.27;Lancamento Contabil - 4.01.001 - Ref 09/2026
DOC-106814;2026-09-30;202609;4.01.001;CC2001;523076.42;Lancamento Contabil - 4.01.001 - Ref 09/2026
DOC-106815;2026-09-05;202609;4.02.001;CC3001;2998.98;Lancamento Contabil - 4.02.001 - Ref 09/2026
DOC-106816;2026-09-06;202609;4.02.001;CC3001;114300.72;Lancamento Contabil - 4.02.001 - Ref 09/2026
DOC-106817;2026-09-23;202609;4.02.001;CC3001;38468.31;Lancamento Contabil - 4.02.001 - Ref 09/2026
DOC-106818;2026-09-25;202609;4.02.001;CC3001;56416.07;Lancamento Contabil - 4.02.001 - Ref 09/2026
DOC-106819;2026-09-28;202609;4.02.001;CC3001;90803.76;Lancamento Contabil - 4.02.001 - Ref 09/2026
DOC-106820;2026-09-30;202609;4.02.001;CC3001;8303.41;Lancamento Contabil - 4.02.001 - Ref 09/2026
DOC-106821;2026-09-10;202609;4.02.001;CC3003;4382.21;Lancamento Contabil - 4.02.001 - Ref 09/2026
DOC-106822;2026-09-14;202609;4.02.001;CC3003;235053.87;Lancamento Contabil - 4.02.001 - Ref 09/2026
DOC-106823;2026-09-24;202609;4.02.001;CC3003;42116.18;Lancamento Contabil - 4.02.001 - Ref 09/2026
DOC-106824;2026-09-25;202609;4.02.001;CC3003;15375.95;Lancamento Contabil - 4.02.001 - Ref 09/2026
DOC-106825;2026-09-01;202609;4.03.001;CC3002;758.0;Lancamento Contabil - 4.03.001 - Ref 09/2026
DOC-106826;2026-09-04;202609;4.03.001;CC3002;7744.75;Lancamento Contabil - 4.03.001 - Ref 09/2026
DOC-106827;2026-09-05;202609;4.03.001;CC3002;803.53;Lancamento Contabil - 4.03.001 - Ref 09/2026
DOC-106828;2026-09-06;202609;4.03.001;CC3002;13138.55;Lancamento Contabil - 4.03.001 - Ref 09/2026
DOC-106829;2026-09-07;202609;4.03.001;CC3002;54325.73;Lancamento Contabil - 4.03.001 - Ref 09/2026
DOC-106830;2026-09-09;202609;4.03.001;CC3002;97684.05;Lancamento Contabil - 4.03.001 - Ref 09/2026
DOC-106831;2026-09-10;202609;4.03.001;CC3002;24418.8;Lancamento Contabil - 4.03.001 - Ref 09/2026
DOC-106832;2026-09-15;202609;4.03.001;CC3002;4247.88;Lancamento Contabil - 4.03.001 - Ref 09/2026
DOC-106833;2026-09-20;202609;4.03.001;CC3002;56930.57;Lancamento Contabil - 4.03.001 - Ref 09/2026
DOC-106834;2026-09-21;202609;4.03.001;CC3002;17496.59;Lancamento Contabil - 4.03.001 - Ref 09/2026
DOC-106835;2026-09-24;202609;4.03.001;CC3002;4022.23;Lancamento Contabil - 4.03.001 - Ref 09/2026
DOC-106836;2026-09-01;202609;4.04.001;CC1001;20432.07;Lancamento Contabil - 4.04.001 - Ref 09/2026
DOC-106837;2026-09-07;202609;4.04.001;CC1001;11361.74;Lancamento Contabil - 4.04.001 - Ref 09/2026
DOC-106838;2026-09-08;202609;4.04.001;CC1001;10552.04;Lancamento Contabil - 4.04.001 - Ref 09/2026
DOC-106839;2026-09-16;202609;4.04.001;CC1001;9905.48;Lancamento Contabil - 4.04.001 - Ref 09/2026
DOC-106840;2026-09-18;202609;4.04.001;CC1001;1793.08;Lancamento Contabil - 4.04.001 - Ref 09/2026
DOC-106841;2026-09-19;202609;4.04.001;CC1001;1900.79;Lancamento Contabil - 4.04.001 - Ref 09/2026
DOC-106842;2026-09-20;202609;4.04.001;CC1001;9349.18;Lancamento Contabil - 4.04.001 - Ref 09/2026
DOC-106843;2026-09-24;202609;4.04.001;CC1001;1989.88;Lancamento Contabil - 4.04.001 - Ref 09/2026
DOC-106844;2026-09-26;202609;4.04.001;CC1001;4631.31;Lancamento Contabil - 4.04.001 - Ref 09/2026
DOC-106845;2026-09-28;202609;4.04.001;CC1001;12217.05;Lancamento Contabil - 4.04.001 - Ref 09/2026
DOC-106846;2026-09-29;202609;4.04.001;CC1001;12289.14;Lancamento Contabil - 4.04.001 - Ref 09/2026
DOC-106847;2026-09-01;202609;4.04.001;CC3001;26163.39;Lancamento Contabil - 4.04.001 - Ref 09/2026
DOC-106848;2026-09-03;202609;4.04.001;CC3001;15255.65;Lancamento Contabil - 4.04.001 - Ref 09/2026
DOC-106849;2026-09-08;202609;4.04.001;CC3001;3719.7;Lancamento Contabil - 4.04.001 - Ref 09/2026
DOC-106850;2026-09-09;202609;4.04.001;CC3001;4593.23;Lancamento Contabil - 4.04.001 - Ref 09/2026
DOC-106851;2026-09-14;202609;4.04.001;CC3001;5423.51;Lancamento Contabil - 4.04.001 - Ref 09/2026
DOC-106852;2026-09-15;202609;4.04.001;CC3001;1781.63;Lancamento Contabil - 4.04.001 - Ref 09/2026
DOC-106853;2026-09-18;202609;4.04.001;CC3001;4576.41;Lancamento Contabil - 4.04.001 - Ref 09/2026
DOC-106854;2026-09-20;202609;4.04.001;CC3001;3372.46;Lancamento Contabil - 4.04.001 - Ref 09/2026
DOC-106855;2026-09-23;202609;4.04.001;CC3001;8714.98;Lancamento Contabil - 4.04.001 - Ref 09/2026
DOC-106856;2026-09-26;202609;4.04.001;CC3001;34292.52;Lancamento Contabil - 4.04.001 - Ref 09/2026
DOC-106857;2026-09-27;202609;4.04.001;CC3001;1582.87;Lancamento Contabil - 4.04.001 - Ref 09/2026
DOC-106858;2026-09-02;202609;4.05.001;CC4001;34345.22;Lancamento Contabil - 4.05.001 - Ref 09/2026
DOC-106859;2026-09-05;202609;4.05.001;CC4001;31340.06;Lancamento Contabil - 4.05.001 - Ref 09/2026
DOC-106860;2026-09-06;202609;4.05.001;CC4001;2713.65;Lancamento Contabil - 4.05.001 - Ref 09/2026
DOC-106861;2026-09-12;202609;4.05.001;CC4001;68975.29;Lancamento Contabil - 4.05.001 - Ref 09/2026
DOC-106862;2026-09-21;202609;4.05.001;CC4001;22657.98;Lancamento Contabil - 4.05.001 - Ref 09/2026
DOC-106863;2026-09-27;202609;4.05.001;CC4001;12189.39;Lancamento Contabil - 4.05.001 - Ref 09/2026
DOC-106864;2026-09-30;202609;4.05.001;CC4001;38089.28;Lancamento Contabil - 4.05.001 - Ref 09/2026
DOC-106865;2026-09-02;202609;4.06.001;CC3001;688.47;Lancamento Contabil - 4.06.001 - Ref 09/2026
DOC-106866;2026-09-10;202609;4.06.001;CC3001;31073.34;Lancamento Contabil - 4.06.001 - Ref 09/2026
DOC-106867;2026-09-19;202609;4.06.001;CC3001;10101.01;Lancamento Contabil - 4.06.001 - Ref 09/2026
DOC-106868;2026-09-20;202609;4.06.001;CC3001;17202.78;Lancamento Contabil - 4.06.001 - Ref 09/2026
DOC-106869;2026-09-22;202609;4.06.001;CC3001;4248.41;Lancamento Contabil - 4.06.001 - Ref 09/2026
DOC-106870;2026-09-28;202609;4.06.001;CC3001;19204.65;Lancamento Contabil - 4.06.001 - Ref 09/2026
DOC-106871;2026-09-02;202609;4.06.001;CC1005;10251.99;Lancamento Contabil - 4.06.001 - Ref 09/2026
DOC-106872;2026-09-03;202609;4.06.001;CC1005;4441.55;Lancamento Contabil - 4.06.001 - Ref 09/2026
DOC-106873;2026-09-04;202609;4.06.001;CC1005;6663.58;Lancamento Contabil - 4.06.001 - Ref 09/2026
DOC-106874;2026-09-06;202609;4.06.001;CC1005;4222.89;Lancamento Contabil - 4.06.001 - Ref 09/2026
DOC-106875;2026-09-10;202609;4.06.001;CC1005;15558.03;Lancamento Contabil - 4.06.001 - Ref 09/2026
DOC-106876;2026-09-14;202609;4.06.001;CC1005;4773.72;Lancamento Contabil - 4.06.001 - Ref 09/2026
DOC-106877;2026-09-22;202609;4.06.001;CC1005;12777.71;Lancamento Contabil - 4.06.001 - Ref 09/2026
DOC-106878;2026-09-25;202609;4.06.001;CC1005;11199.65;Lancamento Contabil - 4.06.001 - Ref 09/2026
DOC-106879;2026-09-30;202609;4.06.001;CC1005;3662.18;Lancamento Contabil - 4.06.001 - Ref 09/2026
DOC-106880;2026-09-02;202609;5.01.001;CC3001;84218.6;Lancamento Contabil - 5.01.001 - Ref 09/2026
DOC-106881;2026-09-03;202609;5.01.001;CC3001;12430.77;Lancamento Contabil - 5.01.001 - Ref 09/2026
DOC-106882;2026-09-06;202609;5.01.001;CC3001;35770.08;Lancamento Contabil - 5.01.001 - Ref 09/2026
DOC-106883;2026-09-10;202609;5.01.001;CC3001;78946.17;Lancamento Contabil - 5.01.001 - Ref 09/2026
DOC-106884;2026-09-11;202609;5.01.001;CC3001;20990.15;Lancamento Contabil - 5.01.001 - Ref 09/2026
DOC-106885;2026-09-12;202609;5.01.001;CC3001;49464.59;Lancamento Contabil - 5.01.001 - Ref 09/2026
DOC-106886;2026-09-13;202609;5.01.001;CC3001;13565.57;Lancamento Contabil - 5.01.001 - Ref 09/2026
DOC-106887;2026-09-15;202609;5.01.001;CC3001;5569.39;Lancamento Contabil - 5.01.001 - Ref 09/2026
DOC-106888;2026-09-19;202609;5.01.001;CC3001;76123.56;Lancamento Contabil - 5.01.001 - Ref 09/2026
DOC-106889;2026-09-24;202609;5.01.001;CC3001;5015.49;Lancamento Contabil - 5.01.001 - Ref 09/2026
DOC-106890;2026-09-26;202609;5.01.001;CC3001;15237.02;Lancamento Contabil - 5.01.001 - Ref 09/2026
DOC-106891;2026-09-28;202609;5.01.001;CC3001;92969.23;Lancamento Contabil - 5.01.001 - Ref 09/2026
DOC-106892;2026-09-03;202609;5.02.001;CC3001;14485.18;Lancamento Contabil - 5.02.001 - Ref 09/2026
DOC-106893;2026-09-04;202609;5.02.001;CC3001;123055.64;Lancamento Contabil - 5.02.001 - Ref 09/2026
DOC-106894;2026-09-05;202609;5.02.001;CC3001;132768.64;Lancamento Contabil - 5.02.001 - Ref 09/2026
DOC-106895;2026-09-09;202609;5.02.001;CC3001;10636.67;Lancamento Contabil - 5.02.001 - Ref 09/2026
DOC-106896;2026-09-10;202609;5.02.001;CC3001;1424.85;Lancamento Contabil - 5.02.001 - Ref 09/2026
DOC-106897;2026-09-11;202609;5.02.001;CC3001;41579.11;Lancamento Contabil - 5.02.001 - Ref 09/2026
DOC-106898;2026-09-16;202609;5.02.001;CC3001;20419.57;Lancamento Contabil - 5.02.001 - Ref 09/2026
DOC-106899;2026-09-18;202609;5.02.001;CC3001;3616.39;Lancamento Contabil - 5.02.001 - Ref 09/2026
DOC-106900;2026-09-23;202609;5.02.001;CC3001;41864.28;Lancamento Contabil - 5.02.001 - Ref 09/2026
DOC-106901;2026-09-27;202609;5.02.001;CC3001;1078.51;Lancamento Contabil - 5.02.001 - Ref 09/2026
DOC-106902;2026-09-02;202609;5.03.001;CC3001;30094.2;Lancamento Contabil - 5.03.001 - Ref 09/2026
DOC-106903;2026-09-03;202609;5.03.001;CC3001;11022.92;Lancamento Contabil - 5.03.001 - Ref 09/2026
DOC-106904;2026-09-04;202609;5.03.001;CC3001;15080.13;Lancamento Contabil - 5.03.001 - Ref 09/2026
DOC-106905;2026-09-07;202609;5.03.001;CC3001;4729.26;Lancamento Contabil - 5.03.001 - Ref 09/2026
DOC-106906;2026-09-14;202609;5.03.001;CC3001;3824.75;Lancamento Contabil - 5.03.001 - Ref 09/2026
DOC-106907;2026-09-17;202609;5.03.001;CC3001;2493.0;Lancamento Contabil - 5.03.001 - Ref 09/2026
DOC-106908;2026-09-19;202609;5.03.001;CC3001;6112.72;Lancamento Contabil - 5.03.001 - Ref 09/2026
DOC-106909;2026-09-20;202609;5.03.001;CC3001;7488.01;Lancamento Contabil - 5.03.001 - Ref 09/2026
DOC-106910;2026-09-21;202609;5.03.001;CC3001;9321.16;Lancamento Contabil - 5.03.001 - Ref 09/2026
DOC-106911;2026-09-23;202609;5.03.001;CC3001;2773.03;Lancamento Contabil - 5.03.001 - Ref 09/2026
DOC-106912;2026-09-28;202609;5.03.001;CC3001;27702.13;Lancamento Contabil - 5.03.001 - Ref 09/2026
DOC-106913;2026-09-29;202609;5.03.001;CC3001;1735.73;Lancamento Contabil - 5.03.001 - Ref 09/2026
DOC-106914;2026-09-09;202609;6.01.001;CC3001;415599.85;Lancamento Contabil - 6.01.001 - Ref 09/2026
DOC-106915;2026-09-10;202609;6.01.001;CC3001;1845.17;Lancamento Contabil - 6.01.001 - Ref 09/2026
DOC-106916;2026-09-11;202609;6.01.001;CC3001;80881.8;Lancamento Contabil - 6.01.001 - Ref 09/2026
DOC-106917;2026-09-14;202609;6.01.001;CC3001;49991.24;Lancamento Contabil - 6.01.001 - Ref 09/2026
DOC-106918;2026-09-17;202609;6.01.001;CC3001;73503.72;Lancamento Contabil - 6.01.001 - Ref 09/2026
DOC-106919;2026-09-20;202609;6.01.001;CC3001;104233.47;Lancamento Contabil - 6.01.001 - Ref 09/2026
DOC-106920;2026-09-23;202609;6.01.001;CC3001;70511.57;Lancamento Contabil - 6.01.001 - Ref 09/2026
DOC-106921;2026-09-24;202609;6.01.001;CC3001;66062.33;Lancamento Contabil - 6.01.001 - Ref 09/2026
DOC-106922;2026-09-26;202609;6.01.001;CC3001;162661.55;Lancamento Contabil - 6.01.001 - Ref 09/2026
DOC-106923;2026-09-28;202609;6.01.001;CC3001;142751.82;Lancamento Contabil - 6.01.001 - Ref 09/2026
DOC-106924;2026-09-29;202609;6.01.001;CC3001;220838.33;Lancamento Contabil - 6.01.001 - Ref 09/2026
DOC-106925;2026-10-05;202610;1.01.001;CC4001;6838617.48;Lancamento Contabil - 1.01.001 - Ref 10/2026
DOC-106926;2026-10-16;202610;1.01.001;CC4001;3587535.47;Lancamento Contabil - 1.01.001 - Ref 10/2026
DOC-106927;2026-10-17;202610;1.01.001;CC4001;5173139.36;Lancamento Contabil - 1.01.001 - Ref 10/2026
DOC-106928;2026-10-19;202610;1.01.001;CC4001;2926486.38;Lancamento Contabil - 1.01.001 - Ref 10/2026
DOC-106929;2026-10-20;202610;1.01.001;CC4001;1188825.17;Lancamento Contabil - 1.01.001 - Ref 10/2026
DOC-106930;2026-10-21;202610;1.01.001;CC4001;1869431.71;Lancamento Contabil - 1.01.001 - Ref 10/2026
DOC-106931;2026-10-24;202610;1.01.001;CC4001;866580.64;Lancamento Contabil - 1.01.001 - Ref 10/2026
DOC-106932;2026-10-27;202610;1.01.001;CC4001;8930171.51;Lancamento Contabil - 1.01.001 - Ref 10/2026
DOC-106933;2026-10-30;202610;1.01.001;CC4001;8400755.07;Lancamento Contabil - 1.01.001 - Ref 10/2026
DOC-106934;2026-10-01;202610;1.01.002;CC4001;701914.3;Lancamento Contabil - 1.01.002 - Ref 10/2026
DOC-106935;2026-10-04;202610;1.01.002;CC4001;305260.79;Lancamento Contabil - 1.01.002 - Ref 10/2026
DOC-106936;2026-10-06;202610;1.01.002;CC4001;12472.58;Lancamento Contabil - 1.01.002 - Ref 10/2026
DOC-106937;2026-10-07;202610;1.01.002;CC4001;503177.42;Lancamento Contabil - 1.01.002 - Ref 10/2026
DOC-106938;2026-10-08;202610;1.01.002;CC4001;463303.05;Lancamento Contabil - 1.01.002 - Ref 10/2026
DOC-106939;2026-10-10;202610;1.01.002;CC4001;136690.85;Lancamento Contabil - 1.01.002 - Ref 10/2026
DOC-106940;2026-10-20;202610;1.01.002;CC4001;205715.48;Lancamento Contabil - 1.01.002 - Ref 10/2026
DOC-106941;2026-10-23;202610;1.01.002;CC4001;871104.76;Lancamento Contabil - 1.01.002 - Ref 10/2026
DOC-106942;2026-10-26;202610;1.01.002;CC4001;177334.69;Lancamento Contabil - 1.01.002 - Ref 10/2026
DOC-106943;2026-10-29;202610;1.01.002;CC4001;550079.52;Lancamento Contabil - 1.01.002 - Ref 10/2026
DOC-106944;2026-10-31;202610;1.01.002;CC4001;20229.5;Lancamento Contabil - 1.01.002 - Ref 10/2026
DOC-106945;2026-10-02;202610;1.02.001;CC1004;71615.52;Lancamento Contabil - 1.02.001 - Ref 10/2026
DOC-106946;2026-10-04;202610;1.02.001;CC1004;138038.61;Lancamento Contabil - 1.02.001 - Ref 10/2026
DOC-106947;2026-10-07;202610;1.02.001;CC1004;362190.82;Lancamento Contabil - 1.02.001 - Ref 10/2026
DOC-106948;2026-10-11;202610;1.02.001;CC1004;40123.95;Lancamento Contabil - 1.02.001 - Ref 10/2026
DOC-106949;2026-10-14;202610;1.02.001;CC1004;3958.21;Lancamento Contabil - 1.02.001 - Ref 10/2026
DOC-106950;2026-10-20;202610;1.02.001;CC1004;131622.08;Lancamento Contabil - 1.02.001 - Ref 10/2026
DOC-106951;2026-10-21;202610;1.02.001;CC1004;75560.32;Lancamento Contabil - 1.02.001 - Ref 10/2026
DOC-106952;2026-10-24;202610;1.02.001;CC1004;18034.34;Lancamento Contabil - 1.02.001 - Ref 10/2026
DOC-106953;2026-10-26;202610;1.02.001;CC1004;55641.91;Lancamento Contabil - 1.02.001 - Ref 10/2026
DOC-106954;2026-10-28;202610;1.02.001;CC1004;110492.17;Lancamento Contabil - 1.02.001 - Ref 10/2026
DOC-106955;2026-10-30;202610;1.02.001;CC1004;119901.04;Lancamento Contabil - 1.02.001 - Ref 10/2026
DOC-106956;2026-10-01;202610;2.01.001;CC3001;238074.0;Lancamento Contabil - 2.01.001 - Ref 10/2026
DOC-106957;2026-10-07;202610;2.01.001;CC3001;125212.49;Lancamento Contabil - 2.01.001 - Ref 10/2026
DOC-106958;2026-10-10;202610;2.01.001;CC3001;1251535.24;Lancamento Contabil - 2.01.001 - Ref 10/2026
DOC-106959;2026-10-18;202610;2.01.001;CC3001;374362.64;Lancamento Contabil - 2.01.001 - Ref 10/2026
DOC-106960;2026-10-21;202610;2.01.001;CC3001;180399.11;Lancamento Contabil - 2.01.001 - Ref 10/2026
DOC-106961;2026-10-23;202610;2.01.001;CC3001;113176.3;Lancamento Contabil - 2.01.001 - Ref 10/2026
DOC-106962;2026-10-26;202610;2.01.001;CC3001;451617.37;Lancamento Contabil - 2.01.001 - Ref 10/2026
DOC-106963;2026-10-28;202610;2.01.001;CC3001;95353.46;Lancamento Contabil - 2.01.001 - Ref 10/2026
DOC-106964;2026-10-29;202610;2.01.001;CC3001;64777.93;Lancamento Contabil - 2.01.001 - Ref 10/2026
DOC-106965;2026-10-01;202610;2.02.001;CC4001;20161.94;Lancamento Contabil - 2.02.001 - Ref 10/2026
DOC-106966;2026-10-03;202610;2.02.001;CC4001;2552.41;Lancamento Contabil - 2.02.001 - Ref 10/2026
DOC-106967;2026-10-10;202610;2.02.001;CC4001;21641.44;Lancamento Contabil - 2.02.001 - Ref 10/2026
DOC-106968;2026-10-11;202610;2.02.001;CC4001;6774.76;Lancamento Contabil - 2.02.001 - Ref 10/2026
DOC-106969;2026-10-17;202610;2.02.001;CC4001;4.94;Lancamento Contabil - 2.02.001 - Ref 10/2026
DOC-106970;2026-10-18;202610;2.02.001;CC4001;2760.94;Lancamento Contabil - 2.02.001 - Ref 10/2026
DOC-106971;2026-10-26;202610;2.02.001;CC4001;55165.09;Lancamento Contabil - 2.02.001 - Ref 10/2026
DOC-106972;2026-10-29;202610;2.02.001;CC4001;41086.2;Lancamento Contabil - 2.02.001 - Ref 10/2026
DOC-106973;2026-10-11;202610;3.01.001;CC1001;327209.55;Lancamento Contabil - 3.01.001 - Ref 10/2026
DOC-106974;2026-10-13;202610;3.01.001;CC1001;1853037.72;Lancamento Contabil - 3.01.001 - Ref 10/2026
DOC-106975;2026-10-19;202610;3.01.001;CC1001;1153513.45;Lancamento Contabil - 3.01.001 - Ref 10/2026
DOC-106976;2026-10-22;202610;3.01.001;CC1001;4350095.49;Lancamento Contabil - 3.01.001 - Ref 10/2026
DOC-106977;2026-10-24;202610;3.01.001;CC1001;575279.52;Lancamento Contabil - 3.01.001 - Ref 10/2026
DOC-106978;2026-10-06;202610;3.02.001;CC1002;61439.79;Lancamento Contabil - 3.02.001 - Ref 10/2026
DOC-106979;2026-10-07;202610;3.02.001;CC1002;404149.32;Lancamento Contabil - 3.02.001 - Ref 10/2026
DOC-106980;2026-10-11;202610;3.02.001;CC1002;94281.96;Lancamento Contabil - 3.02.001 - Ref 10/2026
DOC-106981;2026-10-27;202610;3.02.001;CC1002;41339.07;Lancamento Contabil - 3.02.001 - Ref 10/2026
DOC-106982;2026-10-02;202610;3.02.001;CC1003;8712.89;Lancamento Contabil - 3.02.001 - Ref 10/2026
DOC-106983;2026-10-05;202610;3.02.001;CC1003;82667.79;Lancamento Contabil - 3.02.001 - Ref 10/2026
DOC-106984;2026-10-16;202610;3.02.001;CC1003;70389.94;Lancamento Contabil - 3.02.001 - Ref 10/2026
DOC-106985;2026-10-21;202610;3.02.001;CC1003;31842.24;Lancamento Contabil - 3.02.001 - Ref 10/2026
DOC-106986;2026-10-22;202610;3.02.001;CC1003;204985.24;Lancamento Contabil - 3.02.001 - Ref 10/2026
DOC-106987;2026-10-26;202610;3.02.001;CC1003;1526.68;Lancamento Contabil - 3.02.001 - Ref 10/2026
DOC-106988;2026-10-28;202610;3.02.001;CC1003;24614.57;Lancamento Contabil - 3.02.001 - Ref 10/2026
DOC-106989;2026-10-29;202610;3.02.001;CC1003;172650.42;Lancamento Contabil - 3.02.001 - Ref 10/2026
DOC-106990;2026-10-30;202610;3.02.001;CC1003;26316.47;Lancamento Contabil - 3.02.001 - Ref 10/2026
DOC-106991;2026-10-11;202610;3.03.001;CC1002;40382.37;Lancamento Contabil - 3.03.001 - Ref 10/2026
DOC-106992;2026-10-15;202610;3.03.001;CC1002;2532.13;Lancamento Contabil - 3.03.001 - Ref 10/2026
DOC-106993;2026-10-18;202610;3.03.001;CC1002;66640.85;Lancamento Contabil - 3.03.001 - Ref 10/2026
DOC-106994;2026-10-21;202610;3.03.001;CC1002;36869.1;Lancamento Contabil - 3.03.001 - Ref 10/2026
DOC-106995;2026-10-28;202610;3.03.001;CC1002;4651.42;Lancamento Contabil - 3.03.001 - Ref 10/2026
DOC-106996;2026-10-29;202610;3.03.001;CC1002;28954.3;Lancamento Contabil - 3.03.001 - Ref 10/2026
DOC-106997;2026-10-02;202610;3.03.001;CC1003;8391.59;Lancamento Contabil - 3.03.001 - Ref 10/2026
DOC-106998;2026-10-10;202610;3.03.001;CC1003;8885.2;Lancamento Contabil - 3.03.001 - Ref 10/2026
DOC-106999;2026-10-11;202610;3.03.001;CC1003;26400.5;Lancamento Contabil - 3.03.001 - Ref 10/2026
DOC-107000;2026-10-14;202610;3.03.001;CC1003;56817.48;Lancamento Contabil - 3.03.001 - Ref 10/2026
DOC-107001;2026-10-17;202610;3.03.001;CC1003;2338.03;Lancamento Contabil - 3.03.001 - Ref 10/2026
DOC-107002;2026-10-18;202610;3.03.001;CC1003;9423.1;Lancamento Contabil - 3.03.001 - Ref 10/2026
DOC-107003;2026-10-19;202610;3.03.001;CC1003;11320.87;Lancamento Contabil - 3.03.001 - Ref 10/2026
DOC-107004;2026-10-22;202610;3.03.001;CC1003;8150.56;Lancamento Contabil - 3.03.001 - Ref 10/2026
DOC-107005;2026-10-24;202610;3.03.001;CC1003;7791.08;Lancamento Contabil - 3.03.001 - Ref 10/2026
DOC-107006;2026-10-26;202610;3.03.001;CC1003;926.82;Lancamento Contabil - 3.03.001 - Ref 10/2026
DOC-107007;2026-10-27;202610;3.03.001;CC1003;19972.97;Lancamento Contabil - 3.03.001 - Ref 10/2026
DOC-107008;2026-10-01;202610;3.03.001;CC1005;36507.92;Lancamento Contabil - 3.03.001 - Ref 10/2026
DOC-107009;2026-10-03;202610;3.03.001;CC1005;34983.83;Lancamento Contabil - 3.03.001 - Ref 10/2026
DOC-107010;2026-10-05;202610;3.03.001;CC1005;14367.98;Lancamento Contabil - 3.03.001 - Ref 10/2026
DOC-107011;2026-10-07;202610;3.03.001;CC1005;7643.67;Lancamento Contabil - 3.03.001 - Ref 10/2026
DOC-107012;2026-10-09;202610;3.03.001;CC1005;21916.96;Lancamento Contabil - 3.03.001 - Ref 10/2026
DOC-107013;2026-10-11;202610;3.03.001;CC1005;7329.42;Lancamento Contabil - 3.03.001 - Ref 10/2026
DOC-107014;2026-10-12;202610;3.03.001;CC1005;5804.99;Lancamento Contabil - 3.03.001 - Ref 10/2026
DOC-107015;2026-10-19;202610;3.03.001;CC1005;28275.63;Lancamento Contabil - 3.03.001 - Ref 10/2026
DOC-107016;2026-10-22;202610;3.03.001;CC1005;887.59;Lancamento Contabil - 3.03.001 - Ref 10/2026
DOC-107017;2026-10-26;202610;3.03.001;CC1005;2147.01;Lancamento Contabil - 3.03.001 - Ref 10/2026
DOC-107018;2026-10-27;202610;3.03.001;CC1005;146.88;Lancamento Contabil - 3.03.001 - Ref 10/2026
DOC-107019;2026-10-31;202610;3.03.001;CC1005;3579.36;Lancamento Contabil - 3.03.001 - Ref 10/2026
DOC-107020;2026-10-04;202610;3.04.001;CC1004;1997.96;Lancamento Contabil - 3.04.001 - Ref 10/2026
DOC-107021;2026-10-06;202610;3.04.001;CC1004;152972.66;Lancamento Contabil - 3.04.001 - Ref 10/2026
DOC-107022;2026-10-13;202610;3.04.001;CC1004;9525.53;Lancamento Contabil - 3.04.001 - Ref 10/2026
DOC-107023;2026-10-18;202610;3.04.001;CC1004;4518.22;Lancamento Contabil - 3.04.001 - Ref 10/2026
DOC-107024;2026-10-19;202610;3.04.001;CC1004;7706.96;Lancamento Contabil - 3.04.001 - Ref 10/2026
DOC-107025;2026-10-20;202610;3.04.001;CC1004;76883.73;Lancamento Contabil - 3.04.001 - Ref 10/2026
DOC-107026;2026-10-21;202610;3.04.001;CC1004;20523.2;Lancamento Contabil - 3.04.001 - Ref 10/2026
DOC-107027;2026-10-26;202610;3.04.001;CC1004;12684.58;Lancamento Contabil - 3.04.001 - Ref 10/2026
DOC-107028;2026-10-27;202610;3.04.001;CC1004;57761.41;Lancamento Contabil - 3.04.001 - Ref 10/2026
DOC-107029;2026-10-28;202610;3.04.001;CC1004;14044.78;Lancamento Contabil - 3.04.001 - Ref 10/2026
DOC-107030;2026-10-02;202610;3.05.001;CC1005;29932.48;Lancamento Contabil - 3.05.001 - Ref 10/2026
DOC-107031;2026-10-03;202610;3.05.001;CC1005;24022.16;Lancamento Contabil - 3.05.001 - Ref 10/2026
DOC-107032;2026-10-09;202610;3.05.001;CC1005;71350.44;Lancamento Contabil - 3.05.001 - Ref 10/2026
DOC-107033;2026-10-11;202610;3.05.001;CC1005;21568.48;Lancamento Contabil - 3.05.001 - Ref 10/2026
DOC-107034;2026-10-14;202610;3.05.001;CC1005;54305.92;Lancamento Contabil - 3.05.001 - Ref 10/2026
DOC-107035;2026-10-23;202610;3.05.001;CC1005;4300.0;Lancamento Contabil - 3.05.001 - Ref 10/2026
DOC-107036;2026-10-28;202610;3.05.001;CC1005;13393.54;Lancamento Contabil - 3.05.001 - Ref 10/2026
DOC-107037;2026-10-31;202610;3.05.001;CC1005;33008.19;Lancamento Contabil - 3.05.001 - Ref 10/2026
DOC-107038;2026-10-16;202610;3.06.001;CC1002;194604.82;Lancamento Contabil - 3.06.001 - Ref 10/2026
DOC-107039;2026-10-29;202610;3.06.001;CC1003;219928.86;Lancamento Contabil - 3.06.001 - Ref 10/2026
DOC-107040;2026-10-07;202610;4.01.001;CC2001;43533.6;Lancamento Contabil - 4.01.001 - Ref 10/2026
DOC-107041;2026-10-10;202610;4.01.001;CC2001;19328.52;Lancamento Contabil - 4.01.001 - Ref 10/2026
DOC-107042;2026-10-12;202610;4.01.001;CC2001;116778.56;Lancamento Contabil - 4.01.001 - Ref 10/2026
DOC-107043;2026-10-15;202610;4.01.001;CC2001;54977.77;Lancamento Contabil - 4.01.001 - Ref 10/2026
DOC-107044;2026-10-17;202610;4.01.001;CC2001;61258.4;Lancamento Contabil - 4.01.001 - Ref 10/2026
DOC-107045;2026-10-27;202610;4.01.001;CC2001;458312.19;Lancamento Contabil - 4.01.001 - Ref 10/2026
DOC-107046;2026-10-28;202610;4.01.001;CC2001;5115.68;Lancamento Contabil - 4.01.001 - Ref 10/2026
DOC-107047;2026-10-02;202610;4.02.001;CC3001;33984.81;Lancamento Contabil - 4.02.001 - Ref 10/2026
DOC-107048;2026-10-04;202610;4.02.001;CC3001;39811.46;Lancamento Contabil - 4.02.001 - Ref 10/2026
DOC-107049;2026-10-07;202610;4.02.001;CC3001;18088.91;Lancamento Contabil - 4.02.001 - Ref 10/2026
DOC-107050;2026-10-12;202610;4.02.001;CC3001;16826.17;Lancamento Contabil - 4.02.001 - Ref 10/2026
DOC-107051;2026-10-25;202610;4.02.001;CC3001;63607.82;Lancamento Contabil - 4.02.001 - Ref 10/2026
DOC-107052;2026-10-26;202610;4.02.001;CC3001;98638.92;Lancamento Contabil - 4.02.001 - Ref 10/2026
DOC-107053;2026-10-01;202610;4.02.001;CC3003;18242.6;Lancamento Contabil - 4.02.001 - Ref 10/2026
DOC-107054;2026-10-15;202610;4.02.001;CC3003;8759.84;Lancamento Contabil - 4.02.001 - Ref 10/2026
DOC-107055;2026-10-16;202610;4.02.001;CC3003;194505.93;Lancamento Contabil - 4.02.001 - Ref 10/2026
DOC-107056;2026-10-17;202610;4.02.001;CC3003;36723.6;Lancamento Contabil - 4.02.001 - Ref 10/2026
DOC-107057;2026-10-26;202610;4.02.001;CC3003;68347.04;Lancamento Contabil - 4.02.001 - Ref 10/2026
DOC-107058;2026-10-04;202610;4.03.001;CC3002;21269.48;Lancamento Contabil - 4.03.001 - Ref 10/2026
DOC-107059;2026-10-05;202610;4.03.001;CC3002;17798.56;Lancamento Contabil - 4.03.001 - Ref 10/2026
DOC-107060;2026-10-07;202610;4.03.001;CC3002;5422.53;Lancamento Contabil - 4.03.001 - Ref 10/2026
DOC-107061;2026-10-10;202610;4.03.001;CC3002;14369.13;Lancamento Contabil - 4.03.001 - Ref 10/2026
DOC-107062;2026-10-11;202610;4.03.001;CC3002;38102.14;Lancamento Contabil - 4.03.001 - Ref 10/2026
DOC-107063;2026-10-16;202610;4.03.001;CC3002;21333.26;Lancamento Contabil - 4.03.001 - Ref 10/2026
DOC-107064;2026-10-17;202610;4.03.001;CC3002;2436.3;Lancamento Contabil - 4.03.001 - Ref 10/2026
DOC-107065;2026-10-23;202610;4.03.001;CC3002;18978.78;Lancamento Contabil - 4.03.001 - Ref 10/2026
DOC-107066;2026-10-24;202610;4.03.001;CC3002;28993.03;Lancamento Contabil - 4.03.001 - Ref 10/2026
DOC-107067;2026-10-26;202610;4.03.001;CC3002;37607.76;Lancamento Contabil - 4.03.001 - Ref 10/2026
DOC-107068;2026-10-29;202610;4.03.001;CC3002;23704.82;Lancamento Contabil - 4.03.001 - Ref 10/2026
DOC-107069;2026-10-31;202610;4.03.001;CC3002;3958.91;Lancamento Contabil - 4.03.001 - Ref 10/2026
DOC-107070;2026-10-02;202610;4.04.001;CC1001;26198.2;Lancamento Contabil - 4.04.001 - Ref 10/2026
DOC-107071;2026-10-04;202610;4.04.001;CC1001;23928.2;Lancamento Contabil - 4.04.001 - Ref 10/2026
DOC-107072;2026-10-13;202610;4.04.001;CC1001;523.13;Lancamento Contabil - 4.04.001 - Ref 10/2026
DOC-107073;2026-10-15;202610;4.04.001;CC1001;11224.11;Lancamento Contabil - 4.04.001 - Ref 10/2026
DOC-107074;2026-10-17;202610;4.04.001;CC1001;8564.91;Lancamento Contabil - 4.04.001 - Ref 10/2026
DOC-107075;2026-10-23;202610;4.04.001;CC1001;23414.6;Lancamento Contabil - 4.04.001 - Ref 10/2026
DOC-107076;2026-10-24;202610;4.04.001;CC1001;5151.33;Lancamento Contabil - 4.04.001 - Ref 10/2026
DOC-107077;2026-10-02;202610;4.04.001;CC3001;21142.36;Lancamento Contabil - 4.04.001 - Ref 10/2026
DOC-107078;2026-10-10;202610;4.04.001;CC3001;33649.25;Lancamento Contabil - 4.04.001 - Ref 10/2026
DOC-107079;2026-10-22;202610;4.04.001;CC3001;50788.69;Lancamento Contabil - 4.04.001 - Ref 10/2026
DOC-107080;2026-10-30;202610;4.04.001;CC3001;141.88;Lancamento Contabil - 4.04.001 - Ref 10/2026
DOC-107081;2026-10-02;202610;4.05.001;CC4001;27171.0;Lancamento Contabil - 4.05.001 - Ref 10/2026
DOC-107082;2026-10-04;202610;4.05.001;CC4001;14841.02;Lancamento Contabil - 4.05.001 - Ref 10/2026
DOC-107083;2026-10-11;202610;4.05.001;CC4001;54771.96;Lancamento Contabil - 4.05.001 - Ref 10/2026
DOC-107084;2026-10-15;202610;4.05.001;CC4001;8086.0;Lancamento Contabil - 4.05.001 - Ref 10/2026
DOC-107085;2026-10-29;202610;4.05.001;CC4001;110511.69;Lancamento Contabil - 4.05.001 - Ref 10/2026
DOC-107086;2026-10-01;202610;4.06.001;CC3001;988.45;Lancamento Contabil - 4.06.001 - Ref 10/2026
DOC-107087;2026-10-07;202610;4.06.001;CC3001;2238.73;Lancamento Contabil - 4.06.001 - Ref 10/2026
DOC-107088;2026-10-10;202610;4.06.001;CC3001;15690.43;Lancamento Contabil - 4.06.001 - Ref 10/2026
DOC-107089;2026-10-11;202610;4.06.001;CC3001;245.57;Lancamento Contabil - 4.06.001 - Ref 10/2026
DOC-107090;2026-10-19;202610;4.06.001;CC3001;18751.4;Lancamento Contabil - 4.06.001 - Ref 10/2026
DOC-107091;2026-10-21;202610;4.06.001;CC3001;155.16;Lancamento Contabil - 4.06.001 - Ref 10/2026
DOC-107092;2026-10-22;202610;4.06.001;CC3001;11823.12;Lancamento Contabil - 4.06.001 - Ref 10/2026
DOC-107093;2026-10-24;202610;4.06.001;CC3001;5017.87;Lancamento Contabil - 4.06.001 - Ref 10/2026
DOC-107094;2026-10-25;202610;4.06.001;CC3001;10443.25;Lancamento Contabil - 4.06.001 - Ref 10/2026
DOC-107095;2026-10-28;202610;4.06.001;CC3001;13153.7;Lancamento Contabil - 4.06.001 - Ref 10/2026
DOC-107096;2026-10-30;202610;4.06.001;CC3001;4631.21;Lancamento Contabil - 4.06.001 - Ref 10/2026
DOC-107097;2026-10-31;202610;4.06.001;CC3001;1261.95;Lancamento Contabil - 4.06.001 - Ref 10/2026
DOC-107098;2026-10-09;202610;4.06.001;CC1005;1209.93;Lancamento Contabil - 4.06.001 - Ref 10/2026
DOC-107099;2026-10-10;202610;4.06.001;CC1005;14900.07;Lancamento Contabil - 4.06.001 - Ref 10/2026
DOC-107100;2026-10-11;202610;4.06.001;CC1005;12324.49;Lancamento Contabil - 4.06.001 - Ref 10/2026
DOC-107101;2026-10-15;202610;4.06.001;CC1005;22719.94;Lancamento Contabil - 4.06.001 - Ref 10/2026
DOC-107102;2026-10-18;202610;4.06.001;CC1005;11946.96;Lancamento Contabil - 4.06.001 - Ref 10/2026
DOC-107103;2026-10-22;202610;4.06.001;CC1005;9200.65;Lancamento Contabil - 4.06.001 - Ref 10/2026
DOC-107104;2026-10-25;202610;4.06.001;CC1005;8508.28;Lancamento Contabil - 4.06.001 - Ref 10/2026
DOC-107105;2026-10-01;202610;5.01.001;CC3001;305350.68;Lancamento Contabil - 5.01.001 - Ref 10/2026
DOC-107106;2026-10-04;202610;5.01.001;CC3001;94581.77;Lancamento Contabil - 5.01.001 - Ref 10/2026
DOC-107107;2026-10-05;202610;5.01.001;CC3001;2944.39;Lancamento Contabil - 5.01.001 - Ref 10/2026
DOC-107108;2026-10-06;202610;5.01.001;CC3001;12581.58;Lancamento Contabil - 5.01.001 - Ref 10/2026
DOC-107109;2026-10-09;202610;5.01.001;CC3001;116038.68;Lancamento Contabil - 5.01.001 - Ref 10/2026
DOC-107110;2026-10-04;202610;5.02.001;CC3001;95967.26;Lancamento Contabil - 5.02.001 - Ref 10/2026
DOC-107111;2026-10-05;202610;5.02.001;CC3001;32509.34;Lancamento Contabil - 5.02.001 - Ref 10/2026
DOC-107112;2026-10-07;202610;5.02.001;CC3001;2023.77;Lancamento Contabil - 5.02.001 - Ref 10/2026
DOC-107113;2026-10-08;202610;5.02.001;CC3001;5775.91;Lancamento Contabil - 5.02.001 - Ref 10/2026
DOC-107114;2026-10-09;202610;5.02.001;CC3001;40594.24;Lancamento Contabil - 5.02.001 - Ref 10/2026
DOC-107115;2026-10-10;202610;5.02.001;CC3001;50668.9;Lancamento Contabil - 5.02.001 - Ref 10/2026
DOC-107116;2026-10-11;202610;5.02.001;CC3001;26454.93;Lancamento Contabil - 5.02.001 - Ref 10/2026
DOC-107117;2026-10-12;202610;5.02.001;CC3001;28449.04;Lancamento Contabil - 5.02.001 - Ref 10/2026
DOC-107118;2026-10-17;202610;5.02.001;CC3001;790.91;Lancamento Contabil - 5.02.001 - Ref 10/2026
DOC-107119;2026-10-18;202610;5.02.001;CC3001;48515.38;Lancamento Contabil - 5.02.001 - Ref 10/2026
DOC-107120;2026-10-19;202610;5.02.001;CC3001;42713.38;Lancamento Contabil - 5.02.001 - Ref 10/2026
DOC-107121;2026-10-28;202610;5.02.001;CC3001;8248.52;Lancamento Contabil - 5.02.001 - Ref 10/2026
DOC-107122;2026-10-03;202610;5.03.001;CC3001;2255.0;Lancamento Contabil - 5.03.001 - Ref 10/2026
DOC-107123;2026-10-10;202610;5.03.001;CC3001;12301.29;Lancamento Contabil - 5.03.001 - Ref 10/2026
DOC-107124;2026-10-11;202610;5.03.001;CC3001;10779.27;Lancamento Contabil - 5.03.001 - Ref 10/2026
DOC-107125;2026-10-15;202610;5.03.001;CC3001;22574.61;Lancamento Contabil - 5.03.001 - Ref 10/2026
DOC-107126;2026-10-18;202610;5.03.001;CC3001;29692.95;Lancamento Contabil - 5.03.001 - Ref 10/2026
DOC-107127;2026-10-20;202610;5.03.001;CC3001;38912.95;Lancamento Contabil - 5.03.001 - Ref 10/2026
DOC-107128;2026-10-01;202610;6.01.001;CC3001;491965.12;Lancamento Contabil - 6.01.001 - Ref 10/2026
DOC-107129;2026-10-05;202610;6.01.001;CC3001;239741.79;Lancamento Contabil - 6.01.001 - Ref 10/2026
DOC-107130;2026-10-16;202610;6.01.001;CC3001;22486.26;Lancamento Contabil - 6.01.001 - Ref 10/2026
DOC-107131;2026-10-29;202610;6.01.001;CC3001;705721.23;Lancamento Contabil - 6.01.001 - Ref 10/2026
DOC-107132;2026-11-02;202611;1.01.001;CC4001;9712244.32;Lancamento Contabil - 1.01.001 - Ref 11/2026
DOC-107133;2026-11-03;202611;1.01.001;CC4001;6613075.01;Lancamento Contabil - 1.01.001 - Ref 11/2026
DOC-107134;2026-11-04;202611;1.01.001;CC4001;9391139.94;Lancamento Contabil - 1.01.001 - Ref 11/2026
DOC-107135;2026-11-13;202611;1.01.001;CC4001;3289621.06;Lancamento Contabil - 1.01.001 - Ref 11/2026
DOC-107136;2026-11-06;202611;1.01.002;CC4001;53015.14;Lancamento Contabil - 1.01.002 - Ref 11/2026
DOC-107137;2026-11-13;202611;1.01.002;CC4001;450109.35;Lancamento Contabil - 1.01.002 - Ref 11/2026
DOC-107138;2026-11-15;202611;1.01.002;CC4001;87178.5;Lancamento Contabil - 1.01.002 - Ref 11/2026
DOC-107139;2026-11-19;202611;1.01.002;CC4001;219874.78;Lancamento Contabil - 1.01.002 - Ref 11/2026
DOC-107140;2026-11-20;202611;1.01.002;CC4001;25390.5;Lancamento Contabil - 1.01.002 - Ref 11/2026
DOC-107141;2026-11-21;202611;1.01.002;CC4001;659126.76;Lancamento Contabil - 1.01.002 - Ref 11/2026
DOC-107142;2026-11-23;202611;1.01.002;CC4001;50851.94;Lancamento Contabil - 1.01.002 - Ref 11/2026
DOC-107143;2026-11-24;202611;1.01.002;CC4001;881759.39;Lancamento Contabil - 1.01.002 - Ref 11/2026
DOC-107144;2026-11-27;202611;1.01.002;CC4001;754351.82;Lancamento Contabil - 1.01.002 - Ref 11/2026
DOC-107145;2026-11-28;202611;1.01.002;CC4001;236003.08;Lancamento Contabil - 1.01.002 - Ref 11/2026
DOC-107146;2026-11-03;202611;1.02.001;CC1004;137441.73;Lancamento Contabil - 1.02.001 - Ref 11/2026
DOC-107147;2026-11-07;202611;1.02.001;CC1004;47813.92;Lancamento Contabil - 1.02.001 - Ref 11/2026
DOC-107148;2026-11-10;202611;1.02.001;CC1004;130332.46;Lancamento Contabil - 1.02.001 - Ref 11/2026
DOC-107149;2026-11-11;202611;1.02.001;CC1004;52504.5;Lancamento Contabil - 1.02.001 - Ref 11/2026
DOC-107150;2026-11-18;202611;1.02.001;CC1004;239338.94;Lancamento Contabil - 1.02.001 - Ref 11/2026
DOC-107151;2026-11-22;202611;1.02.001;CC1004;56353.87;Lancamento Contabil - 1.02.001 - Ref 11/2026
DOC-107152;2026-11-23;202611;1.02.001;CC1004;52530.06;Lancamento Contabil - 1.02.001 - Ref 11/2026
DOC-107153;2026-11-25;202611;1.02.001;CC1004;130042.08;Lancamento Contabil - 1.02.001 - Ref 11/2026
DOC-107154;2026-11-27;202611;1.02.001;CC1004;145787.22;Lancamento Contabil - 1.02.001 - Ref 11/2026
DOC-107155;2026-11-03;202611;2.01.001;CC3001;235530.06;Lancamento Contabil - 2.01.001 - Ref 11/2026
DOC-107156;2026-11-04;202611;2.01.001;CC3001;57737.98;Lancamento Contabil - 2.01.001 - Ref 11/2026
DOC-107157;2026-11-05;202611;2.01.001;CC3001;183713.81;Lancamento Contabil - 2.01.001 - Ref 11/2026
DOC-107158;2026-11-10;202611;2.01.001;CC3001;1003339.0;Lancamento Contabil - 2.01.001 - Ref 11/2026
DOC-107159;2026-11-15;202611;2.01.001;CC3001;407335.32;Lancamento Contabil - 2.01.001 - Ref 11/2026
DOC-107160;2026-11-19;202611;2.01.001;CC3001;485567.64;Lancamento Contabil - 2.01.001 - Ref 11/2026
DOC-107161;2026-11-22;202611;2.01.001;CC3001;9722.7;Lancamento Contabil - 2.01.001 - Ref 11/2026
DOC-107162;2026-11-23;202611;2.01.001;CC3001;183769.22;Lancamento Contabil - 2.01.001 - Ref 11/2026
DOC-107163;2026-11-24;202611;2.01.001;CC3001;303019.93;Lancamento Contabil - 2.01.001 - Ref 11/2026
DOC-107164;2026-11-26;202611;2.01.001;CC3001;516236.3;Lancamento Contabil - 2.01.001 - Ref 11/2026
DOC-107165;2026-11-27;202611;2.01.001;CC3001;14719.37;Lancamento Contabil - 2.01.001 - Ref 11/2026
DOC-107166;2026-11-05;202611;2.02.001;CC4001;7004.72;Lancamento Contabil - 2.02.001 - Ref 11/2026
DOC-107167;2026-11-06;202611;2.02.001;CC4001;12162.62;Lancamento Contabil - 2.02.001 - Ref 11/2026
DOC-107168;2026-11-08;202611;2.02.001;CC4001;10554.89;Lancamento Contabil - 2.02.001 - Ref 11/2026
DOC-107169;2026-11-09;202611;2.02.001;CC4001;24120.75;Lancamento Contabil - 2.02.001 - Ref 11/2026
DOC-107170;2026-11-11;202611;2.02.001;CC4001;1691.31;Lancamento Contabil - 2.02.001 - Ref 11/2026
DOC-107171;2026-11-12;202611;2.02.001;CC4001;5501.12;Lancamento Contabil - 2.02.001 - Ref 11/2026
DOC-107172;2026-11-13;202611;2.02.001;CC4001;53382.18;Lancamento Contabil - 2.02.001 - Ref 11/2026
DOC-107173;2026-11-20;202611;2.02.001;CC4001;4533.79;Lancamento Contabil - 2.02.001 - Ref 11/2026
DOC-107174;2026-11-21;202611;2.02.001;CC4001;8470.53;Lancamento Contabil - 2.02.001 - Ref 11/2026
DOC-107175;2026-11-22;202611;2.02.001;CC4001;19248.88;Lancamento Contabil - 2.02.001 - Ref 11/2026
DOC-107176;2026-11-30;202611;2.02.001;CC4001;23200.89;Lancamento Contabil - 2.02.001 - Ref 11/2026
DOC-107177;2026-11-01;202611;3.01.001;CC1001;1158838.35;Lancamento Contabil - 3.01.001 - Ref 11/2026
DOC-107178;2026-11-03;202611;3.01.001;CC1001;476462.42;Lancamento Contabil - 3.01.001 - Ref 11/2026
DOC-107179;2026-11-04;202611;3.01.001;CC1001;1253431.2;Lancamento Contabil - 3.01.001 - Ref 11/2026
DOC-107180;2026-11-06;202611;3.01.001;CC1001;773945.25;Lancamento Contabil - 3.01.001 - Ref 11/2026
DOC-107181;2026-11-10;202611;3.01.001;CC1001;96435.86;Lancamento Contabil - 3.01.001 - Ref 11/2026
DOC-107182;2026-11-12;202611;3.01.001;CC1001;136588.01;Lancamento Contabil - 3.01.001 - Ref 11/2026
DOC-107183;2026-11-15;202611;3.01.001;CC1001;461627.74;Lancamento Contabil - 3.01.001 - Ref 11/2026
DOC-107184;2026-11-16;202611;3.01.001;CC1001;406283.34;Lancamento Contabil - 3.01.001 - Ref 11/2026
DOC-107185;2026-11-25;202611;3.01.001;CC1001;1093374.74;Lancamento Contabil - 3.01.001 - Ref 11/2026
DOC-107186;2026-11-27;202611;3.01.001;CC1001;698430.64;Lancamento Contabil - 3.01.001 - Ref 11/2026
DOC-107187;2026-11-30;202611;3.01.001;CC1001;394701.82;Lancamento Contabil - 3.01.001 - Ref 11/2026
DOC-107188;2026-11-04;202611;3.02.001;CC1002;77158.25;Lancamento Contabil - 3.02.001 - Ref 11/2026
DOC-107189;2026-11-13;202611;3.02.001;CC1002;49587.72;Lancamento Contabil - 3.02.001 - Ref 11/2026
DOC-107190;2026-11-17;202611;3.02.001;CC1002;65146.7;Lancamento Contabil - 3.02.001 - Ref 11/2026
DOC-107191;2026-11-23;202611;3.02.001;CC1002;16852.35;Lancamento Contabil - 3.02.001 - Ref 11/2026
DOC-107192;2026-11-27;202611;3.02.001;CC1002;97918.95;Lancamento Contabil - 3.02.001 - Ref 11/2026
DOC-107193;2026-11-29;202611;3.02.001;CC1002;172371.21;Lancamento Contabil - 3.02.001 - Ref 11/2026
DOC-107194;2026-11-03;202611;3.02.001;CC1003;13768.81;Lancamento Contabil - 3.02.001 - Ref 11/2026
DOC-107195;2026-11-10;202611;3.02.001;CC1003;31214.65;Lancamento Contabil - 3.02.001 - Ref 11/2026
DOC-107196;2026-11-13;202611;3.02.001;CC1003;171239.75;Lancamento Contabil - 3.02.001 - Ref 11/2026
DOC-107197;2026-11-15;202611;3.02.001;CC1003;18707.41;Lancamento Contabil - 3.02.001 - Ref 11/2026
DOC-107198;2026-11-18;202611;3.02.001;CC1003;41722.23;Lancamento Contabil - 3.02.001 - Ref 11/2026
DOC-107199;2026-11-19;202611;3.02.001;CC1003;4362.72;Lancamento Contabil - 3.02.001 - Ref 11/2026
DOC-107200;2026-11-21;202611;3.02.001;CC1003;42989.61;Lancamento Contabil - 3.02.001 - Ref 11/2026
DOC-107201;2026-11-26;202611;3.02.001;CC1003;4334.12;Lancamento Contabil - 3.02.001 - Ref 11/2026
DOC-107202;2026-11-30;202611;3.02.001;CC1003;147689.49;Lancamento Contabil - 3.02.001 - Ref 11/2026
DOC-107203;2026-11-03;202611;3.03.001;CC1002;13581.61;Lancamento Contabil - 3.03.001 - Ref 11/2026
DOC-107204;2026-11-06;202611;3.03.001;CC1002;9936.67;Lancamento Contabil - 3.03.001 - Ref 11/2026
DOC-107205;2026-11-07;202611;3.03.001;CC1002;6665.94;Lancamento Contabil - 3.03.001 - Ref 11/2026
DOC-107206;2026-11-08;202611;3.03.001;CC1002;21799.32;Lancamento Contabil - 3.03.001 - Ref 11/2026
DOC-107207;2026-11-11;202611;3.03.001;CC1002;35051.15;Lancamento Contabil - 3.03.001 - Ref 11/2026
DOC-107208;2026-11-13;202611;3.03.001;CC1002;7709.23;Lancamento Contabil - 3.03.001 - Ref 11/2026
DOC-107209;2026-11-16;202611;3.03.001;CC1002;29906.16;Lancamento Contabil - 3.03.001 - Ref 11/2026
DOC-107210;2026-11-18;202611;3.03.001;CC1002;9764.14;Lancamento Contabil - 3.03.001 - Ref 11/2026
DOC-107211;2026-11-20;202611;3.03.001;CC1002;8621.56;Lancamento Contabil - 3.03.001 - Ref 11/2026
DOC-107212;2026-11-30;202611;3.03.001;CC1002;6758.98;Lancamento Contabil - 3.03.001 - Ref 11/2026
DOC-107213;2026-11-03;202611;3.03.001;CC1003;4678.13;Lancamento Contabil - 3.03.001 - Ref 11/2026
DOC-107214;2026-11-06;202611;3.03.001;CC1003;74.24;Lancamento Contabil - 3.03.001 - Ref 11/2026
DOC-107215;2026-11-08;202611;3.03.001;CC1003;5506.88;Lancamento Contabil - 3.03.001 - Ref 11/2026
DOC-107216;2026-11-11;202611;3.03.001;CC1003;14200.16;Lancamento Contabil - 3.03.001 - Ref 11/2026
DOC-107217;2026-11-14;202611;3.03.001;CC1003;9522.18;Lancamento Contabil - 3.03.001 - Ref 11/2026
DOC-107218;2026-11-18;202611;3.03.001;CC1003;11855.37;Lancamento Contabil - 3.03.001 - Ref 11/2026
DOC-107219;2026-11-19;202611;3.03.001;CC1003;78592.04;Lancamento Contabil - 3.03.001 - Ref 11/2026
DOC-107220;2026-11-23;202611;3.03.001;CC1003;8590.44;Lancamento Contabil - 3.03.001 - Ref 11/2026
DOC-107221;2026-11-26;202611;3.03.001;CC1003;11989.39;Lancamento Contabil - 3.03.001 - Ref 11/2026
DOC-107222;2026-11-30;202611;3.03.001;CC1003;2855.06;Lancamento Contabil - 3.03.001 - Ref 11/2026
DOC-107223;2026-11-04;202611;3.03.001;CC1005;3602.95;Lancamento Contabil - 3.03.001 - Ref 11/2026
DOC-107224;2026-11-06;202611;3.03.001;CC1005;18823.51;Lancamento Contabil - 3.03.001 - Ref 11/2026
DOC-107225;2026-11-10;202611;3.03.001;CC1005;6492.12;Lancamento Contabil - 3.03.001 - Ref 11/2026
DOC-107226;2026-11-11;202611;3.03.001;CC1005;5744.28;Lancamento Contabil - 3.03.001 - Ref 11/2026
DOC-107227;2026-11-13;202611;3.03.001;CC1005;257.26;Lancamento Contabil - 3.03.001 - Ref 11/2026
DOC-107228;2026-11-15;202611;3.03.001;CC1005;3099.12;Lancamento Contabil - 3.03.001 - Ref 11/2026
DOC-107229;2026-11-18;202611;3.03.001;CC1005;8210.92;Lancamento Contabil - 3.03.001 - Ref 11/2026
DOC-107230;2026-11-19;202611;3.03.001;CC1005;2758.24;Lancamento Contabil - 3.03.001 - Ref 11/2026
DOC-107231;2026-11-20;202611;3.03.001;CC1005;94505.4;Lancamento Contabil - 3.03.001 - Ref 11/2026
DOC-107232;2026-11-27;202611;3.03.001;CC1005;8190.51;Lancamento Contabil - 3.03.001 - Ref 11/2026
DOC-107233;2026-11-30;202611;3.03.001;CC1005;3098.69;Lancamento Contabil - 3.03.001 - Ref 11/2026
DOC-107234;2026-11-04;202611;3.04.001;CC1004;10339.22;Lancamento Contabil - 3.04.001 - Ref 11/2026
DOC-107235;2026-11-20;202611;3.04.001;CC1004;41264.83;Lancamento Contabil - 3.04.001 - Ref 11/2026
DOC-107236;2026-11-22;202611;3.04.001;CC1004;3082.54;Lancamento Contabil - 3.04.001 - Ref 11/2026
DOC-107237;2026-11-25;202611;3.04.001;CC1004;92385.99;Lancamento Contabil - 3.04.001 - Ref 11/2026
DOC-107238;2026-11-27;202611;3.04.001;CC1004;151694.6;Lancamento Contabil - 3.04.001 - Ref 11/2026
DOC-107239;2026-11-02;202611;3.05.001;CC1005;798.71;Lancamento Contabil - 3.05.001 - Ref 11/2026
DOC-107240;2026-11-03;202611;3.05.001;CC1005;36526.87;Lancamento Contabil - 3.05.001 - Ref 11/2026
DOC-107241;2026-11-05;202611;3.05.001;CC1005;19066.19;Lancamento Contabil - 3.05.001 - Ref 11/2026
DOC-107242;2026-11-07;202611;3.05.001;CC1005;11232.94;Lancamento Contabil - 3.05.001 - Ref 11/2026
DOC-107243;2026-11-11;202611;3.05.001;CC1005;8268.89;Lancamento Contabil - 3.05.001 - Ref 11/2026
DOC-107244;2026-11-16;202611;3.05.001;CC1005;37874.19;Lancamento Contabil - 3.05.001 - Ref 11/2026
DOC-107245;2026-11-19;202611;3.05.001;CC1005;19205.95;Lancamento Contabil - 3.05.001 - Ref 11/2026
DOC-107246;2026-11-21;202611;3.05.001;CC1005;7066.66;Lancamento Contabil - 3.05.001 - Ref 11/2026
DOC-107247;2026-11-22;202611;3.05.001;CC1005;41689.86;Lancamento Contabil - 3.05.001 - Ref 11/2026
DOC-107248;2026-11-28;202611;3.05.001;CC1005;29709.46;Lancamento Contabil - 3.05.001 - Ref 11/2026
DOC-107249;2026-11-26;202611;3.06.001;CC1002;146403.73;Lancamento Contabil - 3.06.001 - Ref 11/2026
DOC-107250;2026-11-01;202611;3.06.001;CC1003;164012.94;Lancamento Contabil - 3.06.001 - Ref 11/2026
DOC-107251;2026-11-05;202611;4.01.001;CC2001;13039.58;Lancamento Contabil - 4.01.001 - Ref 11/2026
DOC-107252;2026-11-10;202611;4.01.001;CC2001;126666.47;Lancamento Contabil - 4.01.001 - Ref 11/2026
DOC-107253;2026-11-13;202611;4.01.001;CC2001;62176.06;Lancamento Contabil - 4.01.001 - Ref 11/2026
DOC-107254;2026-11-15;202611;4.01.001;CC2001;309516.25;Lancamento Contabil - 4.01.001 - Ref 11/2026
DOC-107255;2026-11-18;202611;4.01.001;CC2001;16296.63;Lancamento Contabil - 4.01.001 - Ref 11/2026
DOC-107256;2026-11-22;202611;4.01.001;CC2001;109878.4;Lancamento Contabil - 4.01.001 - Ref 11/2026
DOC-107257;2026-11-03;202611;4.02.001;CC3001;8282.38;Lancamento Contabil - 4.02.001 - Ref 11/2026
DOC-107258;2026-11-07;202611;4.02.001;CC3001;67738.99;Lancamento Contabil - 4.02.001 - Ref 11/2026
DOC-107259;2026-11-10;202611;4.02.001;CC3001;47934.45;Lancamento Contabil - 4.02.001 - Ref 11/2026
DOC-107260;2026-11-11;202611;4.02.001;CC3001;6520.09;Lancamento Contabil - 4.02.001 - Ref 11/2026
DOC-107261;2026-11-12;202611;4.02.001;CC3001;33657.88;Lancamento Contabil - 4.02.001 - Ref 11/2026
DOC-107262;2026-11-14;202611;4.02.001;CC3001;112249.91;Lancamento Contabil - 4.02.001 - Ref 11/2026
DOC-107263;2026-11-19;202611;4.02.001;CC3001;6023.76;Lancamento Contabil - 4.02.001 - Ref 11/2026
DOC-107264;2026-11-22;202611;4.02.001;CC3001;11873.81;Lancamento Contabil - 4.02.001 - Ref 11/2026
DOC-107265;2026-11-26;202611;4.02.001;CC3001;15188.62;Lancamento Contabil - 4.02.001 - Ref 11/2026
DOC-107266;2026-11-28;202611;4.02.001;CC3001;7227.95;Lancamento Contabil - 4.02.001 - Ref 11/2026
DOC-107267;2026-11-30;202611;4.02.001;CC3001;318.16;Lancamento Contabil - 4.02.001 - Ref 11/2026
DOC-107268;2026-11-13;202611;4.02.001;CC3003;56265.95;Lancamento Contabil - 4.02.001 - Ref 11/2026
DOC-107269;2026-11-17;202611;4.02.001;CC3003;74952.25;Lancamento Contabil - 4.02.001 - Ref 11/2026
DOC-107270;2026-11-20;202611;4.02.001;CC3003;132676.16;Lancamento Contabil - 4.02.001 - Ref 11/2026
DOC-107271;2026-11-28;202611;4.02.001;CC3003;42468.41;Lancamento Contabil - 4.02.001 - Ref 11/2026
DOC-107272;2026-11-02;202611;4.03.001;CC3002;4002.83;Lancamento Contabil - 4.03.001 - Ref 11/2026
DOC-107273;2026-11-10;202611;4.03.001;CC3002;47201.56;Lancamento Contabil - 4.03.001 - Ref 11/2026
DOC-107274;2026-11-12;202611;4.03.001;CC3002;47661.75;Lancamento Contabil - 4.03.001 - Ref 11/2026
DOC-107275;2026-11-18;202611;4.03.001;CC3002;140631.34;Lancamento Contabil - 4.03.001 - Ref 11/2026
DOC-107276;2026-11-28;202611;4.03.001;CC3002;135.99;Lancamento Contabil - 4.03.001 - Ref 11/2026
DOC-107277;2026-11-30;202611;4.03.001;CC3002;12807.61;Lancamento Contabil - 4.03.001 - Ref 11/2026
DOC-107278;2026-11-12;202611;4.04.001;CC1001;34352.8;Lancamento Contabil - 4.04.001 - Ref 11/2026
DOC-107279;2026-11-18;202611;4.04.001;CC1001;35163.48;Lancamento Contabil - 4.04.001 - Ref 11/2026
DOC-107280;2026-11-23;202611;4.04.001;CC1001;16666.16;Lancamento Contabil - 4.04.001 - Ref 11/2026
DOC-107281;2026-11-27;202611;4.04.001;CC1001;18971.35;Lancamento Contabil - 4.04.001 - Ref 11/2026
DOC-107282;2026-11-01;202611;4.04.001;CC3001;9179.2;Lancamento Contabil - 4.04.001 - Ref 11/2026
DOC-107283;2026-11-08;202611;4.04.001;CC3001;6967.0;Lancamento Contabil - 4.04.001 - Ref 11/2026
DOC-107284;2026-11-10;202611;4.04.001;CC3001;57925.36;Lancamento Contabil - 4.04.001 - Ref 11/2026
DOC-107285;2026-11-14;202611;4.04.001;CC3001;5055.09;Lancamento Contabil - 4.04.001 - Ref 11/2026
DOC-107286;2026-11-28;202611;4.04.001;CC3001;22034.37;Lancamento Contabil - 4.04.001 - Ref 11/2026
DOC-107287;2026-11-06;202611;4.05.001;CC4001;38569.94;Lancamento Contabil - 4.05.001 - Ref 11/2026
DOC-107288;2026-11-07;202611;4.05.001;CC4001;2842.14;Lancamento Contabil - 4.05.001 - Ref 11/2026
DOC-107289;2026-11-11;202611;4.05.001;CC4001;52759.62;Lancamento Contabil - 4.05.001 - Ref 11/2026
DOC-107290;2026-11-13;202611;4.05.001;CC4001;71405.54;Lancamento Contabil - 4.05.001 - Ref 11/2026
DOC-107291;2026-11-14;202611;4.05.001;CC4001;11212.54;Lancamento Contabil - 4.05.001 - Ref 11/2026
DOC-107292;2026-11-18;202611;4.05.001;CC4001;2578.27;Lancamento Contabil - 4.05.001 - Ref 11/2026
DOC-107293;2026-11-21;202611;4.05.001;CC4001;5252.59;Lancamento Contabil - 4.05.001 - Ref 11/2026
DOC-107294;2026-11-23;202611;4.05.001;CC4001;7638.03;Lancamento Contabil - 4.05.001 - Ref 11/2026
DOC-107295;2026-11-26;202611;4.05.001;CC4001;5116.2;Lancamento Contabil - 4.05.001 - Ref 11/2026
DOC-107296;2026-11-27;202611;4.05.001;CC4001;4553.58;Lancamento Contabil - 4.05.001 - Ref 11/2026
DOC-107297;2026-11-05;202611;4.06.001;CC3001;2168.56;Lancamento Contabil - 4.06.001 - Ref 11/2026
DOC-107298;2026-11-07;202611;4.06.001;CC3001;1310.47;Lancamento Contabil - 4.06.001 - Ref 11/2026
DOC-107299;2026-11-10;202611;4.06.001;CC3001;6734.81;Lancamento Contabil - 4.06.001 - Ref 11/2026
DOC-107300;2026-11-12;202611;4.06.001;CC3001;7962.51;Lancamento Contabil - 4.06.001 - Ref 11/2026
DOC-107301;2026-11-13;202611;4.06.001;CC3001;7438.64;Lancamento Contabil - 4.06.001 - Ref 11/2026
DOC-107302;2026-11-14;202611;4.06.001;CC3001;2456.4;Lancamento Contabil - 4.06.001 - Ref 11/2026
DOC-107303;2026-11-18;202611;4.06.001;CC3001;1855.9;Lancamento Contabil - 4.06.001 - Ref 11/2026
DOC-107304;2026-11-21;202611;4.06.001;CC3001;19935.08;Lancamento Contabil - 4.06.001 - Ref 11/2026
DOC-107305;2026-11-22;202611;4.06.001;CC3001;16398.08;Lancamento Contabil - 4.06.001 - Ref 11/2026
DOC-107306;2026-11-24;202611;4.06.001;CC3001;3903.26;Lancamento Contabil - 4.06.001 - Ref 11/2026
DOC-107307;2026-11-30;202611;4.06.001;CC3001;11954.85;Lancamento Contabil - 4.06.001 - Ref 11/2026
DOC-107308;2026-11-01;202611;4.06.001;CC1005;25407.54;Lancamento Contabil - 4.06.001 - Ref 11/2026
DOC-107309;2026-11-03;202611;4.06.001;CC1005;23308.19;Lancamento Contabil - 4.06.001 - Ref 11/2026
DOC-107310;2026-11-05;202611;4.06.001;CC1005;7195.45;Lancamento Contabil - 4.06.001 - Ref 11/2026
DOC-107311;2026-11-21;202611;4.06.001;CC1005;23456.33;Lancamento Contabil - 4.06.001 - Ref 11/2026
DOC-107312;2026-11-03;202611;5.01.001;CC3001;27931.08;Lancamento Contabil - 5.01.001 - Ref 11/2026
DOC-107313;2026-11-05;202611;5.01.001;CC3001;72317.16;Lancamento Contabil - 5.01.001 - Ref 11/2026
DOC-107314;2026-11-14;202611;5.01.001;CC3001;54206.7;Lancamento Contabil - 5.01.001 - Ref 11/2026
DOC-107315;2026-11-15;202611;5.01.001;CC3001;47961.58;Lancamento Contabil - 5.01.001 - Ref 11/2026
DOC-107316;2026-11-20;202611;5.01.001;CC3001;114305.17;Lancamento Contabil - 5.01.001 - Ref 11/2026
DOC-107317;2026-11-21;202611;5.01.001;CC3001;865.56;Lancamento Contabil - 5.01.001 - Ref 11/2026
DOC-107318;2026-11-22;202611;5.01.001;CC3001;38733.74;Lancamento Contabil - 5.01.001 - Ref 11/2026
DOC-107319;2026-11-24;202611;5.01.001;CC3001;73639.1;Lancamento Contabil - 5.01.001 - Ref 11/2026
DOC-107320;2026-11-28;202611;5.01.001;CC3001;37075.69;Lancamento Contabil - 5.01.001 - Ref 11/2026
DOC-107321;2026-11-29;202611;5.01.001;CC3001;18618.22;Lancamento Contabil - 5.01.001 - Ref 11/2026
DOC-107322;2026-11-30;202611;5.01.001;CC3001;6967.31;Lancamento Contabil - 5.01.001 - Ref 11/2026
DOC-107323;2026-11-13;202611;5.02.001;CC3001;109052.89;Lancamento Contabil - 5.02.001 - Ref 11/2026
DOC-107324;2026-11-14;202611;5.02.001;CC3001;31753.21;Lancamento Contabil - 5.02.001 - Ref 11/2026
DOC-107325;2026-11-15;202611;5.02.001;CC3001;105026.64;Lancamento Contabil - 5.02.001 - Ref 11/2026
DOC-107326;2026-11-17;202611;5.02.001;CC3001;43989.78;Lancamento Contabil - 5.02.001 - Ref 11/2026
DOC-107327;2026-11-18;202611;5.02.001;CC3001;55961.91;Lancamento Contabil - 5.02.001 - Ref 11/2026
DOC-107328;2026-11-30;202611;5.02.001;CC3001;81388.05;Lancamento Contabil - 5.02.001 - Ref 11/2026
DOC-107329;2026-11-01;202611;5.03.001;CC3001;11061.93;Lancamento Contabil - 5.03.001 - Ref 11/2026
DOC-107330;2026-11-06;202611;5.03.001;CC3001;24935.37;Lancamento Contabil - 5.03.001 - Ref 11/2026
DOC-107331;2026-11-08;202611;5.03.001;CC3001;7179.99;Lancamento Contabil - 5.03.001 - Ref 11/2026
DOC-107332;2026-11-14;202611;5.03.001;CC3001;7538.73;Lancamento Contabil - 5.03.001 - Ref 11/2026
DOC-107333;2026-11-16;202611;5.03.001;CC3001;1543.64;Lancamento Contabil - 5.03.001 - Ref 11/2026
DOC-107334;2026-11-17;202611;5.03.001;CC3001;37756.85;Lancamento Contabil - 5.03.001 - Ref 11/2026
DOC-107335;2026-11-19;202611;5.03.001;CC3001;1464.86;Lancamento Contabil - 5.03.001 - Ref 11/2026
DOC-107336;2026-11-20;202611;5.03.001;CC3001;16033.19;Lancamento Contabil - 5.03.001 - Ref 11/2026
DOC-107337;2026-11-30;202611;5.03.001;CC3001;8180.85;Lancamento Contabil - 5.03.001 - Ref 11/2026
DOC-107338;2026-11-02;202611;6.01.001;CC3001;96120.21;Lancamento Contabil - 6.01.001 - Ref 11/2026
DOC-107339;2026-11-12;202611;6.01.001;CC3001;210266.61;Lancamento Contabil - 6.01.001 - Ref 11/2026
DOC-107340;2026-11-14;202611;6.01.001;CC3001;12831.89;Lancamento Contabil - 6.01.001 - Ref 11/2026
DOC-107341;2026-11-16;202611;6.01.001;CC3001;166411.83;Lancamento Contabil - 6.01.001 - Ref 11/2026
DOC-107342;2026-11-18;202611;6.01.001;CC3001;273181.03;Lancamento Contabil - 6.01.001 - Ref 11/2026
DOC-107343;2026-11-19;202611;6.01.001;CC3001;325459.59;Lancamento Contabil - 6.01.001 - Ref 11/2026
DOC-107344;2026-11-26;202611;6.01.001;CC3001;34544.9;Lancamento Contabil - 6.01.001 - Ref 11/2026
DOC-107345;2026-11-28;202611;6.01.001;CC3001;420724.18;Lancamento Contabil - 6.01.001 - Ref 11/2026
DOC-107346;2026-12-03;202612;1.01.001;CC4001;2093213.74;Lancamento Contabil - 1.01.001 - Ref 12/2026
DOC-107347;2026-12-04;202612;1.01.001;CC4001;2461423.25;Lancamento Contabil - 1.01.001 - Ref 12/2026
DOC-107348;2026-12-05;202612;1.01.001;CC4001;7922918.26;Lancamento Contabil - 1.01.001 - Ref 12/2026
DOC-107349;2026-12-16;202612;1.01.001;CC4001;7254429.06;Lancamento Contabil - 1.01.001 - Ref 12/2026
DOC-107350;2026-12-17;202612;1.01.001;CC4001;1873738.74;Lancamento Contabil - 1.01.001 - Ref 12/2026
DOC-107351;2026-12-19;202612;1.01.001;CC4001;1011013.59;Lancamento Contabil - 1.01.001 - Ref 12/2026
DOC-107352;2026-12-23;202612;1.01.001;CC4001;1574345.2;Lancamento Contabil - 1.01.001 - Ref 12/2026
DOC-107353;2026-12-24;202612;1.01.001;CC4001;1546390.91;Lancamento Contabil - 1.01.001 - Ref 12/2026
DOC-107354;2026-12-25;202612;1.01.001;CC4001;1065581.82;Lancamento Contabil - 1.01.001 - Ref 12/2026
DOC-107355;2026-12-03;202612;1.01.002;CC4001;204388.19;Lancamento Contabil - 1.01.002 - Ref 12/2026
DOC-107356;2026-12-08;202612;1.01.002;CC4001;1289803.95;Lancamento Contabil - 1.01.002 - Ref 12/2026
DOC-107357;2026-12-15;202612;1.01.002;CC4001;47326.78;Lancamento Contabil - 1.01.002 - Ref 12/2026
DOC-107358;2026-12-16;202612;1.01.002;CC4001;739742.02;Lancamento Contabil - 1.01.002 - Ref 12/2026
DOC-107359;2026-12-17;202612;1.01.002;CC4001;123987.51;Lancamento Contabil - 1.01.002 - Ref 12/2026
DOC-107360;2026-12-20;202612;1.01.002;CC4001;276009.45;Lancamento Contabil - 1.01.002 - Ref 12/2026
DOC-107361;2026-12-29;202612;1.01.002;CC4001;41508.19;Lancamento Contabil - 1.01.002 - Ref 12/2026
DOC-107362;2026-12-30;202612;1.01.002;CC4001;205634.87;Lancamento Contabil - 1.01.002 - Ref 12/2026
DOC-107363;2026-12-18;202612;1.02.001;CC1004;39017.76;Lancamento Contabil - 1.02.001 - Ref 12/2026
DOC-107364;2026-12-19;202612;1.02.001;CC1004;97034.12;Lancamento Contabil - 1.02.001 - Ref 12/2026
DOC-107365;2026-12-21;202612;1.02.001;CC1004;99014.76;Lancamento Contabil - 1.02.001 - Ref 12/2026
DOC-107366;2026-12-22;202612;1.02.001;CC1004;322228.99;Lancamento Contabil - 1.02.001 - Ref 12/2026
DOC-107367;2026-12-26;202612;1.02.001;CC1004;224184.77;Lancamento Contabil - 1.02.001 - Ref 12/2026
DOC-107368;2026-12-01;202612;2.01.001;CC3001;262928.97;Lancamento Contabil - 2.01.001 - Ref 12/2026
DOC-107369;2026-12-02;202612;2.01.001;CC3001;405885.7;Lancamento Contabil - 2.01.001 - Ref 12/2026
DOC-107370;2026-12-11;202612;2.01.001;CC3001;686739.62;Lancamento Contabil - 2.01.001 - Ref 12/2026
DOC-107371;2026-12-16;202612;2.01.001;CC3001;3501.85;Lancamento Contabil - 2.01.001 - Ref 12/2026
DOC-107372;2026-12-18;202612;2.01.001;CC3001;188397.72;Lancamento Contabil - 2.01.001 - Ref 12/2026
DOC-107373;2026-12-20;202612;2.01.001;CC3001;868736.02;Lancamento Contabil - 2.01.001 - Ref 12/2026
DOC-107374;2026-12-25;202612;2.01.001;CC3001;492602.75;Lancamento Contabil - 2.01.001 - Ref 12/2026
DOC-107375;2026-12-29;202612;2.01.001;CC3001;285973.9;Lancamento Contabil - 2.01.001 - Ref 12/2026
DOC-107376;2026-12-06;202612;2.02.001;CC4001;11595.98;Lancamento Contabil - 2.02.001 - Ref 12/2026
DOC-107377;2026-12-10;202612;2.02.001;CC4001;16806.18;Lancamento Contabil - 2.02.001 - Ref 12/2026
DOC-107378;2026-12-11;202612;2.02.001;CC4001;8548.98;Lancamento Contabil - 2.02.001 - Ref 12/2026
DOC-107379;2026-12-12;202612;2.02.001;CC4001;19755.87;Lancamento Contabil - 2.02.001 - Ref 12/2026
DOC-107380;2026-12-14;202612;2.02.001;CC4001;31156.23;Lancamento Contabil - 2.02.001 - Ref 12/2026
DOC-107381;2026-12-16;202612;2.02.001;CC4001;2651.04;Lancamento Contabil - 2.02.001 - Ref 12/2026
DOC-107382;2026-12-17;202612;2.02.001;CC4001;9475.72;Lancamento Contabil - 2.02.001 - Ref 12/2026
DOC-107383;2026-12-19;202612;2.02.001;CC4001;8270.91;Lancamento Contabil - 2.02.001 - Ref 12/2026
DOC-107384;2026-12-23;202612;2.02.001;CC4001;18347.72;Lancamento Contabil - 2.02.001 - Ref 12/2026
DOC-107385;2026-12-24;202612;2.02.001;CC4001;4535.59;Lancamento Contabil - 2.02.001 - Ref 12/2026
DOC-107386;2026-12-29;202612;2.02.001;CC4001;16128.24;Lancamento Contabil - 2.02.001 - Ref 12/2026
DOC-107387;2026-12-20;202612;3.01.001;CC1001;1044869.03;Lancamento Contabil - 3.01.001 - Ref 12/2026
DOC-107388;2026-12-23;202612;3.01.001;CC1001;269489.32;Lancamento Contabil - 3.01.001 - Ref 12/2026
DOC-107389;2026-12-24;202612;3.01.001;CC1001;1203990.86;Lancamento Contabil - 3.01.001 - Ref 12/2026
DOC-107390;2026-12-30;202612;3.01.001;CC1001;2481100.02;Lancamento Contabil - 3.01.001 - Ref 12/2026
DOC-107391;2026-12-02;202612;3.02.001;CC1002;84961.97;Lancamento Contabil - 3.02.001 - Ref 12/2026
DOC-107392;2026-12-09;202612;3.02.001;CC1002;89900.15;Lancamento Contabil - 3.02.001 - Ref 12/2026
DOC-107393;2026-12-16;202612;3.02.001;CC1002;2908.57;Lancamento Contabil - 3.02.001 - Ref 12/2026
DOC-107394;2026-12-19;202612;3.02.001;CC1002;427.51;Lancamento Contabil - 3.02.001 - Ref 12/2026
DOC-107395;2026-12-21;202612;3.02.001;CC1002;4969.35;Lancamento Contabil - 3.02.001 - Ref 12/2026
DOC-107396;2026-12-24;202612;3.02.001;CC1002;156287.19;Lancamento Contabil - 3.02.001 - Ref 12/2026
DOC-107397;2026-12-26;202612;3.02.001;CC1002;5613.97;Lancamento Contabil - 3.02.001 - Ref 12/2026
DOC-107398;2026-12-29;202612;3.02.001;CC1002;19752.95;Lancamento Contabil - 3.02.001 - Ref 12/2026
DOC-107399;2026-12-02;202612;3.02.001;CC1003;124812.09;Lancamento Contabil - 3.02.001 - Ref 12/2026
DOC-107400;2026-12-10;202612;3.02.001;CC1003;1363.65;Lancamento Contabil - 3.02.001 - Ref 12/2026
DOC-107401;2026-12-19;202612;3.02.001;CC1003;61364.96;Lancamento Contabil - 3.02.001 - Ref 12/2026
DOC-107402;2026-12-22;202612;3.02.001;CC1003;21459.84;Lancamento Contabil - 3.02.001 - Ref 12/2026
DOC-107403;2026-12-24;202612;3.02.001;CC1003;131183.25;Lancamento Contabil - 3.02.001 - Ref 12/2026
DOC-107404;2026-12-26;202612;3.02.001;CC1003;22051.38;Lancamento Contabil - 3.02.001 - Ref 12/2026
DOC-107405;2026-12-03;202612;3.03.001;CC1002;24657.88;Lancamento Contabil - 3.03.001 - Ref 12/2026
DOC-107406;2026-12-05;202612;3.03.001;CC1002;3488.17;Lancamento Contabil - 3.03.001 - Ref 12/2026
DOC-107407;2026-12-10;202612;3.03.001;CC1002;51837.47;Lancamento Contabil - 3.03.001 - Ref 12/2026
DOC-107408;2026-12-16;202612;3.03.001;CC1002;33617.49;Lancamento Contabil - 3.03.001 - Ref 12/2026
DOC-107409;2026-12-01;202612;3.03.001;CC1003;17785.02;Lancamento Contabil - 3.03.001 - Ref 12/2026
DOC-107410;2026-12-03;202612;3.03.001;CC1003;17311.16;Lancamento Contabil - 3.03.001 - Ref 12/2026
DOC-107411;2026-12-04;202612;3.03.001;CC1003;6561.17;Lancamento Contabil - 3.03.001 - Ref 12/2026
DOC-107412;2026-12-05;202612;3.03.001;CC1003;10020.86;Lancamento Contabil - 3.03.001 - Ref 12/2026
DOC-107413;2026-12-09;202612;3.03.001;CC1003;9959.53;Lancamento Contabil - 3.03.001 - Ref 12/2026
DOC-107414;2026-12-20;202612;3.03.001;CC1003;18859.54;Lancamento Contabil - 3.03.001 - Ref 12/2026
DOC-107415;2026-12-23;202612;3.03.001;CC1003;5945.54;Lancamento Contabil - 3.03.001 - Ref 12/2026
DOC-107416;2026-12-24;202612;3.03.001;CC1003;3461.67;Lancamento Contabil - 3.03.001 - Ref 12/2026
DOC-107417;2026-12-26;202612;3.03.001;CC1003;3308.38;Lancamento Contabil - 3.03.001 - Ref 12/2026
DOC-107418;2026-12-27;202612;3.03.001;CC1003;8254.35;Lancamento Contabil - 3.03.001 - Ref 12/2026
DOC-107419;2026-12-28;202612;3.03.001;CC1003;6406.45;Lancamento Contabil - 3.03.001 - Ref 12/2026
DOC-107420;2026-12-30;202612;3.03.001;CC1003;6231.81;Lancamento Contabil - 3.03.001 - Ref 12/2026
DOC-107421;2026-12-05;202612;3.03.001;CC1005;10040.4;Lancamento Contabil - 3.03.001 - Ref 12/2026
DOC-107422;2026-12-15;202612;3.03.001;CC1005;9158.52;Lancamento Contabil - 3.03.001 - Ref 12/2026
DOC-107423;2026-12-19;202612;3.03.001;CC1005;22226.64;Lancamento Contabil - 3.03.001 - Ref 12/2026
DOC-107424;2026-12-22;202612;3.03.001;CC1005;10792.82;Lancamento Contabil - 3.03.001 - Ref 12/2026
DOC-107425;2026-12-24;202612;3.03.001;CC1005;36607.28;Lancamento Contabil - 3.03.001 - Ref 12/2026
DOC-107426;2026-12-30;202612;3.03.001;CC1005;19389.1;Lancamento Contabil - 3.03.001 - Ref 12/2026
DOC-107427;2026-12-06;202612;3.04.001;CC1004;22172.29;Lancamento Contabil - 3.04.001 - Ref 12/2026
DOC-107428;2026-12-08;202612;3.04.001;CC1004;28666.79;Lancamento Contabil - 3.04.001 - Ref 12/2026
DOC-107429;2026-12-09;202612;3.04.001;CC1004;8468.11;Lancamento Contabil - 3.04.001 - Ref 12/2026
DOC-107430;2026-12-16;202612;3.04.001;CC1004;6300.06;Lancamento Contabil - 3.04.001 - Ref 12/2026
DOC-107431;2026-12-17;202612;3.04.001;CC1004;79027.24;Lancamento Contabil - 3.04.001 - Ref 12/2026
DOC-107432;2026-12-23;202612;3.04.001;CC1004;21160.64;Lancamento Contabil - 3.04.001 - Ref 12/2026
DOC-107433;2026-12-26;202612;3.04.001;CC1004;19765.78;Lancamento Contabil - 3.04.001 - Ref 12/2026
DOC-107434;2026-12-30;202612;3.04.001;CC1004;1349.32;Lancamento Contabil - 3.04.001 - Ref 12/2026
DOC-107435;2026-12-31;202612;3.04.001;CC1004;25642.09;Lancamento Contabil - 3.04.001 - Ref 12/2026
DOC-107436;2026-12-03;202612;3.05.001;CC1005;65594.46;Lancamento Contabil - 3.05.001 - Ref 12/2026
DOC-107437;2026-12-05;202612;3.05.001;CC1005;10439.25;Lancamento Contabil - 3.05.001 - Ref 12/2026
DOC-107438;2026-12-11;202612;3.05.001;CC1005;15529.24;Lancamento Contabil - 3.05.001 - Ref 12/2026
DOC-107439;2026-12-31;202612;3.05.001;CC1005;88937.37;Lancamento Contabil - 3.05.001 - Ref 12/2026
DOC-107440;2026-12-20;202612;3.06.001;CC1002;134248.01;Lancamento Contabil - 3.06.001 - Ref 12/2026
DOC-107441;2026-12-30;202612;3.06.001;CC1003;121124.16;Lancamento Contabil - 3.06.001 - Ref 12/2026
DOC-107442;2026-12-13;202612;4.01.001;CC2001;10204.61;Lancamento Contabil - 4.01.001 - Ref 12/2026
DOC-107443;2026-12-14;202612;4.01.001;CC2001;64862.77;Lancamento Contabil - 4.01.001 - Ref 12/2026
DOC-107444;2026-12-16;202612;4.01.001;CC2001;25550.55;Lancamento Contabil - 4.01.001 - Ref 12/2026
DOC-107445;2026-12-25;202612;4.01.001;CC2001;203858.1;Lancamento Contabil - 4.01.001 - Ref 12/2026
DOC-107446;2026-12-27;202612;4.01.001;CC2001;125674.12;Lancamento Contabil - 4.01.001 - Ref 12/2026
DOC-107447;2026-12-29;202612;4.01.001;CC2001;25578.8;Lancamento Contabil - 4.01.001 - Ref 12/2026
DOC-107448;2026-12-06;202612;4.02.001;CC3001;46620.16;Lancamento Contabil - 4.02.001 - Ref 12/2026
DOC-107449;2026-12-07;202612;4.02.001;CC3001;99926.29;Lancamento Contabil - 4.02.001 - Ref 12/2026
DOC-107450;2026-12-15;202612;4.02.001;CC3001;43037.78;Lancamento Contabil - 4.02.001 - Ref 12/2026
DOC-107451;2026-12-19;202612;4.02.001;CC3001;10320.37;Lancamento Contabil - 4.02.001 - Ref 12/2026
DOC-107452;2026-12-21;202612;4.02.001;CC3001;28622.62;Lancamento Contabil - 4.02.001 - Ref 12/2026
DOC-107453;2026-12-22;202612;4.02.001;CC3001;23638.66;Lancamento Contabil - 4.02.001 - Ref 12/2026
DOC-107454;2026-12-24;202612;4.02.001;CC3001;63389.47;Lancamento Contabil - 4.02.001 - Ref 12/2026
DOC-107455;2026-12-02;202612;4.02.001;CC3003;35334.91;Lancamento Contabil - 4.02.001 - Ref 12/2026
DOC-107456;2026-12-04;202612;4.02.001;CC3003;10078.21;Lancamento Contabil - 4.02.001 - Ref 12/2026
DOC-107457;2026-12-06;202612;4.02.001;CC3003;399.6;Lancamento Contabil - 4.02.001 - Ref 12/2026
DOC-107458;2026-12-09;202612;4.02.001;CC3003;24080.1;Lancamento Contabil - 4.02.001 - Ref 12/2026
DOC-107459;2026-12-15;202612;4.02.001;CC3003;30629.83;Lancamento Contabil - 4.02.001 - Ref 12/2026
DOC-107460;2026-12-21;202612;4.02.001;CC3003;108374.7;Lancamento Contabil - 4.02.001 - Ref 12/2026
DOC-107461;2026-12-25;202612;4.02.001;CC3003;29297.55;Lancamento Contabil - 4.02.001 - Ref 12/2026
DOC-107462;2026-12-27;202612;4.02.001;CC3003;20964.95;Lancamento Contabil - 4.02.001 - Ref 12/2026
DOC-107463;2026-12-31;202612;4.02.001;CC3003;28034.05;Lancamento Contabil - 4.02.001 - Ref 12/2026
DOC-107464;2026-12-08;202612;4.03.001;CC3002;8722.36;Lancamento Contabil - 4.03.001 - Ref 12/2026
DOC-107465;2026-12-10;202612;4.03.001;CC3002;20098.27;Lancamento Contabil - 4.03.001 - Ref 12/2026
DOC-107466;2026-12-13;202612;4.03.001;CC3002;39014.56;Lancamento Contabil - 4.03.001 - Ref 12/2026
DOC-107467;2026-12-16;202612;4.03.001;CC3002;20028.92;Lancamento Contabil - 4.03.001 - Ref 12/2026
DOC-107468;2026-12-18;202612;4.03.001;CC3002;2009.86;Lancamento Contabil - 4.03.001 - Ref 12/2026
DOC-107469;2026-12-22;202612;4.03.001;CC3002;36812.01;Lancamento Contabil - 4.03.001 - Ref 12/2026
DOC-107470;2026-12-24;202612;4.03.001;CC3002;46943.95;Lancamento Contabil - 4.03.001 - Ref 12/2026
DOC-107471;2026-12-25;202612;4.03.001;CC3002;9784.86;Lancamento Contabil - 4.03.001 - Ref 12/2026
DOC-107472;2026-12-28;202612;4.03.001;CC3002;31234.6;Lancamento Contabil - 4.03.001 - Ref 12/2026
DOC-107473;2026-12-31;202612;4.03.001;CC3002;15922.15;Lancamento Contabil - 4.03.001 - Ref 12/2026
DOC-107474;2026-12-01;202612;4.04.001;CC1001;15903.05;Lancamento Contabil - 4.04.001 - Ref 12/2026
DOC-107475;2026-12-05;202612;4.04.001;CC1001;13491.42;Lancamento Contabil - 4.04.001 - Ref 12/2026
DOC-107476;2026-12-09;202612;4.04.001;CC1001;5389.6;Lancamento Contabil - 4.04.001 - Ref 12/2026
DOC-107477;2026-12-10;202612;4.04.001;CC1001;8503.98;Lancamento Contabil - 4.04.001 - Ref 12/2026
DOC-107478;2026-12-11;202612;4.04.001;CC1001;15536.26;Lancamento Contabil - 4.04.001 - Ref 12/2026
DOC-107479;2026-12-13;202612;4.04.001;CC1001;4950.44;Lancamento Contabil - 4.04.001 - Ref 12/2026
DOC-107480;2026-12-14;202612;4.04.001;CC1001;2717.29;Lancamento Contabil - 4.04.001 - Ref 12/2026
DOC-107481;2026-12-15;202612;4.04.001;CC1001;10131.06;Lancamento Contabil - 4.04.001 - Ref 12/2026
DOC-107482;2026-12-17;202612;4.04.001;CC1001;1797.23;Lancamento Contabil - 4.04.001 - Ref 12/2026
DOC-107483;2026-12-22;202612;4.04.001;CC1001;3556.85;Lancamento Contabil - 4.04.001 - Ref 12/2026
DOC-107484;2026-12-28;202612;4.04.001;CC1001;14518.91;Lancamento Contabil - 4.04.001 - Ref 12/2026
DOC-107485;2026-12-02;202612;4.04.001;CC3001;2711.93;Lancamento Contabil - 4.04.001 - Ref 12/2026
DOC-107486;2026-12-04;202612;4.04.001;CC3001;4936.05;Lancamento Contabil - 4.04.001 - Ref 12/2026
DOC-107487;2026-12-09;202612;4.04.001;CC3001;3749.32;Lancamento Contabil - 4.04.001 - Ref 12/2026
DOC-107488;2026-12-11;202612;4.04.001;CC3001;2172.87;Lancamento Contabil - 4.04.001 - Ref 12/2026
DOC-107489;2026-12-12;202612;4.04.001;CC3001;15256.34;Lancamento Contabil - 4.04.001 - Ref 12/2026
DOC-107490;2026-12-14;202612;4.04.001;CC3001;3258.25;Lancamento Contabil - 4.04.001 - Ref 12/2026
DOC-107491;2026-12-18;202612;4.04.001;CC3001;6791.92;Lancamento Contabil - 4.04.001 - Ref 12/2026
DOC-107492;2026-12-20;202612;4.04.001;CC3001;5469.18;Lancamento Contabil - 4.04.001 - Ref 12/2026
DOC-107493;2026-12-21;202612;4.04.001;CC3001;45115.74;Lancamento Contabil - 4.04.001 - Ref 12/2026
DOC-107494;2026-12-22;202612;4.04.001;CC3001;5565.17;Lancamento Contabil - 4.04.001 - Ref 12/2026
DOC-107495;2026-12-27;202612;4.04.001;CC3001;935.17;Lancamento Contabil - 4.04.001 - Ref 12/2026
DOC-107496;2026-12-31;202612;4.04.001;CC3001;1055.84;Lancamento Contabil - 4.04.001 - Ref 12/2026
DOC-107497;2026-12-04;202612;4.05.001;CC4001;45562.13;Lancamento Contabil - 4.05.001 - Ref 12/2026
DOC-107498;2026-12-09;202612;4.05.001;CC4001;46646.45;Lancamento Contabil - 4.05.001 - Ref 12/2026
DOC-107499;2026-12-13;202612;4.05.001;CC4001;27670.12;Lancamento Contabil - 4.05.001 - Ref 12/2026
DOC-107500;2026-12-15;202612;4.05.001;CC4001;28831.26;Lancamento Contabil - 4.05.001 - Ref 12/2026
DOC-107501;2026-12-19;202612;4.05.001;CC4001;2827.31;Lancamento Contabil - 4.05.001 - Ref 12/2026
DOC-107502;2026-12-21;202612;4.05.001;CC4001;37064.19;Lancamento Contabil - 4.05.001 - Ref 12/2026
DOC-107503;2026-12-22;202612;4.05.001;CC4001;35833.71;Lancamento Contabil - 4.05.001 - Ref 12/2026
DOC-107504;2026-12-26;202612;4.05.001;CC4001;8260.85;Lancamento Contabil - 4.05.001 - Ref 12/2026
DOC-107505;2026-12-07;202612;4.06.001;CC3001;2698.88;Lancamento Contabil - 4.06.001 - Ref 12/2026
DOC-107506;2026-12-11;202612;4.06.001;CC3001;3572.79;Lancamento Contabil - 4.06.001 - Ref 12/2026
DOC-107507;2026-12-17;202612;4.06.001;CC3001;2352.03;Lancamento Contabil - 4.06.001 - Ref 12/2026
DOC-107508;2026-12-19;202612;4.06.001;CC3001;39062.27;Lancamento Contabil - 4.06.001 - Ref 12/2026
DOC-107509;2026-12-22;202612;4.06.001;CC3001;23791.24;Lancamento Contabil - 4.06.001 - Ref 12/2026
DOC-107510;2026-12-24;202612;4.06.001;CC3001;3232.49;Lancamento Contabil - 4.06.001 - Ref 12/2026
DOC-107511;2026-12-25;202612;4.06.001;CC3001;4896.11;Lancamento Contabil - 4.06.001 - Ref 12/2026
DOC-107512;2026-12-01;202612;4.06.001;CC1005;3466.06;Lancamento Contabil - 4.06.001 - Ref 12/2026
DOC-107513;2026-12-03;202612;4.06.001;CC1005;9960.78;Lancamento Contabil - 4.06.001 - Ref 12/2026
DOC-107514;2026-12-11;202612;4.06.001;CC1005;291.39;Lancamento Contabil - 4.06.001 - Ref 12/2026
DOC-107515;2026-12-18;202612;4.06.001;CC1005;16372.29;Lancamento Contabil - 4.06.001 - Ref 12/2026
DOC-107516;2026-12-22;202612;4.06.001;CC1005;10895.62;Lancamento Contabil - 4.06.001 - Ref 12/2026
DOC-107517;2026-12-29;202612;4.06.001;CC1005;33677.83;Lancamento Contabil - 4.06.001 - Ref 12/2026
DOC-107518;2026-12-04;202612;5.01.001;CC3001;338361.88;Lancamento Contabil - 5.01.001 - Ref 12/2026
DOC-107519;2026-12-14;202612;5.01.001;CC3001;29315.65;Lancamento Contabil - 5.01.001 - Ref 12/2026
DOC-107520;2026-12-17;202612;5.01.001;CC3001;109572.69;Lancamento Contabil - 5.01.001 - Ref 12/2026
DOC-107521;2026-12-22;202612;5.01.001;CC3001;40196.09;Lancamento Contabil - 5.01.001 - Ref 12/2026
DOC-107522;2026-12-01;202612;5.02.001;CC3001;11103.82;Lancamento Contabil - 5.02.001 - Ref 12/2026
DOC-107523;2026-12-02;202612;5.02.001;CC3001;11538.36;Lancamento Contabil - 5.02.001 - Ref 12/2026
DOC-107524;2026-12-03;202612;5.02.001;CC3001;30685.6;Lancamento Contabil - 5.02.001 - Ref 12/2026
DOC-107525;2026-12-07;202612;5.02.001;CC3001;20018.38;Lancamento Contabil - 5.02.001 - Ref 12/2026
DOC-107526;2026-12-08;202612;5.02.001;CC3001;111469.73;Lancamento Contabil - 5.02.001 - Ref 12/2026
DOC-107527;2026-12-09;202612;5.02.001;CC3001;5102.48;Lancamento Contabil - 5.02.001 - Ref 12/2026
DOC-107528;2026-12-10;202612;5.02.001;CC3001;137397.91;Lancamento Contabil - 5.02.001 - Ref 12/2026
DOC-107529;2026-12-12;202612;5.02.001;CC3001;9902.72;Lancamento Contabil - 5.02.001 - Ref 12/2026
DOC-107530;2026-12-20;202612;5.02.001;CC3001;55982.51;Lancamento Contabil - 5.02.001 - Ref 12/2026
DOC-107531;2026-12-24;202612;5.02.001;CC3001;15634.54;Lancamento Contabil - 5.02.001 - Ref 12/2026
DOC-107532;2026-12-25;202612;5.02.001;CC3001;5831.94;Lancamento Contabil - 5.02.001 - Ref 12/2026
DOC-107533;2026-12-03;202612;5.03.001;CC3001;22511.22;Lancamento Contabil - 5.03.001 - Ref 12/2026
DOC-107534;2026-12-04;202612;5.03.001;CC3001;17493.52;Lancamento Contabil - 5.03.001 - Ref 12/2026
DOC-107535;2026-12-20;202612;5.03.001;CC3001;13358.71;Lancamento Contabil - 5.03.001 - Ref 12/2026
DOC-107536;2026-12-21;202612;5.03.001;CC3001;14334.63;Lancamento Contabil - 5.03.001 - Ref 12/2026
DOC-107537;2026-12-23;202612;5.03.001;CC3001;27581.1;Lancamento Contabil - 5.03.001 - Ref 12/2026
DOC-107538;2026-12-28;202612;5.03.001;CC3001;1922.94;Lancamento Contabil - 5.03.001 - Ref 12/2026
DOC-107539;2026-12-31;202612;5.03.001;CC3001;23091.37;Lancamento Contabil - 5.03.001 - Ref 12/2026
DOC-107540;2026-12-13;202612;6.01.001;CC3001;688497.88;Lancamento Contabil - 6.01.001 - Ref 12/2026
DOC-107541;2026-12-19;202612;6.01.001;CC3001;18121.55;Lancamento Contabil - 6.01.001 - Ref 12/2026
DOC-107542;2026-12-21;202612;6.01.001;CC3001;46147.14;Lancamento Contabil - 6.01.001 - Ref 12/2026
DOC-107543;2026-12-22;202612;6.01.001;CC3001;383895.21;Lancamento Contabil - 6.01.001 - Ref 12/2026
DOC-107544;2026-12-25;202612;6.01.001;CC3001;175042.85;Lancamento Contabil - 6.01.001 - Ref 12/2026
DOC-107545;2026-12-26;202612;6.01.001;CC3001;157319.1;Lancamento Contabil - 6.01.001 - Ref 12/2026
